method,display_name,sample_id,tokens,ce,ppl
vanilla,Vanilla,0,175.0,1.9475409984588623,7.011425259731568
vanilla,Vanilla,1,249.0,1.642099142074585,5.166002311273753
vanilla,Vanilla,2,249.0,1.898941159248352,6.678818891384441
vanilla,Vanilla,3,249.0,2.1525158882141113,8.606484133800091
vanilla,Vanilla,4,250.0,2.001268148422241,7.398432462818307
vanilla,Vanilla,5,252.0,1.857613444328308,6.408424445131212
vanilla,Vanilla,6,249.0,1.7601226568222046,5.8131503732276135
vanilla,Vanilla,7,84.0,2.318650484085083,10.161951333419957
vanilla,Vanilla,8,249.0,2.063007116317749,7.869599064315144
vanilla,Vanilla,9,249.0,1.5450799465179443,4.6883464290116725
vanilla,Vanilla,10,249.0,2.0991785526275635,8.159464588162708
vanilla,Vanilla,11,249.0,1.469517707824707,4.347138044732922
vanilla,Vanilla,12,240.0,2.0596659183502197,7.8433490535778345
vanilla,Vanilla,13,249.0,1.4306707382202148,4.181502945369233
vanilla,Vanilla,14,249.0,1.8486897945404053,6.351492308713066
vanilla,Vanilla,15,113.0,1.9256459474563599,6.859578162199802
vanilla,Vanilla,16,249.0,1.782043695449829,5.941987631201607
vanilla,Vanilla,17,249.0,1.8032312393188477,6.069226939113752
vanilla,Vanilla,18,249.0,2.0646698474884033,7.882694976453432
vanilla,Vanilla,19,149.0,1.887424349784851,6.602341440197061
vanilla,Vanilla,20,244.0,1.9305200576782227,6.89309411611158
vanilla,Vanilla,21,249.0,1.908945083618164,6.745968610791375
vanilla,Vanilla,22,250.0,1.9686691761016846,7.161139927857647
vanilla,Vanilla,23,194.0,2.240288734436035,9.396043857241864
vanilla,Vanilla,24,249.0,1.677056074142456,5.349783400189536
vanilla,Vanilla,25,250.0,1.8814729452133179,6.563164928436023
vanilla,Vanilla,26,249.0,1.9845035076141357,7.275434290861387
vanilla,Vanilla,27,249.0,1.9457993507385254,6.999224454747832
vanilla,Vanilla,28,238.0,1.5324134826660156,4.6293361730419464
vanilla,Vanilla,29,249.0,1.972482442855835,7.188499395988648
vanilla,Vanilla,30,248.0,2.3544445037841797,10.532276596597024
vanilla,Vanilla,31,134.0,1.98251211643219,7.260960471471053
vanilla,Vanilla,32,147.0,1.692906141281128,5.435253389454289
vanilla,Vanilla,33,249.0,1.8054460287094116,6.082683895208361
vanilla,Vanilla,34,79.0,1.9487816095352173,7.020129109499687
vanilla,Vanilla,35,249.0,1.544377088546753,4.685052345124503
vanilla,Vanilla,36,58.0,2.161571741104126,8.684777158013954
vanilla,Vanilla,37,249.0,1.6714123487472534,5.319675731377419
vanilla,Vanilla,38,249.0,0.9831787347793579,2.6729393172339697
vanilla,Vanilla,39,249.0,1.7248929738998413,5.611920375598696
vanilla,Vanilla,40,248.0,1.371461033821106,3.9411045782195884
vanilla,Vanilla,41,249.0,1.0534753799438477,2.8675998191899903
vanilla,Vanilla,42,193.0,1.8629024028778076,6.44240812631068
vanilla,Vanilla,43,249.0,1.6883898973464966,5.410761805912243
vanilla,Vanilla,44,249.0,1.9043523073196411,6.715056925609205
vanilla,Vanilla,45,249.0,2.0303144454956055,7.616480950403188
vanilla,Vanilla,46,249.0,1.62263822555542,5.0664391093914976
vanilla,Vanilla,47,249.0,2.4225730895996094,11.274833178711658
vanilla,Vanilla,48,249.0,1.4157021045684814,4.119377684777308
vanilla,Vanilla,49,249.0,1.665048360824585,5.285928875458693
vanilla,Vanilla,50,137.0,1.3808708190917969,3.9783645552929694
vanilla,Vanilla,51,249.0,1.964146614074707,7.128826353499523
vanilla,Vanilla,52,249.0,1.641910433769226,5.165027535709128
vanilla,Vanilla,53,248.0,1.6559563875198364,5.238087168558252
vanilla,Vanilla,54,249.0,2.130478858947754,8.418897310650232
vanilla,Vanilla,55,250.0,2.1827261447906494,8.870455472615271
vanilla,Vanilla,56,249.0,1.5946756601333618,4.926730877718215
vanilla,Vanilla,57,249.0,1.5312598943710327,4.623998904116552
vanilla,Vanilla,58,249.0,1.827081561088562,6.215719963220462
vanilla,Vanilla,59,249.0,1.950667142868042,7.033378283891028
vanilla,Vanilla,60,248.0,1.7737172842025757,5.892717604464173
vanilla,Vanilla,61,84.0,2.586507797241211,13.283302524976694
vanilla,Vanilla,62,173.0,1.3412494659423828,3.823818252479539
vanilla,Vanilla,63,249.0,0.899063766002655,2.4573014247309763
vanilla,Vanilla,64,249.0,1.8505743741989136,6.3634734881166635
vanilla,Vanilla,65,249.0,1.8681211471557617,6.476117290102393
vanilla,Vanilla,66,189.0,2.1260483264923096,8.381679620848367
vanilla,Vanilla,67,249.0,2.0704917907714844,7.928721431223193
vanilla,Vanilla,68,249.0,1.7343629598617554,5.665317619291456
vanilla,Vanilla,69,249.0,2.0859885215759277,8.05254766572878
vanilla,Vanilla,70,249.0,2.0419774055480957,7.705831697743787
vanilla,Vanilla,71,249.0,1.8571304082870483,6.405329692655188
vanilla,Vanilla,72,249.0,1.8163832426071167,6.149576653422034
vanilla,Vanilla,73,68.0,2.7090907096862793,15.015615751513911
vanilla,Vanilla,74,249.0,1.8277339935302734,6.219776623777637
vanilla,Vanilla,75,249.0,1.9104753732681274,6.756299799574961
vanilla,Vanilla,76,249.0,1.913661241531372,6.777858804523334
vanilla,Vanilla,77,249.0,1.8786685466766357,6.544784982707153
vanilla,Vanilla,78,247.0,1.8798123598098755,6.552275276656265
vanilla,Vanilla,79,249.0,1.4587332010269165,4.300508196836153
vanilla,Vanilla,80,250.0,2.356074333190918,10.549456406991194
vanilla,Vanilla,81,249.0,1.9385195970535278,6.948456836809646
vanilla,Vanilla,82,107.0,2.2516093254089355,9.503016983584411
vanilla,Vanilla,83,249.0,1.5226222276687622,4.584230343794126
vanilla,Vanilla,84,249.0,1.6287537813186646,5.097518136183808
vanilla,Vanilla,85,249.0,1.706841230392456,5.511524316633038
vanilla,Vanilla,86,249.0,1.7925662994384766,6.004842934712827
vanilla,Vanilla,87,249.0,1.7947204113006592,6.01779197994783
vanilla,Vanilla,88,250.0,1.7908705472946167,5.994668838243728
vanilla,Vanilla,89,231.0,1.784554362297058,5.956924725741671
vanilla,Vanilla,90,250.0,2.295212984085083,9.9265499843226
vanilla,Vanilla,91,249.0,1.8082506656646729,6.09976756078962
vanilla,Vanilla,92,67.0,1.5097355842590332,4.52553401366791
vanilla,Vanilla,93,249.0,1.0768256187438965,2.9353468361279833
vanilla,Vanilla,94,250.0,1.5449668169021606,4.687816068181822
vanilla,Vanilla,95,77.0,2.460967540740967,11.716141902420864
vanilla,Vanilla,96,187.0,1.0977141857147217,2.9973069006610897
vanilla,Vanilla,97,247.0,2.071434736251831,7.936201309266064
vanilla,Vanilla,98,249.0,1.9605839252471924,7.103473752027808
vanilla,Vanilla,99,232.0,1.7057453393936157,5.505487595143085
vanilla,Vanilla,100,249.0,1.7602163553237915,5.813695082225895
vanilla,Vanilla,101,249.0,1.5750705003738403,4.831082199205688
vanilla,Vanilla,102,125.0,2.4782445430755615,11.92032043105203
vanilla,Vanilla,103,185.0,1.7623728513717651,5.8262458206398255
vanilla,Vanilla,104,249.0,1.5408333539962769,4.668479146111198
vanilla,Vanilla,105,249.0,2.1538383960723877,8.61787380650493
vanilla,Vanilla,106,247.0,2.1999080181121826,9.024183399832514
vanilla,Vanilla,107,249.0,1.964688777923584,7.132692393352135
vanilla,Vanilla,108,249.0,2.1686806678771973,8.746736574411882
vanilla,Vanilla,109,212.0,1.4810941219329834,4.397754729501677
vanilla,Vanilla,110,249.0,1.861920952796936,6.4360883261255974
vanilla,Vanilla,111,250.0,2.0262434482574463,7.585537305970903
vanilla,Vanilla,112,249.0,1.93438720703125,6.9198023496422865
vanilla,Vanilla,113,249.0,1.7004259824752808,5.476279694111387
vanilla,Vanilla,114,249.0,1.7689038515090942,5.864421560078846
vanilla,Vanilla,115,107.0,1.560410737991333,4.760776275292288
vanilla,Vanilla,116,75.0,3.2787413597106934,26.542344403147997
vanilla,Vanilla,117,249.0,1.6623448133468628,5.271657416256501
vanilla,Vanilla,118,249.0,2.091742992401123,8.099019398215685
vanilla,Vanilla,119,250.0,1.3769826889038086,3.9629261886056906
vanilla,Vanilla,120,150.0,2.294443368911743,9.918913299866803
vanilla,Vanilla,121,145.0,2.4845075607299805,11.995211886809104
vanilla,Vanilla,123,249.0,1.8162004947662354,6.1484529342480405
vanilla,Vanilla,124,246.0,2.1193430423736572,8.325666080817065
vanilla,Vanilla,125,249.0,1.9416697025299072,6.9703797203126605
vanilla,Vanilla,126,250.0,1.6460676193237305,5.186544206978759
vanilla,Vanilla,127,249.0,1.881941556930542,6.566241225161612
vanilla,Vanilla,128,249.0,1.7994025945663452,6.046034451470247
vanilla,Vanilla,129,110.0,2.4454493522644043,11.53573204169493
vanilla,Vanilla,130,249.0,1.6382019519805908,5.1459085981826
vanilla,Vanilla,131,117.0,2.13472056388855,8.454683632822865
vanilla,Vanilla,132,249.0,1.8413575887680054,6.3050921756826
vanilla,Vanilla,133,249.0,2.059811592102051,7.844491706886666
vanilla,Vanilla,134,250.0,2.0347561836242676,7.650386608530248
vanilla,Vanilla,135,249.0,1.7031463384628296,5.4911974059103885
vanilla,Vanilla,136,249.0,2.3124334812164307,10.098970431908421
vanilla,Vanilla,137,250.0,2.072390079498291,7.943786728351943
vanilla,Vanilla,138,249.0,1.7608556747436523,5.817413078760167
vanilla,Vanilla,139,249.0,1.8151978254318237,6.142291158664735
vanilla,Vanilla,140,249.0,1.5716959238052368,4.814806819118411
vanilla,Vanilla,141,249.0,1.715396761894226,5.558880626887084
vanilla,Vanilla,142,249.0,1.981583595275879,7.254221645113732
vanilla,Vanilla,143,249.0,2.0205366611480713,7.5423715455079146
vanilla,Vanilla,144,250.0,1.2711318731307983,3.5648852775240187
vanilla,Vanilla,145,249.0,1.704751968383789,5.500021318840819
vanilla,Vanilla,146,249.0,1.8427060842514038,6.31360029929776
vanilla,Vanilla,148,213.0,1.8332364559173584,6.254095042020377
vanilla,Vanilla,149,249.0,1.8127654790878296,6.127369134343802
vanilla,Vanilla,150,249.0,1.520851492881775,4.576120070343621
vanilla,Vanilla,151,250.0,1.6235053539276123,5.070834267797116
vanilla,Vanilla,152,249.0,1.8137844800949097,6.133616111960137
vanilla,Vanilla,153,249.0,0.7903763055801392,2.2042257326529215
vanilla,Vanilla,154,249.0,2.1792073249816895,8.83929679122718
vanilla,Vanilla,155,249.0,1.7913479804992676,5.99753157552653
vanilla,Vanilla,156,101.0,1.8298083543777466,6.232692075908908
vanilla,Vanilla,157,249.0,1.8958210945129395,6.6580130188003155
vanilla,Vanilla,158,249.0,1.6940590143203735,5.44152315997872
vanilla,Vanilla,159,249.0,1.8364617824554443,6.274299105567501
vanilla,Vanilla,160,247.0,1.7834962606430054,5.950625027284726
vanilla,Vanilla,161,248.0,2.1617376804351807,8.68621842370394
vanilla,Vanilla,162,249.0,1.7943865060806274,6.015782943225251
vanilla,Vanilla,163,249.0,1.7902745008468628,5.991096801832792
vanilla,Vanilla,164,249.0,1.835399866104126,6.267639861160282
vanilla,Vanilla,165,88.0,3.102464199066162,22.252718903708217
vanilla,Vanilla,166,249.0,1.7432624101638794,5.715960846084314
vanilla,Vanilla,167,235.0,1.6835652589797974,5.384719709275092
vanilla,Vanilla,168,249.0,1.578470230102539,4.847534523862185
vanilla,Vanilla,169,240.0,1.5384562015533447,4.657394639504965
vanilla,Vanilla,170,249.0,1.7453680038452148,5.728009016949491
vanilla,Vanilla,171,248.0,2.2711331844329834,9.690375577437058
vanilla,Vanilla,172,249.0,2.132084608078003,8.432426807266104
vanilla,Vanilla,173,249.0,1.9434027671813965,6.982470312876498
vanilla,Vanilla,174,249.0,1.0928786993026733,2.982848448865998
vanilla,Vanilla,175,248.0,1.5501104593276978,4.71199063716358
vanilla,Vanilla,176,144.0,2.0111782550811768,7.472116221547297
vanilla,Vanilla,177,249.0,1.8549171686172485,6.391168839342908
vanilla,Vanilla,178,251.0,1.7505534887313843,5.757788665363762
vanilla,Vanilla,179,249.0,1.746720790863037,5.735763036771755
vanilla,Vanilla,180,249.0,1.6286838054656982,5.097161445484232
vanilla,Vanilla,181,249.0,1.2831398248672485,3.6079502917244963
vanilla,Vanilla,182,156.0,1.6017322540283203,4.961619770349645
vanilla,Vanilla,183,248.0,2.011850595474243,7.477141716336989
vanilla,Vanilla,184,249.0,1.8835818767547607,6.577020799371479
vanilla,Vanilla,185,249.0,2.0698904991149902,7.923955390213877
vanilla,Vanilla,186,249.0,2.024906873703003,7.575405442329851
vanilla,Vanilla,187,249.0,2.240365505218506,9.396765226570603
vanilla,Vanilla,188,250.0,1.6883469820022583,5.410529606189252
vanilla,Vanilla,189,249.0,1.7275420427322388,5.626806447364635
vanilla,Vanilla,190,251.0,1.9250661134719849,6.85560189856068
vanilla,Vanilla,191,78.0,2.373105049133301,10.730659834712375
vanilla,Vanilla,192,75.0,2.7579290866851807,15.767156700001898
vanilla,Vanilla,193,249.0,2.2579543590545654,9.563505644437834
vanilla,Vanilla,194,249.0,1.1569786071777344,3.1803097801140185
vanilla,Vanilla,195,249.0,1.819069504737854,6.166118235872438
vanilla,Vanilla,196,122.0,1.8175547122955322,6.15678491737512
vanilla,Vanilla,197,243.0,2.167320966720581,8.734851708339159
vanilla,Vanilla,198,91.0,1.7786705493927002,5.921978205382271
vanilla,Vanilla,199,249.0,1.7280659675598145,5.629755243368638
vanilla,Vanilla,200,249.0,1.9644126892089844,7.130723409297266
vanilla,Vanilla,201,250.0,1.1957288980484009,3.3059666051041403
vanilla,Vanilla,202,249.0,2.4044766426086426,11.072633820756376
vanilla,Vanilla,203,109.0,1.445906162261963,4.245697691235369
vanilla,Vanilla,204,249.0,1.5874418020248413,4.891220200063853
vanilla,Vanilla,205,249.0,2.078155279159546,7.98971651488623
vanilla,Vanilla,206,225.0,2.0959222316741943,8.132937965694145
vanilla,Vanilla,207,249.0,1.7101013660430908,5.529521954977598
vanilla,Vanilla,209,248.0,2.007519245147705,7.444825632784284
vanilla,Vanilla,210,250.0,2.1003646850585938,8.169148535817387
vanilla,Vanilla,211,249.0,2.1749823093414307,8.802029407113302
vanilla,Vanilla,212,249.0,2.0295517444610596,7.610674067242108
vanilla,Vanilla,213,249.0,1.3956797122955322,4.037718126769493
vanilla,Vanilla,214,249.0,1.0771260261535645,2.936228768530383
vanilla,Vanilla,215,249.0,1.6840832233428955,5.3875095246398645
vanilla,Vanilla,216,250.0,1.617950439453125,5.042744308018413
vanilla,Vanilla,217,249.0,1.6898727416992188,5.418791075107058
vanilla,Vanilla,218,249.0,1.9910622835159302,7.323309062290832
vanilla,Vanilla,219,249.0,1.724725365638733,5.610979850205178
vanilla,Vanilla,220,249.0,2.141911268234253,8.51569786792459
vanilla,Vanilla,221,249.0,1.6277085542678833,5.092192855884354
vanilla,Vanilla,222,191.0,1.7049601078033447,5.501166209229943
vanilla,Vanilla,223,76.0,2.844019651412964,17.184703408554824
vanilla,Vanilla,224,250.0,1.9393068552017212,6.953929219878237
vanilla,Vanilla,225,250.0,1.7851101160049438,5.960236228850431
vanilla,Vanilla,226,247.0,1.9271044731140137,6.869590332678913
vanilla,Vanilla,227,249.0,1.9344415664672852,6.920178516419502
vanilla,Vanilla,228,249.0,2.0089263916015625,7.455308966836409
vanilla,Vanilla,229,251.0,2.23275089263916,9.325484232866343
vanilla,Vanilla,230,197.0,1.931605577468872,6.9005807689131595
vanilla,Vanilla,231,250.0,1.9350570440292358,6.92443904201551
vanilla,Vanilla,232,249.0,1.773545265197754,5.891704032225501
vanilla,Vanilla,233,249.0,2.231135368347168,9.310430849380914
vanilla,Vanilla,234,249.0,1.5501409769058228,4.712134437900188
vanilla,Vanilla,235,238.0,1.048763394355774,2.8541195146117606
vanilla,Vanilla,236,249.0,1.5170536041259766,4.558773436526631
vanilla,Vanilla,237,249.0,1.4411054849624634,4.2253643127538565
vanilla,Vanilla,238,249.0,1.703675627708435,5.494104606950086
vanilla,Vanilla,239,249.0,2.1013989448547363,8.177601928465233
vanilla,Vanilla,240,250.0,1.5556316375732422,4.738078328489496
vanilla,Vanilla,241,249.0,1.5683740377426147,4.798839115581215
vanilla,Vanilla,242,249.0,0.4464048147201538,1.5626839359688662
vanilla,Vanilla,243,54.0,3.5465030670166016,34.69179025954588
vanilla,Vanilla,244,250.0,1.7504074573516846,5.756947908930845
vanilla,Vanilla,245,150.0,2.0714921951293945,7.936657327586437
vanilla,Vanilla,246,249.0,1.4873360395431519,4.425291002361631
vanilla,Vanilla,247,249.0,1.8579416275024414,6.410527927351665
vanilla,Vanilla,248,249.0,1.611799955368042,5.011824173775268
vanilla,Vanilla,249,249.0,1.8168432712554932,6.152406285664041
vanilla,Vanilla,250,250.0,2.0339605808258057,7.644302360178629
vanilla,Vanilla,251,247.0,1.7692962884902954,5.866723427611805
vanilla,Vanilla,252,248.0,2.3012683391571045,9.986841127030107
vanilla,Vanilla,253,249.0,1.2646222114562988,3.541754449074681
vanilla,Vanilla,254,114.0,2.179727554321289,8.843896449094157
vanilla,Vanilla,255,249.0,1.794201374053955,6.014669332222662
vanilla,Vanilla,256,178.0,2.1690268516540527,8.74976507689334
vanilla,Vanilla,257,249.0,1.7093561887741089,5.525403015768948
vanilla,Vanilla,258,137.0,1.6675677299499512,5.299262871041983
vanilla,Vanilla,259,133.0,1.6367636919021606,5.138512763120655
vanilla,Vanilla,260,249.0,1.9598289728164673,7.098112991066497
vanilla,Vanilla,261,249.0,2.040698528289795,7.695983183691866
vanilla,Vanilla,262,107.0,2.155355215072632,8.630955479993666
vanilla,Vanilla,263,249.0,1.783205509185791,5.94889512588457
vanilla,Vanilla,264,249.0,1.8654351234436035,6.458745626293227
vanilla,Vanilla,265,162.0,1.7711820602416992,5.877797166915633
vanilla,Vanilla,266,249.0,1.8710960149765015,6.495411567765659
vanilla,Vanilla,267,249.0,1.5971029996871948,4.938704252292736
vanilla,Vanilla,268,152.0,1.9399805068969727,6.958615324309748
vanilla,Vanilla,269,249.0,1.8148399591445923,6.1400934330021055
vanilla,Vanilla,270,249.0,1.8626015186309814,6.44046999878449
vanilla,Vanilla,271,249.0,1.9406183958053589,6.963055563882077
vanilla,Vanilla,272,249.0,1.959424376487732,7.095241701505139
vanilla,Vanilla,273,250.0,1.9329349994659424,6.909760653398079
vanilla,Vanilla,274,249.0,1.7356486320495605,5.672606044848726
vanilla,Vanilla,275,249.0,2.117335557937622,8.308969200711031
vanilla,Vanilla,276,252.0,2.034411668777466,7.64775139072173
vanilla,Vanilla,277,249.0,1.930303692817688,6.891602854098662
vanilla,Vanilla,278,83.0,3.8381307125091553,46.438586187275725
vanilla,Vanilla,279,171.0,2.6710638999938965,14.455340051017115
vanilla,Vanilla,280,178.0,1.823625922203064,6.194277749225997
vanilla,Vanilla,281,249.0,1.8270574808120728,6.2155702887672755
vanilla,Vanilla,282,250.0,2.163222312927246,8.699123843341166
vanilla,Vanilla,283,249.0,1.8595495223999023,6.4208436735914916
vanilla,Vanilla,284,249.0,1.9874393939971924,7.296825525078361
vanilla,Vanilla,285,197.0,1.663233757019043,5.276345706262719
vanilla,Vanilla,286,249.0,2.096567392349243,8.138186710402003
vanilla,Vanilla,287,221.0,1.0224084854125977,2.7798820129377826
vanilla,Vanilla,288,249.0,1.5910427570343018,4.908865013969653
vanilla,Vanilla,289,249.0,1.4325796365737915,4.189492632781568
vanilla,Vanilla,290,249.0,1.9795396327972412,7.23940943122096
vanilla,Vanilla,291,249.0,1.5939719676971436,4.923265193995005
vanilla,Vanilla,292,249.0,2.0744457244873047,7.960133129176129
vanilla,Vanilla,293,248.0,2.313279628753662,10.10751926714584
vanilla,Vanilla,294,250.0,2.055711030960083,7.812390749963596
vanilla,Vanilla,295,249.0,1.9205398559570312,6.8246417984972085
vanilla,Vanilla,296,249.0,1.9191452264785767,6.815130585715594
vanilla,Vanilla,297,249.0,1.615683674812317,5.031326539114693
vanilla,Vanilla,298,249.0,2.0748438835144043,7.963303159084559
vanilla,Vanilla,299,249.0,1.9948607683181763,7.351179439557729
vanilla,Vanilla,300,249.0,2.061208963394165,7.855461036727469
vanilla,Vanilla,301,249.0,2.0496442317962646,7.765138025620657
vanilla,Vanilla,302,249.0,1.0018373727798462,2.7232809166865386
vanilla,Vanilla,303,59.0,1.5948641300201416,4.927659505635383
vanilla,Vanilla,304,95.0,2.1781225204467773,8.829713081148544
vanilla,Vanilla,305,249.0,1.3027476072311401,3.679392316764396
vanilla,Vanilla,306,248.0,1.243662714958191,3.468293599573671
vanilla,Vanilla,307,249.0,1.7456505298614502,5.729627557147101
vanilla,Vanilla,308,54.0,3.236024856567383,25.432423012928236
vanilla,Vanilla,309,248.0,1.5900009870529175,4.903753768588698
vanilla,Vanilla,310,251.0,1.7730813026428223,5.888971136199544
vanilla,Vanilla,311,168.0,2.473557710647583,11.864582605657544
vanilla,Vanilla,312,249.0,0.8403803110122681,2.3172480841876206
vanilla,Vanilla,313,249.0,1.6863603591918945,5.399791594378664
vanilla,Vanilla,314,134.0,1.5001075267791748,4.482170997838653
vanilla,Vanilla,315,249.0,2.0056445598602295,7.43088200174634
vanilla,Vanilla,316,250.0,1.7562541961669922,5.790705870553845
vanilla,Vanilla,317,188.0,1.9822028875350952,7.258715519792466
vanilla,Vanilla,318,249.0,1.389748454093933,4.013840260909756
vanilla,Vanilla,319,82.0,2.6741409301757812,14.499888071296166
vanilla,Vanilla,320,249.0,1.885209321975708,6.587733255042483
vanilla,Vanilla,321,249.0,2.2243638038635254,9.247597646153926
vanilla,Vanilla,322,251.0,2.0390591621398926,7.6833769852810665
vanilla,Vanilla,323,250.0,1.555923342704773,4.739460651857119
vanilla,Vanilla,324,249.0,1.4562894105911255,4.290011487139027
vanilla,Vanilla,325,249.0,1.9502062797546387,7.03013760608916
vanilla,Vanilla,326,249.0,1.7832605838775635,5.949222768472339
vanilla,Vanilla,327,249.0,1.7929352521896362,6.007058846792163
vanilla,Vanilla,328,249.0,1.6578232049942017,5.247874854285626
vanilla,Vanilla,329,249.0,1.6997743844985962,5.472712523649686
vanilla,Vanilla,330,249.0,1.3474136590957642,3.8474618036134256
vanilla,Vanilla,331,100.0,1.9656274318695068,7.139390666400619
vanilla,Vanilla,332,223.0,1.5209285020828247,4.576472487263644
vanilla,Vanilla,333,200.0,1.977817416191101,7.226952330072106
vanilla,Vanilla,334,249.0,2.198679208755493,9.013101209178586
vanilla,Vanilla,335,249.0,1.9075604677200317,6.736634498975629
vanilla,Vanilla,336,251.0,1.4764000177383423,4.377159586270191
vanilla,Vanilla,337,248.0,2.1894538402557373,8.930334393390956
vanilla,Vanilla,338,249.0,1.9167497158050537,6.798824406267228
vanilla,Vanilla,339,250.0,2.0000696182250977,7.389570529808079
vanilla,Vanilla,340,249.0,1.6976243257522583,5.4609585106592275
vanilla,Vanilla,341,203.0,1.8957017660140991,6.657218575502329
vanilla,Vanilla,342,161.0,1.4852968454360962,4.416276169648356
vanilla,Vanilla,343,249.0,1.479846477508545,4.392271316719356
vanilla,Vanilla,344,141.0,2.38244891166687,10.831395542488854
vanilla,Vanilla,345,249.0,1.6733866930007935,5.330188977556868
vanilla,Vanilla,346,249.0,2.0741324424743652,7.957639753231465
vanilla,Vanilla,347,250.0,2.4285128116607666,11.342001838185956
vanilla,Vanilla,348,212.0,1.8125091791152954,6.125798891038216
vanilla,Vanilla,349,250.0,1.6112391948699951,5.009014528598097
vanilla,Vanilla,350,101.0,1.102017879486084,3.010234189293082
vanilla,Vanilla,351,249.0,1.6899293661117554,5.419097919655709
vanilla,Vanilla,352,159.0,1.6394340991973877,5.152253022969745
vanilla,Vanilla,353,207.0,1.989116907119751,7.309076318209959
vanilla,Vanilla,354,249.0,1.6216776371002197,5.061574683203906
vanilla,Vanilla,355,249.0,2.0541536808013916,7.800233590923264
vanilla,Vanilla,356,214.0,1.8403306007385254,6.2986202453597215
vanilla,Vanilla,357,249.0,2.019700527191162,7.536067748319792
vanilla,Vanilla,358,249.0,1.8410379886627197,6.303077389539498
vanilla,Vanilla,359,247.0,1.8849053382873535,6.585730995932193
vanilla,Vanilla,360,249.0,1.5897722244262695,4.902632101298829
vanilla,Vanilla,361,249.0,1.407053828239441,4.083905774781786
vanilla,Vanilla,362,249.0,1.8022406101226807,6.063217562732989
vanilla,Vanilla,363,167.0,2.5064046382904053,12.260768821516782
vanilla,Vanilla,364,249.0,1.8384681940078735,6.28690056941016
vanilla,Vanilla,365,249.0,1.4779961109161377,4.384151519227869
vanilla,Vanilla,366,250.0,2.2996609210968018,9.970800993291174
vanilla,Vanilla,367,249.0,1.5331318378448486,4.632662875390283
vanilla,Vanilla,368,249.0,2.5321640968322754,12.580702556761715
vanilla,Vanilla,369,249.0,1.6468755006790161,5.190736012354657
vanilla,Vanilla,370,59.0,3.138476848602295,23.06870295839422
vanilla,Vanilla,371,218.0,1.7504230737686157,5.7570378125316255
vanilla,Vanilla,372,56.0,3.3762691020965576,29.261395925621095
vanilla,Vanilla,373,250.0,2.2539589405059814,9.52537166792399
vanilla,Vanilla,374,250.0,1.9821127653121948,7.2580613776912335
vanilla,Vanilla,375,227.0,1.4614081382751465,4.312027185816057
vanilla,Vanilla,376,249.0,1.7150830030441284,5.557136752486081
vanilla,Vanilla,377,197.0,1.6460363864898682,5.186382219034908
vanilla,Vanilla,378,250.0,1.7195171117782593,5.581832412254951
vanilla,Vanilla,379,249.0,1.8305284976959229,6.237182124006644
vanilla,Vanilla,380,249.0,1.569494366645813,4.804218406469083
vanilla,Vanilla,381,250.0,1.9484931230545044,7.018104189253839
vanilla,Vanilla,382,249.0,2.4795873165130615,11.93633747191523
vanilla,Vanilla,383,230.0,0.570545494556427,1.7692318946190289
vanilla,Vanilla,384,249.0,1.3556149005889893,3.8791455122859873
vanilla,Vanilla,385,116.0,1.9327832460403442,6.908712153107631
vanilla,Vanilla,386,250.0,2.158355951309204,8.656893598121076
vanilla,Vanilla,387,249.0,1.6022624969482422,4.964251331725955
vanilla,Vanilla,388,249.0,0.7696945071220398,2.159106561347126
vanilla,Vanilla,389,249.0,1.9594110250473022,7.095146970440626
vanilla,Vanilla,390,249.0,1.9868851900100708,7.29278271565306
vanilla,Vanilla,391,249.0,1.861720323562622,6.4347971881770905
vanilla,Vanilla,392,59.0,2.677546501159668,14.549352649139744
vanilla,Vanilla,393,185.0,1.8567224740982056,6.402717272566708
vanilla,Vanilla,394,249.0,1.7615687847137451,5.821563013530847
vanilla,Vanilla,395,249.0,1.856892704963684,6.403807305445419
vanilla,Vanilla,396,249.0,1.5644551515579224,4.780069812670594
vanilla,Vanilla,397,249.0,1.818873405456543,6.164909183068972
vanilla,Vanilla,398,249.0,1.839852213859558,6.295607788696066
vanilla,Vanilla,399,238.0,1.4488096237182617,4.258042823972961
vanilla,Vanilla,400,194.0,2.192586898803711,8.958357530039288
vanilla,Vanilla,401,249.0,2.094278335571289,8.119579243850936
vanilla,Vanilla,402,249.0,1.3471558094024658,3.8464698646584603
vanilla,Vanilla,403,250.0,1.8803168535232544,6.555581692304492
vanilla,Vanilla,404,249.0,1.7300678491592407,5.641036635037268
vanilla,Vanilla,405,249.0,1.4683021306991577,4.341856973589068
vanilla,Vanilla,406,249.0,1.8496938943862915,6.357873044072991
vanilla,Vanilla,407,243.0,0.9801802635192871,2.6649365894818433
vanilla,Vanilla,408,249.0,1.0222806930541992,2.7795267879572823
vanilla,Vanilla,409,249.0,1.8275450468063354,6.218601528379657
vanilla,Vanilla,410,249.0,1.4252073764801025,4.158720174090733
vanilla,Vanilla,411,249.0,1.4393484592437744,4.217946757311611
vanilla,Vanilla,412,249.0,2.069607734680176,7.9217150941994126
vanilla,Vanilla,413,249.0,1.5135430097579956,4.542797491115108
vanilla,Vanilla,414,249.0,1.6771574020385742,5.350325509951122
vanilla,Vanilla,415,241.0,2.2301137447357178,9.300923950455493
vanilla,Vanilla,416,249.0,1.9873414039611816,7.296110543913482
vanilla,Vanilla,417,250.0,2.2428388595581055,9.420035522602811
vanilla,Vanilla,418,248.0,1.6123992204666138,5.014828485182367
vanilla,Vanilla,419,249.0,2.144019842147827,8.533672790371227
vanilla,Vanilla,420,113.0,2.7558131217956543,15.733829222338109
vanilla,Vanilla,421,249.0,0.8464669585227966,2.331395367557569
vanilla,Vanilla,422,249.0,1.9083048105239868,6.7416507310543405
vanilla,Vanilla,423,250.0,2.1861824989318848,8.901167954153813
vanilla,Vanilla,424,249.0,1.8480929136276245,6.3477023553742455
vanilla,Vanilla,425,224.0,1.903870701789856,6.711823695694206
vanilla,Vanilla,426,249.0,1.8231728076934814,6.191471667887534
vanilla,Vanilla,427,249.0,1.8947298526763916,6.650751479214409
vanilla,Vanilla,428,249.0,0.7771629691123962,2.1752921320604504
vanilla,Vanilla,429,139.0,1.5685091018676758,4.799487310360614
vanilla,Vanilla,430,249.0,1.7749125957489014,5.899765449201976
vanilla,Vanilla,431,230.0,1.938098669052124,6.945532652239246
vanilla,Vanilla,432,251.0,1.837188959121704,6.278863288756838
vanilla,Vanilla,433,250.0,1.8965739011764526,6.663027102447619
vanilla,Vanilla,434,251.0,2.238626003265381,9.380433743547309
vanilla,Vanilla,435,250.0,2.086171865463257,8.054024186472107
vanilla,Vanilla,436,248.0,1.239243507385254,3.453000307238971
vanilla,Vanilla,437,249.0,1.8094569444656372,6.107130020785954
vanilla,Vanilla,438,249.0,2.2143967151641846,9.155883839241165
vanilla,Vanilla,439,157.0,2.0464556217193604,7.740417461328791
vanilla,Vanilla,440,249.0,1.7105158567428589,5.531814365460693
vanilla,Vanilla,441,251.0,1.7729192972183228,5.888017168206839
vanilla,Vanilla,442,232.0,1.6955727338790894,5.449766337370609
vanilla,Vanilla,443,56.0,2.709474802017212,15.02138424211388
vanilla,Vanilla,444,250.0,0.532454788684845,1.7031079514896368
vanilla,Vanilla,445,249.0,1.6148433685302734,5.027100459666093
vanilla,Vanilla,446,249.0,2.02646803855896,7.587241135406217
vanilla,Vanilla,447,249.0,1.8919506072998047,6.632293071019168
vanilla,Vanilla,448,214.0,1.9632480144500732,7.1224232701492
vanilla,Vanilla,449,129.0,2.0910470485687256,8.093384896492807
vanilla,Vanilla,450,249.0,1.65659499168396,5.241433301149521
vanilla,Vanilla,451,57.0,3.1262271404266357,22.787841824676757
vanilla,Vanilla,452,249.0,1.9545379877090454,7.060656160089538
vanilla,Vanilla,453,249.0,2.117311477661133,8.308769120844337
vanilla,Vanilla,454,249.0,1.7749266624450684,5.899848439993709
vanilla,Vanilla,455,158.0,2.046497106552124,7.740738577913383
vanilla,Vanilla,456,249.0,2.108264684677124,8.233940397002094
vanilla,Vanilla,457,249.0,1.8315162658691406,6.243346057766924
vanilla,Vanilla,458,249.0,1.8180878162384033,6.160067998724033
vanilla,Vanilla,459,203.0,1.7931357622146606,6.008263443074636
vanilla,Vanilla,460,201.0,1.7621477842330933,5.824934671717577
vanilla,Vanilla,461,229.0,1.9939953088760376,7.344820044197232
vanilla,Vanilla,462,230.0,1.7272981405258179,5.62543422420795
vanilla,Vanilla,463,249.0,1.9142439365386963,6.781809379887569
vanilla,Vanilla,464,248.0,2.130324363708496,8.417596731565162
vanilla,Vanilla,465,249.0,1.48443603515625,4.412476229471311
vanilla,Vanilla,466,249.0,1.5117062330245972,4.5344610448179425
vanilla,Vanilla,467,249.0,2.3653926849365234,10.648219391988007
vanilla,Vanilla,468,249.0,1.8383853435516357,6.286379718406333
vanilla,Vanilla,469,249.0,1.8897697925567627,6.617845028487978
vanilla,Vanilla,470,246.0,0.5966799259185791,1.8160792623926114
vanilla,Vanilla,471,250.0,1.508892297744751,4.521719300538391
vanilla,Vanilla,472,243.0,0.9643174409866333,2.622996695289357
vanilla,Vanilla,473,249.0,1.8422737121582031,6.310871064785657
vanilla,Vanilla,474,249.0,1.6741578578948975,5.33430101750194
vanilla,Vanilla,475,103.0,1.7427667379379272,5.713128305112218
vanilla,Vanilla,476,249.0,2.163578987121582,8.702227149731172
vanilla,Vanilla,477,249.0,1.5843416452407837,4.8760801309981145
vanilla,Vanilla,478,249.0,2.3709557056427,10.707620729191962
vanilla,Vanilla,479,249.0,2.0732719898223877,7.950795525991332
vanilla,Vanilla,480,249.0,1.6457452774047852,5.184872635789593
vanilla,Vanilla,481,69.0,2.6281774044036865,13.848506659532772
vanilla,Vanilla,482,249.0,1.8379337787628174,6.283541651510124
vanilla,Vanilla,483,249.0,2.0312013626098633,7.623239134239961
vanilla,Vanilla,484,249.0,0.6559126973152161,1.9269003918650154
vanilla,Vanilla,485,249.0,1.8311383724212646,6.240987183928427
vanilla,Vanilla,486,248.0,1.833937406539917,6.258480390610479
vanilla,Vanilla,487,202.0,2.0888285636901855,8.075449746269431
vanilla,Vanilla,488,249.0,2.056986093521118,7.822358390253092
vanilla,Vanilla,489,249.0,1.9104533195495605,6.756150799683635
vanilla,Vanilla,490,249.0,2.0070929527282715,7.441652636413225
vanilla,Vanilla,491,249.0,1.7555001974105835,5.78634133116413
vanilla,Vanilla,492,247.0,2.1255528926849365,8.377528081892923
vanilla,Vanilla,493,249.0,1.8583893775939941,6.413398884505738
vanilla,Vanilla,494,249.0,1.6341984272003174,5.125348010466409
vanilla,Vanilla,495,249.0,1.768349289894104,5.861170278588786
vanilla,Vanilla,496,249.0,1.8577823638916016,6.4095070448234415
vanilla,Vanilla,497,249.0,1.9411407709121704,6.966693840965951
vanilla,Vanilla,498,249.0,1.9802242517471313,7.244367365057665
vanilla,Vanilla,499,133.0,1.9241338968276978,6.84921397029337
kgw,KGW,0,249.0,1.9213528633117676,6.830192538563333
kgw,KGW,1,249.0,1.9628311395645142,7.119454729561553
kgw,KGW,2,249.0,2.1818490028381348,8.862678235351503
kgw,KGW,3,249.0,2.1762685775756836,8.813358462476671
kgw,KGW,4,161.0,2.114142656326294,8.282481787915525
kgw,KGW,5,250.0,1.8142204284667969,6.13629063485252
kgw,KGW,6,249.0,2.246528148651123,9.454852943185964
kgw,KGW,7,249.0,2.008002281188965,7.448422620553242
kgw,KGW,8,250.0,1.926184058189392,6.863270368151687
kgw,KGW,9,249.0,1.5884984731674194,4.8963913429188155
kgw,KGW,10,249.0,2.5851476192474365,13.265247151242248
kgw,KGW,11,249.0,1.7753545045852661,5.902373183834509
kgw,KGW,12,249.0,2.35465145111084,10.53445644863183
kgw,KGW,13,249.0,1.9102472066879272,6.754758413607954
kgw,KGW,14,249.0,2.232402801513672,9.322238679470939
kgw,KGW,15,249.0,2.294661283493042,9.921075011231142
kgw,KGW,16,249.0,1.6683709621429443,5.303521119531329
kgw,KGW,17,144.0,2.159947395324707,8.67068152807991
kgw,KGW,18,248.0,1.5514333248138428,4.718228091695568
kgw,KGW,19,249.0,1.9481889009475708,7.015969451544371
kgw,KGW,20,249.0,1.778365135192871,5.920169825313802
kgw,KGW,21,249.0,1.9522809982299805,7.044738303395596
kgw,KGW,22,250.0,1.9158351421356201,6.792609223036841
kgw,KGW,23,103.0,3.08613920211792,21.892392501601684
kgw,KGW,24,227.0,1.7395734786987305,5.694913902499458
kgw,KGW,25,250.0,1.7723864316940308,5.884880482641482
kgw,KGW,26,250.0,1.8554507493972778,6.3945799541692265
kgw,KGW,27,249.0,1.8005205392837524,6.052797363322963
kgw,KGW,28,239.0,0.9095969796180725,2.483321502500055
kgw,KGW,29,207.0,2.3075687885284424,10.049961348009072
kgw,KGW,30,249.0,2.788769245147705,16.26099418350833
kgw,KGW,31,250.0,1.8188393115997314,6.164699001121005
kgw,KGW,32,182.0,1.4677211046218872,4.339334974208288
kgw,KGW,33,249.0,2.0265052318573,7.587523335177279
kgw,KGW,34,70.0,1.820656418800354,6.175911103776764
kgw,KGW,35,249.0,1.7426625490188599,5.7125330914574874
kgw,KGW,36,249.0,2.120633840560913,8.33641977443288
kgw,KGW,37,249.0,1.9923882484436035,7.333025953967054
kgw,KGW,38,249.0,2.279557466506958,9.772354858168189
kgw,KGW,39,249.0,2.4594457149505615,11.698325535651422
kgw,KGW,40,247.0,2.038311243057251,7.677632589454051
kgw,KGW,41,249.0,1.8901503086090088,6.62036370392042
kgw,KGW,42,141.0,2.251234531402588,9.499455977140364
kgw,KGW,43,249.0,1.4546105861663818,4.282815353284788
kgw,KGW,44,249.0,1.5832456350326538,4.870738824996514
kgw,KGW,45,249.0,2.0742039680480957,7.958208948336115
kgw,KGW,46,249.0,1.7717078924179077,5.880888714537596
kgw,KGW,47,249.0,1.639747142791748,5.1538661552523
kgw,KGW,48,249.0,1.4925411939620972,4.448385378131217
kgw,KGW,49,249.0,1.0387609004974365,2.825713504003662
kgw,KGW,50,76.0,3.010697603225708,20.301557418452326
kgw,KGW,51,249.0,1.8384324312210083,6.286675736345407
kgw,KGW,52,249.0,1.8069320917129517,6.091729866484134
kgw,KGW,53,248.0,2.120661973953247,8.336654309500174
kgw,KGW,54,250.0,2.1091105937957764,8.240908509045607
kgw,KGW,55,250.0,2.3783633708953857,10.78723370830278
kgw,KGW,56,249.0,1.8046618700027466,6.077915975319307
kgw,KGW,57,250.0,1.2407230138778687,3.458112824681324
kgw,KGW,58,249.0,2.1215498447418213,8.344059468261628
kgw,KGW,59,248.0,2.166612148284912,8.728662478194803
kgw,KGW,60,248.0,1.8558236360549927,6.396964852336547
kgw,KGW,61,249.0,2.1326940059661865,8.437567076430225
kgw,KGW,62,249.0,1.1596218347549438,3.188727182282868
kgw,KGW,63,249.0,2.178140878677368,8.829875180545264
kgw,KGW,64,250.0,2.161787986755371,8.68665540638061
kgw,KGW,65,249.0,2.180000066757202,8.846306849275557
kgw,KGW,66,250.0,2.5035288333892822,12.225559893717453
kgw,KGW,67,249.0,2.2800204753875732,9.776880592898879
kgw,KGW,68,249.0,1.2110751867294312,3.3570922137982495
kgw,KGW,69,249.0,1.9553472995758057,7.066372745845334
kgw,KGW,70,249.0,2.516786575317383,12.388722405063884
kgw,KGW,71,249.0,2.3704118728637695,10.701799157179392
kgw,KGW,72,249.0,2.0828068256378174,8.026967623067502
kgw,KGW,73,249.0,2.031400203704834,7.624755098169606
kgw,KGW,74,249.0,2.1541333198547363,8.620415797272088
kgw,KGW,75,249.0,2.0808303356170654,8.01111807006499
kgw,KGW,76,249.0,2.2420008182525635,9.412144450719122
kgw,KGW,77,250.0,2.116504430770874,8.302066259688917
kgw,KGW,78,247.0,2.426755905151367,11.322092495874594
kgw,KGW,79,249.0,1.990097165107727,7.316244611469971
kgw,KGW,80,250.0,2.607846260070801,13.569793550630433
kgw,KGW,81,249.0,1.9779753684997559,7.2280939340342965
kgw,KGW,82,126.0,2.266535758972168,9.645927050716537
kgw,KGW,83,249.0,2.2381043434143066,9.375541623999757
kgw,KGW,84,249.0,1.9911108016967773,7.323664384544041
kgw,KGW,85,249.0,1.7275104522705078,5.6266286967585195
kgw,KGW,86,249.0,1.9095158576965332,6.749820133878114
kgw,KGW,87,249.0,2.1513705253601074,8.596632229649213
kgw,KGW,88,249.0,1.5055714845657349,4.506728420226171
kgw,KGW,89,231.0,2.2346577644348145,9.34328370098921
kgw,KGW,90,249.0,2.0450100898742676,7.729236524541159
kgw,KGW,91,249.0,2.1522226333618164,8.603960610602451
kgw,KGW,92,141.0,1.7425930500030518,5.712136089825631
kgw,KGW,93,249.0,2.2504220008850098,9.491740514207574
kgw,KGW,94,249.0,2.116608142852783,8.302927328915727
kgw,KGW,95,249.0,2.184558629989624,8.886725353582175
kgw,KGW,96,249.0,2.1871800422668457,8.910051685136485
kgw,KGW,97,247.0,2.388566017150879,10.8978553952881
kgw,KGW,98,249.0,2.327294111251831,10.250168159470373
kgw,KGW,99,251.0,2.1234633922576904,8.36004150884968
kgw,KGW,100,249.0,2.0811076164245605,8.013339707346852
kgw,KGW,101,249.0,1.7895537614822388,5.986780338239906
kgw,KGW,102,249.0,1.601995825767517,4.962927685458908
kgw,KGW,103,249.0,1.7548918724060059,5.782822425475039
kgw,KGW,104,248.0,1.5199189186096191,4.5718544877951395
kgw,KGW,105,249.0,1.6417078971862793,5.16398153461154
kgw,KGW,106,203.0,2.20971941947937,9.113159059374615
kgw,KGW,107,242.0,2.5668325424194336,13.024504470435865
kgw,KGW,108,250.0,2.1022591590881348,8.18463944449093
kgw,KGW,109,250.0,2.1776273250579834,8.825341730372088
kgw,KGW,110,249.0,2.239298105239868,9.386740470732384
kgw,KGW,111,249.0,2.3002724647521973,9.976900438226165
kgw,KGW,112,249.0,1.9176565408706665,6.80499254694513
kgw,KGW,113,249.0,2.549642562866211,12.802526866223495
kgw,KGW,114,249.0,2.029285430908203,7.608647511453243
kgw,KGW,115,251.0,1.356945514678955,3.884310593564546
kgw,KGW,116,249.0,2.6107304096221924,13.608987357843828
kgw,KGW,117,249.0,2.169501304626465,8.753917413908407
kgw,KGW,118,158.0,2.5038020610809326,12.228900711607542
kgw,KGW,119,249.0,1.7493342161178589,5.750772629429037
kgw,KGW,120,249.0,2.206066370010376,9.079928971044156
kgw,KGW,121,249.0,1.8259495496749878,6.208687678342847
kgw,KGW,122,237.0,1.3537728786468506,3.8720066181539736
kgw,KGW,123,249.0,2.141174793243408,8.509428578286158
kgw,KGW,124,247.0,2.174100875854492,8.794274421894773
kgw,KGW,125,197.0,2.48734188079834,12.029258383125654
kgw,KGW,126,250.0,1.9466418027877808,7.0051234501944455
kgw,KGW,127,108.0,2.6089963912963867,13.585409572433507
kgw,KGW,128,249.0,1.7580482959747314,5.801104299963782
kgw,KGW,129,211.0,2.358299732208252,10.572959298869321
kgw,KGW,130,249.0,2.0497868061065674,7.766245213745481
kgw,KGW,131,249.0,1.721311092376709,5.591855098870945
kgw,KGW,132,249.0,1.6784037351608276,5.356997955029947
kgw,KGW,133,249.0,1.7306045293807983,5.644064880355375
kgw,KGW,134,249.0,2.530524969100952,12.560098069627765
kgw,KGW,135,249.0,1.9749865531921387,7.206522748442188
kgw,KGW,136,249.0,2.4969871044158936,12.145844616493351
kgw,KGW,137,250.0,2.2767093181610107,9.744561340661642
kgw,KGW,138,249.0,2.140148162841797,8.500697023014297
kgw,KGW,139,249.0,1.787144422531128,5.972373517605494
kgw,KGW,140,94.0,1.3210941553115845,3.747519503228591
kgw,KGW,141,249.0,2.254793405532837,9.533323574781326
kgw,KGW,142,249.0,2.5238606929779053,12.476672402561926
kgw,KGW,143,247.0,2.1066555976867676,8.220701924413293
kgw,KGW,144,250.0,1.149023175239563,3.155109414919552
kgw,KGW,145,249.0,2.161402940750122,8.683311288278382
kgw,KGW,146,249.0,2.107720136642456,8.229457841535487
kgw,KGW,147,226.0,2.689082384109497,14.71816410080254
kgw,KGW,148,251.0,2.162299394607544,8.691098966303423
kgw,KGW,149,248.0,2.194506883621216,8.975573962842738
kgw,KGW,150,249.0,1.163631558418274,3.2015387654103296
kgw,KGW,151,250.0,2.172447681427002,8.77974778741077
kgw,KGW,152,249.0,1.894582986831665,6.6497747827037825
kgw,KGW,153,249.0,1.4176582098007202,4.12744350724695
kgw,KGW,154,249.0,2.4284327030181885,11.34109328220666
kgw,KGW,155,249.0,2.0213308334350586,7.548363867120447
kgw,KGW,156,249.0,2.066227912902832,7.894986303728194
kgw,KGW,157,249.0,2.0755481719970703,7.968913597235057
kgw,KGW,158,249.0,1.3895177841186523,4.012914495253266
kgw,KGW,159,249.0,1.7965494394302368,6.028808762688623
kgw,KGW,160,249.0,1.5576077699661255,4.747450655984433
kgw,KGW,161,248.0,2.238877773284912,9.382795752863222
kgw,KGW,162,249.0,1.943306803703308,6.981800282889344
kgw,KGW,163,249.0,1.5640984773635864,4.778365189136974
kgw,KGW,164,249.0,1.8958497047424316,6.658203508805714
kgw,KGW,165,207.0,2.569973945617676,13.065484023383897
kgw,KGW,166,249.0,2.0745623111724854,7.961061228812235
kgw,KGW,167,249.0,2.074700117111206,7.962158385923731
kgw,KGW,168,250.0,1.406590461730957,4.082013867978924
kgw,KGW,169,249.0,2.0102133750915527,7.464910003251975
kgw,KGW,170,249.0,2.034693956375122,7.649910560828422
kgw,KGW,171,225.0,2.7486321926116943,15.621250402931997
kgw,KGW,172,249.0,2.0825748443603516,8.025105732834314
kgw,KGW,173,249.0,2.1122727394104004,8.267008706311822
kgw,KGW,174,249.0,0.9103569984436035,2.4852095909923158
kgw,KGW,175,248.0,1.5818448066711426,4.863920532652564
kgw,KGW,176,171.0,1.8676607608795166,6.473136460797778
kgw,KGW,177,249.0,1.462662935256958,4.317441300611376
kgw,KGW,178,102.0,2.1736202239990234,8.790048453267577
kgw,KGW,179,249.0,2.0964527130126953,8.137253482061379
kgw,KGW,180,249.0,0.9013046026229858,2.4628140098452853
kgw,KGW,181,249.0,1.9802459478378296,7.244524541214117
kgw,KGW,182,250.0,1.776853084564209,5.9112249930314995
kgw,KGW,183,248.0,2.3520991802215576,10.507603944112997
kgw,KGW,184,249.0,2.052971124649048,7.791014828626958
kgw,KGW,185,249.0,2.382075548171997,10.827352249650701
kgw,KGW,186,249.0,2.0605454444885254,7.8502505186468765
kgw,KGW,187,249.0,1.91568124294281,6.79156392639756
kgw,KGW,188,249.0,1.591392993927002,4.910584580709108
kgw,KGW,189,249.0,1.9891246557235718,7.309132953566067
kgw,KGW,190,249.0,1.886082410812378,6.593487442999527
kgw,KGW,191,249.0,2.1214962005615234,8.343611870036725
kgw,KGW,192,249.0,1.746592402458191,5.735026678575827
kgw,KGW,193,208.0,2.5772299766540527,13.160632363153205
kgw,KGW,194,249.0,2.0285463333129883,7.603026056032682
kgw,KGW,195,249.0,1.3517165184020996,3.864052558685716
kgw,KGW,196,249.0,1.771975040435791,5.882459992173585
kgw,KGW,197,249.0,2.6657462120056152,14.378675083708858
kgw,KGW,198,249.0,2.390316963195801,10.916953667233166
kgw,KGW,199,249.0,1.8769335746765137,6.533439808640876
kgw,KGW,200,249.0,1.6007963418960571,4.95697830255271
kgw,KGW,201,250.0,2.0377936363220215,7.673659623420822
kgw,KGW,202,249.0,2.239910364151001,9.392489345952537
kgw,KGW,203,250.0,1.254165768623352,3.504913245793148
kgw,KGW,204,249.0,1.3731074333190918,3.9475985551919943
kgw,KGW,205,249.0,1.9098037481307983,6.7517636222701025
kgw,KGW,206,249.0,2.329469919204712,10.272494837343618
kgw,KGW,207,249.0,2.392380475997925,10.939504199539911
kgw,KGW,209,198.0,2.0831003189086914,8.029323829798894
kgw,KGW,210,249.0,1.3163408041000366,3.729748496236774
kgw,KGW,211,249.0,2.2902586460113525,9.877492124750855
kgw,KGW,212,249.0,2.076630115509033,7.977540177493725
kgw,KGW,213,249.0,1.7458199262619019,5.730598217642085
kgw,KGW,214,249.0,2.326383590698242,10.240839418333202
kgw,KGW,215,249.0,1.744288682937622,5.721829992233745
kgw,KGW,216,250.0,2.0909600257873535,8.09268061827297
kgw,KGW,217,250.0,2.1522750854492188,8.604411918132312
kgw,KGW,218,249.0,2.51883602142334,12.414138459475492
kgw,KGW,219,132.0,2.4269673824310303,11.324487114390497
kgw,KGW,220,251.0,2.420109987258911,11.247096284146172
kgw,KGW,221,249.0,2.34649658203125,10.448898665872827
kgw,KGW,222,160.0,1.8243179321289062,6.19856573440492
kgw,KGW,223,182.0,2.4194486141204834,11.239660216057427
kgw,KGW,224,250.0,1.9826228618621826,7.261764634188476
kgw,KGW,225,250.0,2.1385347843170166,8.486993238659963
kgw,KGW,226,249.0,2.079089879989624,7.9971872010841025
kgw,KGW,227,249.0,2.117999315261841,8.314486170636757
kgw,KGW,228,249.0,2.243243932723999,9.42385209915897
kgw,KGW,229,249.0,2.331223487854004,10.290524165452648
kgw,KGW,230,249.0,2.0773544311523438,7.983320527785779
kgw,KGW,231,249.0,2.4721617698669434,11.848031905539289
kgw,KGW,232,249.0,2.4260241985321045,11.31381107600581
kgw,KGW,233,81.0,3.513728380203247,33.57320841173371
kgw,KGW,234,251.0,1.8482381105422974,6.348624089086334
kgw,KGW,235,238.0,1.7103548049926758,5.530923528812773
kgw,KGW,236,250.0,2.380042552947998,10.805362654183597
kgw,KGW,237,249.0,2.0927629470825195,8.107284245133771
kgw,KGW,238,250.0,1.818998098373413,6.165677951506241
kgw,KGW,239,249.0,2.2999014854431152,9.973199901048616
kgw,KGW,240,250.0,1.7708805799484253,5.876025393992676
kgw,KGW,241,249.0,1.9334235191345215,6.913137032028975
kgw,KGW,242,249.0,1.696954607963562,5.457302434007745
kgw,KGW,243,57.0,3.4499552249908447,31.49898190996946
kgw,KGW,244,249.0,2.1254942417144775,8.377036746149672
kgw,KGW,245,249.0,2.1507980823516846,8.591712555884138
kgw,KGW,246,249.0,1.7418076992034912,5.707651820273109
kgw,KGW,247,249.0,2.1804730892181396,8.850492340949353
kgw,KGW,248,249.0,2.2942121028900146,9.916619657479071
kgw,KGW,249,249.0,0.9425210952758789,2.5664435177508054
kgw,KGW,250,250.0,2.273364543914795,9.712022430838305
kgw,KGW,251,249.0,2.2999987602233887,9.97417008906426
kgw,KGW,252,250.0,2.662731885910034,14.335398326082371
kgw,KGW,253,109.0,2.49078106880188,12.070700486993475
kgw,KGW,254,249.0,1.5813851356506348,4.861685243125919
kgw,KGW,255,249.0,1.7428483963012695,5.713594848867519
kgw,KGW,256,249.0,2.2494704723358154,9.482713147706356
kgw,KGW,257,249.0,1.6493644714355469,5.203671694083029
kgw,KGW,258,186.0,1.8005836009979248,6.053179075135806
kgw,KGW,259,249.0,1.7552831172943115,5.785085367842435
kgw,KGW,260,249.0,2.246979236602783,9.459118875516356
kgw,KGW,261,249.0,2.3310272693634033,10.288505172421775
kgw,KGW,262,156.0,1.9257168769836426,6.860064726091875
kgw,KGW,263,249.0,1.6791404485702515,5.360945981361079
kgw,KGW,264,240.0,0.8044218420982361,2.2354037088197347
kgw,KGW,265,249.0,1.8215055465698242,6.181157468498521
kgw,KGW,266,249.0,2.4205234050750732,11.251746995407336
kgw,KGW,267,249.0,1.870052456855774,6.488636763842296
kgw,KGW,268,178.0,2.537379503250122,12.646487431932492
kgw,KGW,269,249.0,2.4250476360321045,11.302767825466715
kgw,KGW,270,249.0,2.206277847290039,9.081849372775997
kgw,KGW,271,160.0,2.058680295944214,7.835622281477873
kgw,KGW,272,249.0,2.05568790435791,7.812210077999874
kgw,KGW,273,191.0,2.0106289386749268,7.468012792660982
kgw,KGW,274,249.0,1.9205775260925293,6.824898888520762
kgw,KGW,275,249.0,2.62900972366333,13.860037836487445
kgw,KGW,276,252.0,2.008368968963623,7.451154366887069
kgw,KGW,277,249.0,2.132899284362793,8.439299304459347
kgw,KGW,278,249.0,1.7295607328414917,5.6381766985321455
kgw,KGW,279,249.0,2.524834394454956,12.488826873361766
kgw,KGW,280,250.0,2.257997751235962,9.563920634813147
kgw,KGW,281,249.0,2.0143380165100098,7.495763666643499
kgw,KGW,282,191.0,2.6438229084014893,14.066877331032822
kgw,KGW,283,252.0,1.341831088066101,3.8260429166664993
kgw,KGW,284,249.0,2.3429532051086426,10.411939797743527
kgw,KGW,285,249.0,1.8471585512161255,6.341774070908384
kgw,KGW,286,249.0,1.2737488746643066,3.5742268058275872
kgw,KGW,287,250.0,1.955302357673645,7.066055176748892
kgw,KGW,288,249.0,1.5192146301269531,4.56863571693963
kgw,KGW,289,249.0,1.6199724674224854,5.05295119387825
kgw,KGW,290,173.0,2.286550521850586,9.840932982366109
kgw,KGW,291,249.0,1.8984193801879883,6.675334932546382
kgw,KGW,292,250.0,2.3715312480926514,10.713785193244798
kgw,KGW,293,248.0,2.530426025390625,12.558855388401442
kgw,KGW,294,250.0,1.5517323017120361,4.719638943790975
kgw,KGW,295,249.0,1.7880033254623413,5.97750541030942
kgw,KGW,296,249.0,2.339980125427246,10.381030242140778
kgw,KGW,297,249.0,1.6981796026229858,5.46399169666328
kgw,KGW,298,249.0,2.1634111404418945,8.700766632373128
kgw,KGW,299,249.0,2.4656050205230713,11.770601453549709
kgw,KGW,300,249.0,2.5292539596557617,12.544144207251376
kgw,KGW,301,249.0,2.2475993633270264,9.464986547080791
kgw,KGW,302,249.0,1.0265610218048096,2.7914495749014177
kgw,KGW,303,119.0,1.517065167427063,4.558826151301241
kgw,KGW,304,130.0,2.5647237300872803,12.997067175009908
kgw,KGW,305,249.0,1.807144045829773,6.093021170551671
kgw,KGW,306,249.0,1.6359254121780396,5.134207057004401
kgw,KGW,307,249.0,1.9205487966537476,6.824702815822495
kgw,KGW,308,249.0,2.3028910160064697,10.00305969811641
kgw,KGW,309,249.0,2.0820634365081787,8.021002680004168
kgw,KGW,310,251.0,2.100114107131958,8.16710178396103
kgw,KGW,311,250.0,2.432431697845459,11.386537059732186
kgw,KGW,312,249.0,1.922359585762024,6.83707210905948
kgw,KGW,313,249.0,1.9854954481124878,7.282654669278436
kgw,KGW,314,170.0,1.902090311050415,6.699884658171242
kgw,KGW,315,169.0,1.0121676921844482,2.75155908818007
kgw,KGW,316,250.0,1.917580008506775,6.804471764707849
kgw,KGW,317,250.0,1.5214382410049438,4.578805888078493
kgw,KGW,318,249.0,1.7924535274505615,6.004165794819885
kgw,KGW,319,249.0,2.1467809677124023,8.557267892001207
kgw,KGW,320,249.0,2.080458641052246,8.008140934347079
kgw,KGW,321,249.0,1.9209915399551392,6.827725076271604
kgw,KGW,322,249.0,2.5216920375823975,12.449644117748957
kgw,KGW,323,178.0,1.84920334815979,6.354754978282877
kgw,KGW,324,249.0,1.953574776649475,7.053858532289011
kgw,KGW,325,249.0,2.2097878456115723,9.1137826589362
kgw,KGW,326,249.0,2.417539596557617,11.218223974894848
kgw,KGW,327,249.0,2.3069255352020264,10.043498755706448
kgw,KGW,328,249.0,2.027480363845825,7.594925780489131
kgw,KGW,329,249.0,2.231673240661621,9.315440019396595
kgw,KGW,330,248.0,2.001580238342285,7.400741799355662
kgw,KGW,331,249.0,1.8307747840881348,6.238718446269402
kgw,KGW,332,229.0,1.8819392919540405,6.566226352796377
kgw,KGW,333,249.0,2.071073532104492,7.9333352380886
kgw,KGW,334,249.0,2.449333429336548,11.580624841137055
kgw,KGW,335,234.0,1.7500158548355103,5.7546939150078735
kgw,KGW,336,249.0,1.8604719638824463,6.42676925873154
kgw,KGW,337,248.0,2.2168688774108887,9.178546671160328
kgw,KGW,338,249.0,2.1670820713043213,8.732765241537928
kgw,KGW,339,249.0,2.1817197799682617,8.861533048628921
kgw,KGW,340,249.0,1.564961314201355,4.782489917874522
kgw,KGW,341,247.0,2.1069626808166504,8.22322675093605
kgw,KGW,342,126.0,1.800611972808838,6.0533508172242545
kgw,KGW,343,249.0,1.9663712978363037,7.14470339187388
kgw,KGW,344,249.0,2.1213619709014893,8.342491985014526
kgw,KGW,345,88.0,1.6441792249679565,5.176759208048507
kgw,KGW,346,249.0,2.2551519870758057,9.536742661632475
kgw,KGW,347,133.0,3.3645033836364746,28.919132018149455
kgw,KGW,348,249.0,2.178394079208374,8.832111192697479
kgw,KGW,349,246.0,1.9966425895690918,7.36428960381846
kgw,KGW,350,118.0,1.1019303798675537,3.0099708064729485
kgw,KGW,351,249.0,2.3088271617889404,10.062615911050443
kgw,KGW,352,155.0,1.7696666717529297,5.868896766235176
kgw,KGW,353,249.0,2.2610034942626953,9.59271056846543
kgw,KGW,354,249.0,1.537514567375183,4.653011141680801
kgw,KGW,355,249.0,2.1823489665985107,8.86711036114787
kgw,KGW,356,249.0,2.2605652809143066,9.588507835561183
kgw,KGW,357,249.0,2.210986614227295,9.124714526639075
kgw,KGW,358,249.0,1.153198003768921,3.168308989527038
kgw,KGW,359,249.0,1.8786084651947021,6.54439177413885
kgw,KGW,360,249.0,2.382373809814453,10.830582115164685
kgw,KGW,361,155.0,1.7472492456436157,5.738794929207271
kgw,KGW,362,249.0,2.0417916774749756,7.704400641368562
kgw,KGW,363,200.0,2.845432996749878,17.209008500681993
kgw,KGW,364,249.0,2.400700569152832,11.030901583683622
kgw,KGW,365,249.0,2.026160717010498,7.584909770969543
kgw,KGW,366,250.0,1.7812211513519287,5.9371020939061525
kgw,KGW,367,249.0,1.0756440162658691,2.9318804713684465
kgw,KGW,368,249.0,1.2122001647949219,3.3608709940265102
kgw,KGW,369,249.0,1.820848822593689,6.177099486821468
kgw,KGW,370,93.0,2.997035503387451,20.02608158812965
kgw,KGW,371,249.0,1.8520958423614502,6.373162679460957
kgw,KGW,372,79.0,3.0986907482147217,22.168907590997414
kgw,KGW,373,249.0,2.2473256587982178,9.462396291896201
kgw,KGW,374,250.0,2.4142699241638184,11.181603958010454
kgw,KGW,375,249.0,1.8725751638412476,6.505026357511846
kgw,KGW,376,249.0,1.8117883205413818,6.121384647599307
kgw,KGW,377,248.0,1.6612669229507446,5.265978208687406
kgw,KGW,378,249.0,1.038130521774292,2.8239327956523317
kgw,KGW,379,142.0,2.0433096885681152,7.716104888348965
kgw,KGW,380,249.0,1.7914119958877563,5.997915522129425
kgw,KGW,381,250.0,2.223886251449585,9.243182487893506
kgw,KGW,382,57.0,3.7072784900665283,40.74277364378571
kgw,KGW,383,230.0,0.6470083594322205,1.9098187827810513
kgw,KGW,384,249.0,0.8997301459312439,2.4589394667974713
kgw,KGW,385,249.0,1.9357579946517944,6.929294433368875
kgw,KGW,386,249.0,2.2975215911865234,9.949492961078876
kgw,KGW,387,249.0,1.928642749786377,6.880165795144582
kgw,KGW,388,249.0,2.1569790840148926,8.644982406402379
kgw,KGW,389,249.0,2.3434152603149414,10.416751800354563
kgw,KGW,390,249.0,1.1200368404388428,3.0649671159467036
kgw,KGW,391,249.0,2.221250295639038,9.218849951141486
kgw,KGW,392,143.0,2.659400701522827,14.287723921196806
kgw,KGW,393,250.0,1.8586525917053223,6.415087203778697
kgw,KGW,394,249.0,2.093522787094116,8.113446825079519
kgw,KGW,395,249.0,1.8499314785003662,6.359383753160701
kgw,KGW,396,251.0,1.9253768920898438,6.857732804146101
kgw,KGW,397,248.0,1.3660905361175537,3.919995618677964
kgw,KGW,398,71.0,2.546628713607788,12.76400006626802
kgw,KGW,399,249.0,1.6978942155838013,5.4624325667391584
kgw,KGW,400,251.0,2.305335283279419,10.027539755279264
kgw,KGW,401,249.0,1.9557420015335083,7.069162407508219
kgw,KGW,402,249.0,1.978319764137268,7.230583686758085
kgw,KGW,403,250.0,2.037623405456543,7.672353440881187
kgw,KGW,404,250.0,2.0703203678131104,7.927362382828705
kgw,KGW,405,150.0,2.439422130584717,11.466412738694144
kgw,KGW,406,249.0,2.105463981628418,8.210911838159705
kgw,KGW,407,251.0,0.9902033805847168,2.691781872853289
kgw,KGW,408,90.0,2.4378082752227783,11.447922531286977
kgw,KGW,409,249.0,1.7065486907958984,5.509912213346552
kgw,KGW,410,249.0,2.3694489002227783,10.691498577765717
kgw,KGW,411,249.0,1.7420060634613037,5.708784126691138
kgw,KGW,412,249.0,1.8941645622253418,6.646992935345471
kgw,KGW,413,249.0,1.436020016670227,4.203930902175675
kgw,KGW,414,249.0,1.881353735923767,6.562382584839938
kgw,KGW,415,248.0,2.455441951751709,11.651581848153702
kgw,KGW,416,249.0,2.291599988937378,9.890750118709649
kgw,KGW,417,122.0,3.572016716003418,35.58829230754093
kgw,KGW,418,248.0,2.3470544815063477,10.454729727375698
kgw,KGW,419,249.0,1.996176838874817,7.360860479443158
kgw,KGW,420,57.0,3.24568772315979,25.679364282469436
kgw,KGW,421,109.0,1.8283978700637817,6.223907158452642
kgw,KGW,422,247.0,2.165659189224243,8.720348382324373
kgw,KGW,423,250.0,2.7326133251190186,15.373009242074453
kgw,KGW,424,251.0,2.111849546432495,8.263510906453401
kgw,KGW,425,250.0,2.47360897064209,11.865190799684614
kgw,KGW,426,249.0,2.0488617420196533,7.759064261140848
kgw,KGW,427,249.0,1.9583858251571655,7.0878767538954
kgw,KGW,428,249.0,0.9155987501144409,2.4982706440111215
kgw,KGW,429,156.0,1.9712270498275757,7.1794806661730135
kgw,KGW,430,249.0,2.133990526199341,8.448513647555487
kgw,KGW,431,249.0,2.08019757270813,8.006050535134303
kgw,KGW,432,251.0,1.6317083835601807,5.112601546461284
kgw,KGW,433,250.0,2.612351894378662,13.63107202353117
kgw,KGW,434,250.0,2.573444366455078,13.11090552165908
kgw,KGW,435,249.0,2.0039114952087402,7.418014955751545
kgw,KGW,436,248.0,2.0491695404052734,7.76145285617834
kgw,KGW,437,249.0,2.199281692504883,9.018533092335078
kgw,KGW,438,249.0,2.0625,7.865609273944892
kgw,KGW,439,249.0,1.590104579925537,4.904261788841389
kgw,KGW,440,249.0,2.047847270965576,7.751196906317791
kgw,KGW,441,250.0,2.1147267818450928,8.287321210164247
kgw,KGW,442,211.0,2.240147829055786,9.394719997381001
kgw,KGW,443,249.0,1.936227798461914,6.932550607116638
kgw,KGW,444,250.0,0.6512631773948669,1.9179620257666126
kgw,KGW,445,249.0,2.5775344371795654,13.164639866230859
kgw,KGW,446,249.0,2.0656416416168213,7.8903590564985
kgw,KGW,447,249.0,2.2254817485809326,9.2579417300708
kgw,KGW,448,249.0,2.018420934677124,7.526430819429716
kgw,KGW,449,143.0,2.1988086700439453,9.014268132408139
kgw,KGW,450,249.0,2.2287075519561768,9.287854249766317
kgw,KGW,451,63.0,3.3628807067871094,28.872243664731066
kgw,KGW,452,250.0,2.289365530014038,9.868674316769708
kgw,KGW,453,238.0,2.2446351051330566,9.436971425693024
kgw,KGW,454,249.0,2.3069186210632324,10.04342931380214
kgw,KGW,455,249.0,2.065629720687866,7.890264996649399
kgw,KGW,456,249.0,2.608102798461914,13.573275170201098
kgw,KGW,457,249.0,1.1759033203125,3.2410693456740263
kgw,KGW,458,249.0,2.2366085052490234,9.361527814826706
kgw,KGW,459,249.0,2.105076551437378,8.20773129917583
kgw,KGW,460,249.0,2.2556772232055664,9.541753019133802
kgw,KGW,461,248.0,1.9919207096099854,7.329598280913213
kgw,KGW,462,249.0,1.905453085899353,6.722452786290164
kgw,KGW,463,249.0,2.3285610675811768,10.263162905046208
kgw,KGW,464,249.0,2.4202089309692383,11.248209168638486
kgw,KGW,465,249.0,1.9511362314224243,7.036678335090253
kgw,KGW,466,250.0,1.589139699935913,4.899532046961053
kgw,KGW,467,250.0,2.121391773223877,8.342740614355028
kgw,KGW,468,249.0,2.202684164047241,9.049270656726048
kgw,KGW,469,249.0,2.368741273880005,10.683935667901075
kgw,KGW,470,118.0,2.43891978263855,11.460654056357182
kgw,KGW,471,249.0,1.920512080192566,6.824452241486611
kgw,KGW,472,141.0,1.6100162267684937,5.002892407951843
kgw,KGW,473,249.0,1.6631196737289429,5.275743797719349
kgw,KGW,474,249.0,1.669246792793274,5.308168140587168
kgw,KGW,475,249.0,1.9802886247634888,7.244833721846791
kgw,KGW,476,249.0,2.410811424255371,11.142999177540261
kgw,KGW,477,249.0,1.6191654205322266,5.048874870443927
kgw,KGW,478,249.0,1.5501688718795776,4.712265884600005
kgw,KGW,479,249.0,2.3257522583007812,10.234376085101726
kgw,KGW,480,150.0,2.031301259994507,7.62400071393126
kgw,KGW,481,61.0,2.6976778507232666,14.845218854137709
kgw,KGW,482,249.0,1.9952079057693481,7.353731752227511
kgw,KGW,483,250.0,2.2874667644500732,9.84995379637921
kgw,KGW,484,249.0,0.7462314963340759,2.10903710783861
kgw,KGW,485,143.0,2.2434771060943604,9.426049746721205
kgw,KGW,486,248.0,2.0058422088623047,7.432350853312265
kgw,KGW,487,250.0,1.9449933767318726,6.993585534487405
kgw,KGW,488,249.0,1.4674925804138184,4.338343444418356
kgw,KGW,489,249.0,1.7998632192611694,6.0488200457518575
kgw,KGW,490,249.0,1.6907696723937988,5.423653535468832
kgw,KGW,491,249.0,2.1936893463134766,8.968239094942351
kgw,KGW,492,247.0,1.8706552982330322,6.49254956184531
kgw,KGW,493,249.0,1.6159629821777344,5.032732021946605
kgw,KGW,494,249.0,1.8848813772201538,6.585573196679767
kgw,KGW,495,249.0,2.5617480278015137,12.958449258716033
kgw,KGW,496,249.0,1.9648858308792114,7.134098049959673
kgw,KGW,497,249.0,2.318495512008667,10.160376636741537
kgw,KGW,498,249.0,1.9868464469909668,7.292500176706228
kgw,KGW,499,141.0,1.9695590734481812,7.167515443633884
dip,DIP,0,249.0,1.9799141883850098,7.242121500354185
dip,DIP,1,249.0,1.8557839393615723,6.396710919024172
dip,DIP,2,249.0,1.8690162897109985,6.481916933648078
dip,DIP,3,187.0,1.98939847946167,7.311134641716027
dip,DIP,4,250.0,2.211360454559326,9.128126350646378
dip,DIP,5,250.0,1.9861708879470825,7.287575325960357
dip,DIP,6,219.0,1.9989093542099,7.381001649077852
dip,DIP,7,250.0,2.0829477310180664,8.028098745681438
dip,DIP,8,249.0,1.8761940002441406,6.528609629961448
dip,DIP,9,249.0,1.6505813598632812,5.210007836356503
dip,DIP,10,249.0,2.1846885681152344,8.887880153042047
dip,DIP,11,249.0,1.8877767324447632,6.604668400801611
dip,DIP,12,246.0,1.6149394512176514,5.02758350019352
dip,DIP,13,250.0,2.2915232181549072,9.889990827229887
dip,DIP,14,249.0,1.9903053045272827,7.317767568864965
dip,DIP,15,218.0,2.090200185775757,8.086533811328804
dip,DIP,16,197.0,2.195305109024048,8.982741354201236
dip,DIP,17,73.0,2.4016828536987305,11.04174239134384
dip,DIP,18,249.0,2.401852607727051,11.043616930695247
dip,DIP,19,249.0,2.0068905353546143,7.440146469073254
dip,DIP,20,249.0,1.8719497919082642,6.5009595683649755
dip,DIP,21,117.0,2.663853406906128,14.351484795262767
dip,DIP,22,249.0,2.013720989227295,7.4911400025665325
dip,DIP,23,192.0,2.285388231277466,9.82950160330896
dip,DIP,24,157.0,1.9950820207595825,7.352806085899048
dip,DIP,25,250.0,1.9827083349227905,7.262385345963865
dip,DIP,26,250.0,2.248497486114502,9.473491085670162
dip,DIP,27,249.0,1.8122345209121704,6.1241166211572855
dip,DIP,28,174.0,2.2670295238494873,9.650691046753535
dip,DIP,29,249.0,2.103172779083252,8.19212051164614
dip,DIP,30,249.0,2.483743667602539,11.98605232579483
dip,DIP,31,249.0,2.0898938179016113,8.084056736623253
dip,DIP,32,243.0,1.512150526046753,4.5364761218285725
dip,DIP,33,249.0,1.9989639520645142,7.381404646934106
dip,DIP,34,116.0,1.300981879234314,3.6729012431610597
dip,DIP,35,249.0,1.8991297483444214,6.68007856257837
dip,DIP,36,132.0,1.9372773170471191,6.939830267222764
dip,DIP,37,249.0,1.7816307544708252,5.939534447556837
dip,DIP,38,84.0,2.9336998462677,18.797048188675817
dip,DIP,39,249.0,1.7486258745193481,5.746700560330265
dip,DIP,40,185.0,1.3340380191802979,3.7963421809118056
dip,DIP,41,249.0,1.6483737230300903,5.198518717722659
dip,DIP,42,179.0,2.1955020427703857,8.98451053330832
dip,DIP,43,249.0,1.6937106847763062,5.439628046778493
dip,DIP,44,249.0,1.9263871908187866,6.864664663916503
dip,DIP,45,249.0,2.197809934616089,9.005269757713876
dip,DIP,46,249.0,1.799607753753662,6.0472749782331805
dip,DIP,47,243.0,2.423431873321533,11.284519980751556
dip,DIP,48,249.0,1.7999244928359985,6.04919068993479
dip,DIP,49,249.0,1.534915566444397,4.640933662880354
dip,DIP,50,133.0,1.4823634624481201,4.4033405221419235
dip,DIP,51,249.0,1.5419694185256958,4.673785853485681
dip,DIP,52,249.0,2.0246047973632812,7.573117437175434
dip,DIP,53,249.0,1.1951854228973389,3.3041703825493993
dip,DIP,54,249.0,1.9936448335647583,7.3422463171461905
dip,DIP,55,250.0,2.462275505065918,11.731476224242115
dip,DIP,56,249.0,1.6889739036560059,5.4139226478321225
dip,DIP,57,249.0,2.218465566635132,9.193213663923009
dip,DIP,58,249.0,2.158517837524414,8.658295143303514
dip,DIP,59,249.0,2.1224594116210938,8.351652401009234
dip,DIP,60,248.0,1.9138907194137573,6.7794143516839105
dip,DIP,61,249.0,2.1224253177642822,8.351367665822021
dip,DIP,62,129.0,1.5743616819381714,4.827659052416757
dip,DIP,63,249.0,1.9078296422958374,6.738448073782413
dip,DIP,64,130.0,1.9440858364105225,6.987241452814438
dip,DIP,65,249.0,2.131220579147339,8.4251440932398
dip,DIP,66,250.0,2.3573482036590576,10.56290361114266
dip,DIP,67,249.0,2.298213005065918,9.956374557346543
dip,DIP,68,249.0,1.7648046016693115,5.840431036108464
dip,DIP,69,249.0,2.2051355838775635,9.071481431107387
dip,DIP,70,249.0,2.064274549484253,7.879579578657746
dip,DIP,71,50.0,3.132736921310425,22.936669574213813
dip,DIP,72,249.0,2.010411024093628,7.466385581083139
dip,DIP,73,249.0,1.929922103881836,6.888973596378983
dip,DIP,74,249.0,2.1107709407806396,8.254602642001373
dip,DIP,75,249.0,2.111565351486206,8.261162792092104
dip,DIP,76,249.0,2.064387083053589,7.880466345767197
dip,DIP,77,249.0,2.000734806060791,7.394487617447641
dip,DIP,78,247.0,1.8688561916351318,6.4808792742849235
dip,DIP,79,249.0,1.7872440814971924,5.972968747834731
dip,DIP,80,250.0,2.4155256748199463,11.195654084398688
dip,DIP,81,249.0,2.11649489402771,8.3019870853928
dip,DIP,82,249.0,1.8988103866577148,6.6779455420419405
dip,DIP,83,249.0,2.0250868797302246,7.576769183705269
dip,DIP,84,249.0,1.7903947830200195,5.991817467316444
dip,DIP,85,172.0,1.5932074785232544,4.919502849373116
dip,DIP,86,249.0,1.9599535465240479,7.098997284397326
dip,DIP,87,249.0,1.9201453924179077,6.82195025703251
dip,DIP,88,249.0,1.7826223373413086,5.94542690912285
dip,DIP,89,93.0,2.5705478191375732,13.072984110534433
dip,DIP,90,249.0,2.1712396144866943,8.769147668480356
dip,DIP,91,249.0,1.9056216478347778,6.723586031450939
dip,DIP,92,249.0,1.8591457605361938,6.418251705087491
dip,DIP,93,169.0,1.8682591915130615,6.47701134325958
dip,DIP,94,249.0,2.2381632328033447,9.376093760175216
dip,DIP,95,57.0,2.7789764404296875,16.102530610733112
dip,DIP,96,249.0,2.0628411769866943,7.868293296652846
dip,DIP,97,247.0,2.025496482849121,7.579873287676008
dip,DIP,98,249.0,1.8487341403961182,6.3517739773199215
dip,DIP,99,249.0,1.6800457239151,5.365801310956569
dip,DIP,100,249.0,2.074577569961548,7.961182705893034
dip,DIP,101,249.0,1.6958562135696411,5.451311454439813
dip,DIP,102,249.0,1.9863755702972412,7.289067116671439
dip,DIP,103,189.0,1.5696414709091187,4.804925179461912
dip,DIP,104,248.0,1.5700209140777588,4.80674872144048
dip,DIP,105,249.0,2.046278715133667,7.739048251618545
dip,DIP,106,248.0,2.055849075317383,7.8134692808644886
dip,DIP,107,249.0,2.305619478225708,10.030389936385777
dip,DIP,108,249.0,2.3384485244750977,10.365142816041832
dip,DIP,109,250.0,2.041933536529541,7.705493657884852
dip,DIP,110,249.0,2.0668537616729736,7.899928917699776
dip,DIP,111,250.0,2.249837636947632,9.486195503658015
dip,DIP,112,63.0,2.972813844680786,19.546844068532398
dip,DIP,113,249.0,2.373772144317627,10.737820594401352
dip,DIP,114,176.0,2.0048248767852783,7.424793529187397
dip,DIP,115,108.0,2.6074421405792236,13.564310840469583
dip,DIP,116,60.0,3.4698171615600586,32.13086715003098
dip,DIP,117,248.0,2.051712989807129,7.781218845043458
dip,DIP,118,249.0,2.2410390377044678,9.403096385094784
dip,DIP,119,81.0,1.4949240684509277,4.458997961370583
dip,DIP,120,249.0,1.9727575778961182,7.190477476166645
dip,DIP,121,131.0,2.5729622840881348,13.104586508557205
dip,DIP,122,234.0,1.193148136138916,3.2974456923685116
dip,DIP,123,249.0,1.8503761291503906,6.362212086043726
dip,DIP,124,247.0,1.9734742641448975,7.195632639592683
dip,DIP,125,249.0,2.287961006164551,9.854823257677383
dip,DIP,126,249.0,1.9547353982925415,7.062050145931219
dip,DIP,127,248.0,2.0405948162078857,7.695185058641869
dip,DIP,128,249.0,2.353752851486206,10.5249944419359
dip,DIP,129,185.0,2.4248759746551514,11.300827743301767
dip,DIP,130,249.0,1.7436140775680542,5.7179713166851895
dip,DIP,131,251.0,0.9288162589073181,2.531510749985657
dip,DIP,132,249.0,1.971589207649231,7.182081242132729
dip,DIP,133,249.0,2.3218185901641846,10.194196524337451
dip,DIP,134,249.0,2.225963592529297,9.262403688165167
dip,DIP,135,249.0,1.6340959072113037,5.12482258677836
dip,DIP,136,249.0,1.8797532320022583,6.551887866437723
dip,DIP,137,250.0,1.9012202024459839,6.694057566350472
dip,DIP,138,250.0,1.9310258626937866,6.896581559597115
dip,DIP,139,249.0,1.732237458229065,5.653288765644595
dip,DIP,140,249.0,1.5234225988388062,4.5879008983052
dip,DIP,141,249.0,1.7144747972488403,5.553757897331812
dip,DIP,142,249.0,1.9803211688995361,7.245069502537694
dip,DIP,143,250.0,1.7431221008300781,5.715158899687563
dip,DIP,144,167.0,1.7720826864242554,5.883093249477238
dip,DIP,145,249.0,1.9287434816360474,6.880858881878535
dip,DIP,146,249.0,1.7534782886505127,5.774653696584958
dip,DIP,147,225.0,2.388328790664673,10.895270441967314
dip,DIP,148,251.0,1.521389365196228,4.5785821007067
dip,DIP,149,249.0,2.032576560974121,7.633729811955827
dip,DIP,150,249.0,2.1225521564483643,8.352427009488498
dip,DIP,151,250.0,1.9187586307525635,6.812496394575261
dip,DIP,152,249.0,1.931415319442749,6.899268002923056
dip,DIP,153,249.0,2.2021050453186035,9.044031571780755
dip,DIP,154,249.0,2.4106760025024414,11.141490275230149
dip,DIP,155,249.0,1.6836694478988647,5.385280766628553
dip,DIP,156,249.0,1.845438838005066,6.3308774105080055
dip,DIP,157,249.0,2.141671657562256,8.513657660273457
dip,DIP,158,249.0,1.8380240201950073,6.284108712893812
dip,DIP,159,249.0,1.9870851039886475,7.2942407906005675
dip,DIP,160,250.0,1.8804274797439575,6.556306951647233
dip,DIP,161,248.0,2.449007272720337,11.576848359620955
dip,DIP,162,249.0,2.284304618835449,9.818856001967513
dip,DIP,163,249.0,1.9988043308258057,7.3802265120111326
dip,DIP,164,249.0,2.0024709701538086,7.4073368122630745
dip,DIP,165,80.0,3.046874523162842,21.049451929010285
dip,DIP,166,249.0,1.8812121152877808,6.56145328185048
dip,DIP,167,152.0,2.381336212158203,10.819350156680768
dip,DIP,168,76.0,2.6184775829315186,13.714827994981471
dip,DIP,169,249.0,1.8356945514678955,6.26948711505872
dip,DIP,170,249.0,1.9790377616882324,7.235777092340356
dip,DIP,171,249.0,2.5043132305145264,12.235153349800383
dip,DIP,172,249.0,2.204665422439575,9.067217372829488
dip,DIP,173,249.0,1.9766489267349243,7.2185126442763305
dip,DIP,174,224.0,1.743151307106018,5.7153258206329856
dip,DIP,175,248.0,1.5733325481414795,4.822693300976602
dip,DIP,176,113.0,1.9985638856887817,7.378452185758793
dip,DIP,177,249.0,2.1937129497528076,8.968450778727957
dip,DIP,178,251.0,1.7835094928741455,5.950703767851471
dip,DIP,179,249.0,2.209520101547241,9.111342824365854
dip,DIP,180,249.0,1.157668113708496,3.182503380641291
dip,DIP,181,209.0,2.1702845096588135,8.760776211651594
dip,DIP,182,73.0,2.461397647857666,11.721182182285773
dip,DIP,183,63.0,2.566798448562622,13.024060422415106
dip,DIP,184,249.0,2.108252763748169,8.233842241368656
dip,DIP,185,249.0,2.1910061836242676,8.944208104360868
dip,DIP,186,249.0,2.032376289367676,7.632201145702549
dip,DIP,187,249.0,2.2474536895751953,9.463607847402063
dip,DIP,188,250.0,1.5485376119613647,4.704585220421498
dip,DIP,189,249.0,1.5550034046173096,4.735102646344413
dip,DIP,190,224.0,1.9960755109786987,7.360114656724119
dip,DIP,191,70.0,2.354074478149414,10.52838010520915
dip,DIP,192,249.0,1.9878616333007812,7.299907182159065
dip,DIP,193,250.0,2.4896597862243652,12.05717340609635
dip,DIP,194,249.0,2.1298539638519287,8.413638026430153
dip,DIP,195,249.0,2.163059949874878,8.697711541696938
dip,DIP,196,249.0,1.5409817695617676,4.669172072502909
dip,DIP,197,124.0,2.3275246620178223,10.252531616028968
dip,DIP,198,55.0,2.5687289237976074,13.049227332752238
dip,DIP,199,249.0,1.744144320487976,5.721004034459686
dip,DIP,200,249.0,2.1046578884124756,8.204295744782511
dip,DIP,201,250.0,1.9296225309371948,6.886910155364143
dip,DIP,202,249.0,2.3954780101776123,10.973442222664655
dip,DIP,203,250.0,1.8806990385055542,6.558087616010232
dip,DIP,204,249.0,1.6598275899887085,5.258404164767395
dip,DIP,205,249.0,2.0944457054138184,8.120938330282252
dip,DIP,206,249.0,2.328760862350464,10.265213636166832
dip,DIP,207,249.0,2.3993685245513916,11.016217712736752
dip,DIP,209,248.0,2.253394603729248,9.51999766689556
dip,DIP,210,249.0,2.0946290493011475,8.122427391185422
dip,DIP,211,249.0,2.2787485122680664,9.764452666968193
dip,DIP,212,91.0,2.723315954208374,15.230743048724378
dip,DIP,213,249.0,1.7526373863220215,5.769799817950215
dip,DIP,214,128.0,2.300131320953369,9.975492359970879
dip,DIP,215,249.0,1.5474940538406372,4.6996782730977475
dip,DIP,216,250.0,1.8838227987289429,6.578605539098348
dip,DIP,217,249.0,2.267923355102539,9.65932099230763
dip,DIP,218,249.0,2.2273595333099365,9.2753424839955
dip,DIP,219,249.0,1.8642704486846924,6.451227667126518
dip,DIP,220,249.0,2.402768850326538,11.053740199956634
dip,DIP,221,249.0,2.2133562564849854,9.146362474587082
dip,DIP,222,149.0,1.9290943145751953,6.883273337334413
dip,DIP,223,249.0,2.1382956504821777,8.484963954065524
dip,DIP,224,238.0,2.140927791595459,8.507326994962172
dip,DIP,225,250.0,1.9892261028289795,7.309874481559545
dip,DIP,226,159.0,2.2634835243225098,9.61653030365126
dip,DIP,227,249.0,2.018646717071533,7.5281303468559475
dip,DIP,228,249.0,1.797847867012024,6.0366418184987864
dip,DIP,229,250.0,2.282151460647583,9.797737195995452
dip,DIP,230,249.0,1.8811538219451904,6.561070803954497
dip,DIP,231,250.0,2.0751705169677734,7.965904665141959
dip,DIP,232,249.0,2.3336730003356934,10.3157618302074
dip,DIP,233,63.0,3.892812967300415,49.04866494039694
dip,DIP,234,249.0,1.8993805646896362,6.681754245604745
dip,DIP,235,238.0,2.2097604274749756,9.113532779423977
dip,DIP,236,246.0,2.273172616958618,9.710158610799208
dip,DIP,237,250.0,1.6589250564575195,5.253660419704648
dip,DIP,238,199.0,2.2176055908203125,9.185311120996497
dip,DIP,239,249.0,1.8965988159179688,6.6631931121136265
dip,DIP,240,250.0,1.7289726734161377,5.6348620902715965
dip,DIP,241,249.0,1.8756191730499268,6.5248578860112705
dip,DIP,242,183.0,0.5799086093902588,1.7858752110673526
dip,DIP,243,99.0,2.116903305053711,8.305378400934384
dip,DIP,244,249.0,1.1166349649429321,3.054558194385117
dip,DIP,245,247.0,2.021132230758667,7.54686489070935
dip,DIP,246,249.0,1.611367106437683,5.009655280477937
dip,DIP,247,249.0,2.008394718170166,7.451346230670005
dip,DIP,248,249.0,1.7863610982894897,5.967697044485538
dip,DIP,249,249.0,2.1566286087036133,8.641953084384788
dip,DIP,250,250.0,2.1332755088806152,8.442474973115672
dip,DIP,251,249.0,1.7283960580825806,5.631613878962089
dip,DIP,252,249.0,2.3021628856658936,9.995778817888194
dip,DIP,253,249.0,1.9079971313476562,6.739576784581733
dip,DIP,254,249.0,2.334840774536133,10.327815347253932
dip,DIP,255,52.0,2.1382253170013428,8.484367198002086
dip,DIP,256,249.0,1.6931971311569214,5.436835223300647
dip,DIP,257,248.0,1.7141302824020386,5.551844874831886
dip,DIP,258,249.0,1.057517647743225,2.8792148853888686
dip,DIP,259,188.0,1.3412102460861206,3.823668285818159
dip,DIP,260,249.0,1.8681459426879883,6.476277870868198
dip,DIP,261,249.0,2.0757765769958496,7.970733944815835
dip,DIP,262,160.0,1.8377759456634521,6.2825499789177135
dip,DIP,263,249.0,1.614338994026184,5.024565557688444
dip,DIP,264,249.0,1.815203309059143,6.142324840792686
dip,DIP,265,251.0,1.7436141967773438,5.717971998320529
dip,DIP,266,249.0,2.1209726333618164,8.339244571921274
dip,DIP,267,249.0,1.8739873170852661,6.514218940725499
dip,DIP,268,249.0,2.2158396244049072,9.169104484441585
dip,DIP,269,249.0,1.928154706954956,6.876808798794909
dip,DIP,270,249.0,1.9685970544815063,7.160623473467714
dip,DIP,271,250.0,2.179159641265869,8.838875310759894
dip,DIP,272,249.0,1.8390734195709229,6.290706714018942
dip,DIP,273,250.0,1.9598661661148071,7.098376998210242
dip,DIP,274,249.0,1.9278759956359863,6.874892421414733
dip,DIP,275,250.0,2.4051015377044678,11.079555217677102
dip,DIP,276,252.0,2.17338490486145,8.787980230002129
dip,DIP,277,250.0,1.8430829048156738,6.315979842027277
dip,DIP,278,149.0,1.966210126876831,7.143551965963765
dip,DIP,279,234.0,2.5268516540527344,12.514045506950447
dip,DIP,280,202.0,2.0194015502929688,7.533814974940204
dip,DIP,281,249.0,1.965135931968689,7.135882518793906
dip,DIP,282,247.0,2.192211389541626,8.954994215331123
dip,DIP,283,81.0,2.9445536136627197,19.00217818027422
dip,DIP,284,250.0,2.1467370986938477,8.556892501291347
dip,DIP,285,176.0,1.8424361944198608,6.311896552698836
dip,DIP,286,249.0,1.39519202709198,4.035749471464002
dip,DIP,287,249.0,1.3521718978881836,3.8658125696601235
dip,DIP,288,249.0,2.2263166904449463,9.265674801078951
dip,DIP,289,249.0,1.625665545463562,5.081800080926704
dip,DIP,290,107.0,2.802520513534546,16.48614800609528
dip,DIP,291,203.0,1.620038390159607,5.05328430923131
dip,DIP,292,249.0,2.2760555744171143,9.738192976514089
dip,DIP,293,248.0,2.214069128036499,9.15288498077338
dip,DIP,294,250.0,2.2279090881347656,9.280441194091567
dip,DIP,295,249.0,1.8289166688919067,6.227136951926899
dip,DIP,296,249.0,2.492990732192993,12.097402161957008
dip,DIP,297,249.0,1.327309489250183,3.7708841226232233
dip,DIP,298,249.0,2.3041887283325195,10.016049218492293
dip,DIP,299,249.0,2.4919660091400146,12.08501202439449
dip,DIP,300,249.0,2.1500165462493896,8.58500044556109
dip,DIP,301,249.0,2.304408311843872,10.01824881923876
dip,DIP,302,249.0,0.6648591160774231,1.944216593181261
dip,DIP,303,66.0,1.438432216644287,4.2140838647537935
dip,DIP,304,249.0,1.63665771484375,5.137968227508065
dip,DIP,305,129.0,2.816333770751953,16.715455504663804
dip,DIP,306,202.0,1.9838896989822388,7.270969936762564
dip,DIP,307,249.0,2.105114459991455,8.208042448299205
dip,DIP,308,249.0,2.1214733123779297,8.34342090210187
dip,DIP,309,249.0,2.052175760269165,7.784820596611423
dip,DIP,310,250.0,1.7834395170211792,5.950287376848394
dip,DIP,311,249.0,2.521275520324707,12.444459705895266
dip,DIP,312,249.0,1.320778489112854,3.7463367246837636
dip,DIP,313,250.0,1.766831874847412,5.8522831950192415
dip,DIP,314,81.0,1.8718152046203613,6.500084680723601
dip,DIP,315,249.0,1.8525524139404297,6.376073148776838
dip,DIP,316,250.0,1.9173227548599243,6.8027215146702416
dip,DIP,317,118.0,2.2749054431915283,9.726999215072228
dip,DIP,318,249.0,1.3712481260299683,3.9402655756674565
dip,DIP,319,249.0,2.0336437225341797,7.641880583292416
dip,DIP,320,226.0,2.1658129692077637,8.72168950047082
dip,DIP,321,249.0,1.9874619245529175,7.296989928464513
dip,DIP,322,251.0,2.1143925189971924,8.284551529501535
dip,DIP,323,250.0,1.819659948348999,6.169760056029294
dip,DIP,324,249.0,1.995932936668396,7.359065368255754
dip,DIP,325,249.0,1.9248950481414795,6.8544292430593
dip,DIP,326,249.0,1.9389220476150513,6.951253809949295
dip,DIP,327,249.0,2.210141897201538,9.11700997946247
dip,DIP,328,186.0,2.078000545501709,7.988480332466782
dip,DIP,329,249.0,1.9455629587173462,6.997570089479367
dip,DIP,330,249.0,2.391634941101074,10.93135145685962
dip,DIP,331,249.0,1.6521207094192505,5.218034035584198
dip,DIP,332,249.0,1.7033766508102417,5.492462242123155
dip,DIP,333,134.0,2.0659782886505127,7.8930157696318375
dip,DIP,334,53.0,3.7128448486328125,40.9701948977867
dip,DIP,335,249.0,1.537256121635437,4.651808746157935
dip,DIP,336,249.0,1.6721205711364746,5.323444579267475
dip,DIP,337,248.0,2.3793177604675293,10.79753384605646
dip,DIP,338,249.0,1.9826512336730957,7.261970666524315
dip,DIP,339,121.0,2.478647232055664,11.925121579348781
dip,DIP,340,153.0,1.8949599266052246,6.652281819775906
dip,DIP,341,247.0,1.9628108739852905,7.11931045114965
dip,DIP,342,250.0,1.487166166305542,4.424539327698207
dip,DIP,343,211.0,1.9945366382598877,7.348797087454316
dip,DIP,344,249.0,2.444490909576416,11.5246810004098
dip,DIP,345,70.0,1.9080348014831543,6.73983067013433
dip,DIP,346,251.0,2.2571659088134766,9.55596826792046
dip,DIP,347,76.0,3.8379688262939453,46.43106902879675
dip,DIP,348,249.0,2.0578320026397705,7.828978194026222
dip,DIP,349,250.0,1.9751029014587402,7.207361263651144
dip,DIP,350,93.0,1.2690154314041138,3.557348384083057
dip,DIP,351,249.0,2.0672473907470703,7.903039171508083
dip,DIP,352,249.0,1.8843854665756226,6.582308150483689
dip,DIP,353,249.0,2.006150484085083,7.4346424161252065
dip,DIP,354,249.0,0.6774730682373047,1.9688961745720979
dip,DIP,355,182.0,2.2476065158843994,9.465054246182214
dip,DIP,356,249.0,2.0579612255096436,7.829989942425736
dip,DIP,357,249.0,2.1204030513763428,8.334496040907888
dip,DIP,358,249.0,1.868114709854126,6.47607560151615
dip,DIP,359,249.0,1.9662033319473267,7.143503426196658
dip,DIP,360,95.0,2.700687885284424,14.8899707946115
dip,DIP,361,251.0,1.5054876804351807,4.5063507535945035
dip,DIP,362,223.0,1.9065226316452026,6.729646603441914
dip,DIP,363,249.0,2.557128429412842,12.898724485846984
dip,DIP,364,249.0,1.9970911741256714,7.367593851466737
dip,DIP,365,249.0,1.744593858718872,5.723576422642383
dip,DIP,366,250.0,2.2586586475372314,9.57024348372992
dip,DIP,367,89.0,2.051642656326294,7.780671584082557
dip,DIP,368,249.0,1.3686137199401855,3.9298989769503834
dip,DIP,369,250.0,1.6858628988265991,5.397106080103443
dip,DIP,370,181.0,2.321021556854248,10.186074647272754
dip,DIP,371,249.0,1.8503209352493286,6.361860940429951
dip,DIP,372,60.0,3.12787127494812,22.82533891877749
dip,DIP,373,227.0,2.3571383953094482,10.560687658239763
dip,DIP,374,250.0,1.7903915643692017,5.99179818177929
dip,DIP,375,249.0,1.7355449199676514,5.672017757572741
dip,DIP,376,249.0,1.8514527082443237,6.369065198863815
dip,DIP,377,248.0,1.741036295890808,5.703250616521135
dip,DIP,378,250.0,1.948750615119934,7.019911528074648
dip,DIP,379,165.0,1.9185998439788818,6.811414746130055
dip,DIP,380,249.0,1.8846399784088135,6.5839836390044795
dip,DIP,381,250.0,2.228858232498169,9.28925385412254
dip,DIP,382,249.0,2.5075886249542236,12.275294005404811
dip,DIP,383,230.0,0.7550592422485352,2.1277375715796043
dip,DIP,384,249.0,1.61996328830719,5.05290481246953
dip,DIP,385,159.0,1.9490550756454468,7.0220491394201625
dip,DIP,386,250.0,1.941109299659729,6.966474593835409
dip,DIP,387,250.0,1.7823374271392822,5.94373323762464
dip,DIP,388,51.0,2.9631121158599854,19.358122829476013
dip,DIP,389,234.0,2.4349594116210938,11.415355373194654
dip,DIP,390,50.0,3.0789120197296143,21.734742556728023
dip,DIP,391,249.0,2.1865222454071045,8.904192608370286
dip,DIP,392,77.0,2.689653158187866,14.726567245272848
dip,DIP,393,250.0,1.6701351404190063,5.312885734273177
dip,DIP,394,249.0,1.9524646997451782,7.046032551370119
dip,DIP,395,249.0,1.6415894031524658,5.163369669860842
dip,DIP,396,251.0,1.774103045463562,5.894991225147104
dip,DIP,397,249.0,2.046820878982544,7.743245221425133
dip,DIP,398,203.0,2.164243221282959,8.708009386451069
dip,DIP,399,249.0,1.5573201179504395,4.746085238625811
dip,DIP,400,249.0,2.2330684661865234,9.328446230276173
dip,DIP,401,249.0,2.0982718467712402,8.152069706833883
dip,DIP,402,140.0,2.088560104370117,8.073282107495736
dip,DIP,403,56.0,2.7373926639556885,15.446657917979405
dip,DIP,404,249.0,1.9212006330490112,6.829152855696116
dip,DIP,405,249.0,2.295416831970215,9.928573696801307
dip,DIP,406,250.0,1.811853051185608,6.121780901595851
dip,DIP,407,251.0,1.6753591299057007,5.340712814396491
dip,DIP,408,249.0,1.85558021068573,6.3954078583188165
dip,DIP,409,250.0,2.085008382797241,8.044658918159623
dip,DIP,410,249.0,2.011167049407959,7.472032491923796
dip,DIP,411,249.0,1.8466299772262573,6.338422859844408
dip,DIP,412,249.0,1.8469964265823364,6.340745996449914
dip,DIP,413,249.0,1.7372058629989624,5.681446484061821
dip,DIP,414,249.0,1.9472932815551758,7.009688626281409
dip,DIP,415,248.0,2.6980600357055664,14.85089355816697
dip,DIP,416,249.0,1.8376045227050781,6.281473097917895
dip,DIP,417,250.0,2.760180711746216,15.802698423470698
dip,DIP,418,248.0,1.7733865976333618,5.890769284055658
dip,DIP,419,249.0,2.0436277389526367,7.718559388782425
dip,DIP,420,59.0,2.9859466552734375,19.805242101751983
dip,DIP,421,249.0,1.6577645540237427,5.247567070358576
dip,DIP,422,247.0,1.7866199016571045,5.969241704450534
dip,DIP,423,121.0,2.9507484436035156,19.120258809694196
dip,DIP,424,249.0,1.6271376609802246,5.089286586827149
dip,DIP,425,87.0,2.469472646713257,11.816213889072898
dip,DIP,426,249.0,2.02748966217041,7.594996400902562
dip,DIP,427,249.0,2.030088424682617,7.61475966171753
dip,DIP,428,249.0,2.1966562271118164,8.994886301303927
dip,DIP,429,250.0,1.694385051727295,5.443297589328957
dip,DIP,430,249.0,1.819685697555542,6.1699189245006565
dip,DIP,431,249.0,1.9615851640701294,7.11058958745694
dip,DIP,432,251.0,2.2388641834259033,9.382668242858257
dip,DIP,433,249.0,2.2544186115264893,9.529751211736873
dip,DIP,434,251.0,2.130547046661377,8.419471395581619
dip,DIP,435,250.0,2.097557544708252,8.146248745834393
dip,DIP,436,127.0,2.8511531352996826,17.30772849044396
dip,DIP,437,175.0,2.067335844039917,7.903738252263841
dip,DIP,438,249.0,2.252790927886963,9.514252408596741
dip,DIP,439,249.0,1.8520146608352661,6.372645317388424
dip,DIP,440,249.0,1.9123246669769287,6.768805742305622
dip,DIP,441,249.0,2.1837005615234375,8.879103205418769
dip,DIP,442,250.0,2.1371049880981445,8.474867238737936
dip,DIP,443,57.0,2.774090051651001,16.024039311526863
dip,DIP,444,250.0,0.7327922582626343,2.080882865577945
dip,DIP,445,249.0,2.258049726486206,9.564417734899797
dip,DIP,446,249.0,1.9098554849624634,6.752112946164448
dip,DIP,447,249.0,2.101045846939087,8.174714943993376
dip,DIP,448,77.0,2.2785160541534424,9.762183104510218
dip,DIP,449,250.0,2.1908044815063477,8.942404220572808
dip,DIP,450,249.0,1.6960386037826538,5.452305810974881
dip,DIP,451,249.0,1.848362922668457,6.349416523808784
dip,DIP,452,250.0,1.9451943635940552,6.994991294564309
dip,DIP,453,249.0,1.936998724937439,6.937897154555267
dip,DIP,454,249.0,1.9185740947723389,6.811239359862945
dip,DIP,455,175.0,2.198225975036621,9.009017093398386
dip,DIP,456,249.0,2.346130132675171,10.445070375165155
dip,DIP,457,249.0,2.2546207904815674,9.53167812166277
dip,DIP,458,249.0,2.0177700519561768,7.521533589592977
dip,DIP,459,249.0,1.8721909523010254,6.502527531385497
dip,DIP,460,249.0,2.1676642894744873,8.737851096532275
dip,DIP,461,248.0,1.7277336120605469,5.627884474151414
dip,DIP,462,249.0,1.9998846054077148,7.38820349100886
dip,DIP,463,250.0,2.0681779384613037,7.910396749302304
dip,DIP,464,247.0,2.363335132598877,10.626332647568821
dip,DIP,465,249.0,1.7389662265777588,5.6914567037552874
dip,DIP,466,249.0,1.472955584526062,4.3621086882028495
dip,DIP,467,89.0,3.2446658611297607,25.65313691781016
dip,DIP,468,250.0,1.9531641006469727,7.05096227661681
dip,DIP,469,249.0,1.6913167238235474,5.426621364593439
dip,DIP,470,247.0,1.2882317304611206,3.6263684860559153
dip,DIP,471,223.0,1.7348183393478394,5.667898076216414
dip,DIP,472,243.0,1.0992963314056396,3.002052830244354
dip,DIP,473,249.0,2.019284248352051,7.532931295650788
dip,DIP,474,249.0,1.8520933389663696,6.373146724936827
dip,DIP,475,73.0,1.8975566625595093,6.669578486874687
dip,DIP,476,249.0,2.0639383792877197,7.876931144029527
dip,DIP,477,249.0,1.7705854177474976,5.874291269341292
dip,DIP,478,249.0,2.135479211807251,8.461100194612055
dip,DIP,479,249.0,2.10587739944458,8.21430707717833
dip,DIP,480,208.0,2.028007984161377,7.598934074961835
dip,DIP,481,194.0,2.222816228866577,9.233297363488935
dip,DIP,482,192.0,1.9615005254745483,7.1099877826088225
dip,DIP,483,250.0,1.9102715253829956,6.75492268251547
dip,DIP,484,249.0,1.471993327140808,4.3579132357786134
dip,DIP,485,89.0,2.289538621902466,9.870382652088704
dip,DIP,486,92.0,2.0640594959259033,7.877885229225525
dip,DIP,487,249.0,2.1140716075897217,8.281893348952982
dip,DIP,488,249.0,2.109560489654541,8.244616893787205
dip,DIP,489,212.0,1.6823923587799072,5.378407672869731
dip,DIP,490,249.0,2.2223281860351562,9.228792218341624
dip,DIP,491,199.0,1.841753363609314,6.307588066410666
dip,DIP,492,248.0,2.5162370204925537,12.381915993312223
dip,DIP,493,249.0,1.9012495279312134,6.694253875715179
dip,DIP,494,249.0,1.5316412448883057,4.625762604763209
dip,DIP,495,249.0,2.5055510997772217,12.250308248012622
dip,DIP,496,249.0,2.1908860206604004,8.943133406376344
dip,DIP,497,249.0,2.436587333679199,11.433953816308328
dip,DIP,498,250.0,2.138617515563965,8.487695407238679
dip,DIP,499,96.0,2.195625066757202,8.98561591160635
ewd,EWD,0,232.0,1.9148733615875244,6.786079364264238
ewd,EWD,1,249.0,1.51986825466156,4.571622865464336
ewd,EWD,2,249.0,2.0086781978607178,7.453458835419792
ewd,EWD,3,249.0,1.3389902114868164,3.8151890255355227
ewd,EWD,4,250.0,2.3219704627990723,10.195744861396204
ewd,EWD,5,250.0,2.1466026306152344,8.555741949755758
ewd,EWD,6,249.0,1.6341081857681274,5.124885512590021
ewd,EWD,7,250.0,2.125901699066162,8.380450726835754
ewd,EWD,8,249.0,2.2722692489624023,9.701390725181932
ewd,EWD,9,249.0,1.830116868019104,6.234615243083105
ewd,EWD,10,249.0,2.2381367683410645,9.375845630178892
ewd,EWD,11,250.0,1.7789441347122192,5.923598593328846
ewd,EWD,12,181.0,2.553952217102051,12.857820392771337
ewd,EWD,13,183.0,2.7198877334594727,15.178618098352477
ewd,EWD,14,69.0,2.4479024410247803,11.564064953674968
ewd,EWD,15,125.0,2.3391501903533936,10.372418235237717
ewd,EWD,16,224.0,2.3510186672210693,10.496256473096402
ewd,EWD,17,249.0,1.9376897811889648,6.94269328876476
ewd,EWD,18,249.0,2.303679943084717,10.010954496578238
ewd,EWD,19,249.0,2.150468111038208,8.588878004893035
ewd,EWD,20,249.0,1.9140121936798096,6.78023792608708
ewd,EWD,21,249.0,2.4160029888153076,11.200999202328711
ewd,EWD,22,251.0,1.5640733242034912,4.778244999663957
ewd,EWD,23,249.0,2.0853073596954346,8.047064444910543
ewd,EWD,24,249.0,2.06124210357666,7.855721372453573
ewd,EWD,25,250.0,1.2474548816680908,3.4814709166022193
ewd,EWD,26,250.0,1.7081795930862427,5.518905673528867
ewd,EWD,27,249.0,1.853265643119812,6.380622372323062
ewd,EWD,28,68.0,2.9912121295928955,19.909801130292507
ewd,EWD,29,249.0,1.9844799041748047,7.275262567616133
ewd,EWD,30,249.0,2.789733648300171,16.276683901952048
ewd,EWD,31,249.0,1.8724435567855835,6.50417030647833
ewd,EWD,32,178.0,1.6653623580932617,5.287588903296471
ewd,EWD,33,249.0,2.062392234802246,7.864761680677378
ewd,EWD,34,250.0,1.8246546983718872,6.200653553632953
ewd,EWD,35,249.0,1.7766342163085938,5.909931355102028
ewd,EWD,36,249.0,2.1056413650512695,8.2123684469916
ewd,EWD,37,65.0,2.137669086456299,8.47964924606732
ewd,EWD,38,249.0,1.9981653690338135,7.3755123355034335
ewd,EWD,39,249.0,1.381706953048706,3.981692392055394
ewd,EWD,40,248.0,1.201033115386963,3.323548759052153
ewd,EWD,41,249.0,1.820481538772583,6.174831154704939
ewd,EWD,42,249.0,1.8785966634750366,6.544314539517502
ewd,EWD,43,249.0,1.8019026517868042,6.0611687940341605
ewd,EWD,44,249.0,2.0073604583740234,7.443643586790551
ewd,EWD,45,249.0,2.137152671813965,8.475271361533924
ewd,EWD,46,249.0,1.7443835735321045,5.7223729658443725
ewd,EWD,47,249.0,2.5705721378326416,13.073302032314356
ewd,EWD,48,249.0,1.3819464445114136,3.9826460875868293
ewd,EWD,49,190.0,1.5088189840316772,4.52138780865859
ewd,EWD,50,250.0,2.208003044128418,9.09753087354891
ewd,EWD,51,249.0,2.1144216060638428,8.284792506308678
ewd,EWD,52,249.0,2.4947197437286377,12.118336802748766
ewd,EWD,53,249.0,1.9511321783065796,7.036649814675596
ewd,EWD,54,249.0,2.429922342300415,11.35800000959949
ewd,EWD,55,250.0,2.579094409942627,13.185192372364682
ewd,EWD,56,249.0,2.0242154598236084,7.5701695121709625
ewd,EWD,57,249.0,1.2644506692886353,3.541146940947275
ewd,EWD,58,249.0,1.371073842048645,3.93957891033458
ewd,EWD,59,249.0,2.0953898429870605,8.128609233914206
ewd,EWD,60,248.0,2.0446836948394775,7.726714151784196
ewd,EWD,61,249.0,1.9970413446426392,7.36722673722056
ewd,EWD,62,249.0,1.4708131551742554,4.352773182415113
ewd,EWD,63,250.0,1.6260192394256592,5.08359780083451
ewd,EWD,64,250.0,1.1950434446334839,3.303701295475876
ewd,EWD,65,248.0,2.1774933338165283,8.824159291097391
ewd,EWD,66,250.0,2.167358160018921,8.735176592326418
ewd,EWD,67,249.0,2.384667158126831,10.855448915599174
ewd,EWD,68,249.0,2.1703131198883057,8.761026863055118
ewd,EWD,69,249.0,2.2426955699920654,9.41868582650169
ewd,EWD,70,249.0,2.15067195892334,8.590629007973062
ewd,EWD,71,246.0,1.6763180494308472,5.345836584441365
ewd,EWD,72,249.0,1.9821110963821411,7.258049264504577
ewd,EWD,73,249.0,2.2019355297088623,9.042498597189578
ewd,EWD,74,249.0,2.1220381259918213,8.348134710900183
ewd,EWD,75,249.0,2.125220537185669,8.374744227005003
ewd,EWD,76,249.0,1.7660977840423584,5.8479886642178505
ewd,EWD,77,250.0,1.2142313718795776,3.367704556841298
ewd,EWD,78,249.0,1.7458908557891846,5.731004700680365
ewd,EWD,79,249.0,1.559557318687439,4.756715070119369
ewd,EWD,80,249.0,2.3819315433502197,10.825793170979788
ewd,EWD,81,249.0,2.2147839069366455,9.159429608535378
ewd,EWD,82,249.0,1.9098396301269531,6.752005893372994
ewd,EWD,83,249.0,1.942718505859375,6.977694112780086
ewd,EWD,84,249.0,2.075402021408081,7.967749020923047
ewd,EWD,85,163.0,1.8648288249969482,6.454830885723148
ewd,EWD,86,249.0,2.0400619506835938,7.691085652134271
ewd,EWD,87,249.0,2.037982940673828,7.675112418087657
ewd,EWD,88,249.0,2.0339601039886475,7.644298715092084
ewd,EWD,89,231.0,2.146094560623169,8.551396138092965
ewd,EWD,90,249.0,2.4193644523620605,11.23871430629484
ewd,EWD,91,249.0,1.8444746732711792,6.324776343463711
ewd,EWD,92,249.0,1.8344064950942993,6.261416860807974
ewd,EWD,93,249.0,2.1403517723083496,8.50242802161835
ewd,EWD,94,249.0,2.3164095878601074,10.139204950698728
ewd,EWD,95,249.0,2.0507848262786865,7.7739999521794445
ewd,EWD,96,249.0,2.414867877960205,11.18829203992955
ewd,EWD,97,249.0,1.6405616998672485,5.1580659836630005
ewd,EWD,98,249.0,1.8730459213256836,6.50808936826715
ewd,EWD,99,249.0,1.9850847721099854,7.279664471814447
ewd,EWD,100,249.0,2.2354981899261475,9.351139335359585
ewd,EWD,101,249.0,1.754381775856018,5.779873379919538
ewd,EWD,102,250.0,1.9070366621017456,6.733106735988422
ewd,EWD,103,249.0,1.65049409866333,5.209553224656217
ewd,EWD,104,250.0,1.9529502391815186,7.049454508723943
ewd,EWD,105,249.0,2.1587677001953125,8.660458798350504
ewd,EWD,106,249.0,2.252114772796631,9.507821472799963
ewd,EWD,107,249.0,2.191041946411133,8.944527979888768
ewd,EWD,108,250.0,2.3246071338653564,10.222663158624448
ewd,EWD,109,250.0,2.0436649322509766,7.7188464728032935
ewd,EWD,110,249.0,2.2578365802764893,9.562379332758017
ewd,EWD,111,250.0,2.290081739425659,9.875744885897438
ewd,EWD,112,249.0,0.9061324596405029,2.474732871875808
ewd,EWD,113,249.0,2.1834938526153564,8.87726800537307
ewd,EWD,114,249.0,1.88960599899292,6.616761156833826
ewd,EWD,115,173.0,1.4158143997192383,4.119840296889507
ewd,EWD,116,249.0,2.247939348220825,9.468205046616417
ewd,EWD,117,249.0,1.9826723337173462,7.262123896043293
ewd,EWD,118,96.0,2.9852993488311768,19.792426189307825
ewd,EWD,119,250.0,1.6163103580474854,5.034480575294989
ewd,EWD,120,249.0,2.2789947986602783,9.766857814952916
ewd,EWD,121,250.0,1.5595558881759644,4.756708265588746
ewd,EWD,122,238.0,0.7788918018341064,2.179056100976449
ewd,EWD,123,249.0,2.0229079723358154,7.56027807812559
ewd,EWD,124,246.0,1.2715989351272583,3.5665506888537846
ewd,EWD,125,249.0,1.7644548416137695,5.838388643819327
ewd,EWD,126,249.0,1.1318964958190918,3.101532970323801
ewd,EWD,127,128.0,2.550933837890625,12.81906912742107
ewd,EWD,128,249.0,2.2851881980895996,9.827535573410284
ewd,EWD,129,116.0,2.768310546875,15.931695407855528
ewd,EWD,130,249.0,1.766362190246582,5.849535113139234
ewd,EWD,131,249.0,2.251979351043701,9.506533994127851
ewd,EWD,132,249.0,2.213229179382324,9.145200255191224
ewd,EWD,133,249.0,1.797167181968689,6.032534164868759
ewd,EWD,134,250.0,2.4020252227783203,11.045523389734969
ewd,EWD,135,249.0,2.012258768081665,7.480194303716303
ewd,EWD,136,249.0,1.7114803791046143,5.537152498077558
ewd,EWD,137,250.0,2.1351871490478516,8.458629383175229
ewd,EWD,138,249.0,1.573449730873108,4.823258470464822
ewd,EWD,139,249.0,1.8297667503356934,6.232432776119674
ewd,EWD,140,165.0,0.8502905368804932,2.3403267043801286
ewd,EWD,141,250.0,2.2055892944335938,9.07559819182979
ewd,EWD,142,249.0,2.277340888977051,9.750717665092301
ewd,EWD,143,249.0,2.3303065299987793,10.281092513359349
ewd,EWD,144,98.0,2.034700870513916,7.649963453554655
ewd,EWD,145,249.0,1.6719012260437012,5.3222770358744995
ewd,EWD,146,249.0,1.8763623237609863,6.529708640986581
ewd,EWD,147,61.0,4.164468765258789,64.35848389800066
ewd,EWD,148,250.0,1.765370488166809,5.843736992481179
ewd,EWD,149,249.0,2.4024569988250732,11.050293611918235
ewd,EWD,150,249.0,2.469977378845215,11.82217941727104
ewd,EWD,151,250.0,1.9291645288467407,6.883756658325459
ewd,EWD,152,249.0,2.275268077850342,9.730527201760328
ewd,EWD,153,249.0,2.0612454414367676,7.855747593796319
ewd,EWD,154,249.0,2.4556424617767334,11.653918341358976
ewd,EWD,155,249.0,2.0133490562438965,7.488354318592311
ewd,EWD,156,249.0,2.1330060958862305,8.44020076701724
ewd,EWD,157,249.0,2.1139683723449707,8.281038409796787
ewd,EWD,158,249.0,1.0196402072906494,2.7721971681812207
ewd,EWD,159,119.0,3.066063404083252,21.457267605225677
ewd,EWD,160,250.0,1.1620954275131226,3.196624558167889
ewd,EWD,161,248.0,2.118826150894165,8.321363726979605
ewd,EWD,162,249.0,2.1008925437927246,8.17346183052742
ewd,EWD,163,249.0,2.1823318004608154,8.866958148416906
ewd,EWD,164,249.0,1.7978225946426392,6.036489260184669
ewd,EWD,165,229.0,2.1906380653381348,8.940916183747936
ewd,EWD,166,249.0,1.9475678205490112,7.011613323334075
ewd,EWD,167,249.0,1.947463870048523,7.010884500501289
ewd,EWD,168,250.0,2.202301263809204,9.045806352121378
ewd,EWD,169,248.0,2.209639549255371,9.112431218386003
ewd,EWD,170,249.0,1.8968513011932373,6.664875682663912
ewd,EWD,171,108.0,3.2722301483154297,26.370083011578338
ewd,EWD,172,249.0,2.0824086666107178,8.023772249623747
ewd,EWD,173,249.0,2.003938913345337,7.418218346687166
ewd,EWD,174,249.0,1.3698005676269531,3.9345659373981867
ewd,EWD,175,248.0,1.794395923614502,6.015839597331671
ewd,EWD,176,250.0,2.1441500186920166,8.53478374671298
ewd,EWD,177,249.0,2.0476818084716797,7.749914480046639
ewd,EWD,178,249.0,2.2412211894989014,9.404809331977999
ewd,EWD,179,249.0,0.8839245438575745,2.420379978755583
ewd,EWD,180,249.0,1.6084764003753662,4.995194750229335
ewd,EWD,181,249.0,2.046194314956665,7.738395102139635
ewd,EWD,182,250.0,1.9991825819015503,7.383018618653921
ewd,EWD,183,248.0,2.36625075340271,10.657360214434204
ewd,EWD,184,249.0,2.2796828746795654,9.773580468182173
ewd,EWD,185,249.0,2.076733112335205,7.978361881128372
ewd,EWD,186,249.0,2.0584661960601807,7.83394485523087
ewd,EWD,187,249.0,2.292177677154541,9.896465539218728
ewd,EWD,188,147.0,2.0822489261627197,8.022490631015849
ewd,EWD,189,249.0,1.8967772722244263,6.66438230705214
ewd,EWD,190,250.0,2.40922212600708,11.125303693891977
ewd,EWD,191,71.0,2.5870916843414307,13.29106073870939
ewd,EWD,192,249.0,2.054638147354126,7.8040134587374155
ewd,EWD,193,195.0,2.2573041915893555,9.557289785108184
ewd,EWD,194,249.0,2.256915807723999,9.553578608686284
ewd,EWD,195,250.0,2.324646234512329,10.223062879182349
ewd,EWD,196,249.0,1.9574549198150635,7.081281681731258
ewd,EWD,197,250.0,2.1028454303741455,8.189439270446174
ewd,EWD,198,174.0,2.2287344932556152,9.28810447999955
ewd,EWD,199,249.0,1.9005392789840698,6.68950097701849
ewd,EWD,200,249.0,1.9487099647521973,7.019626171889508
ewd,EWD,201,250.0,1.7884278297424316,5.980043425601423
ewd,EWD,202,192.0,2.514057159423828,12.354954533476771
ewd,EWD,203,247.0,1.667991280555725,5.301507852439222
ewd,EWD,204,249.0,1.9836866855621338,7.269493982112592
ewd,EWD,205,249.0,1.8911349773406982,6.6268857795670915
ewd,EWD,206,249.0,1.5925304889678955,4.916173524412801
ewd,EWD,207,249.0,2.2374002933502197,9.368943096437974
ewd,EWD,209,248.0,2.315459966659546,10.129581116942205
ewd,EWD,210,249.0,2.5000483989715576,12.183083595150913
ewd,EWD,211,249.0,2.0683302879333496,7.91160198587698
ewd,EWD,212,249.0,2.2447173595428467,9.437747690132998
ewd,EWD,213,250.0,1.8691734075546265,6.482935438469814
ewd,EWD,214,249.0,2.160083770751953,8.671864076611266
ewd,EWD,215,249.0,2.067218065261841,7.9028074144478015
ewd,EWD,216,250.0,2.086233377456665,8.054519620792195
ewd,EWD,217,156.0,2.4371538162231445,11.44043278649204
ewd,EWD,218,249.0,2.17997145652771,8.846053758026958
ewd,EWD,219,249.0,2.330669403076172,10.284823922011554
ewd,EWD,220,250.0,1.6928845643997192,5.435136114901692
ewd,EWD,221,249.0,2.350465774536133,10.490454773679586
ewd,EWD,222,249.0,2.1434340476989746,8.528675276123266
ewd,EWD,223,136.0,2.6266911029815674,13.827938893127051
ewd,EWD,224,102.0,2.5576257705688477,12.905141147896574
ewd,EWD,225,250.0,2.2648026943206787,9.629224512983487
ewd,EWD,226,247.0,1.1127657890319824,3.0427624061064926
ewd,EWD,227,249.0,1.9140112400054932,6.780231459951395
ewd,EWD,228,249.0,2.0573880672454834,7.82550340485281
ewd,EWD,229,251.0,2.2172210216522217,9.181779412676631
ewd,EWD,230,249.0,1.746611475944519,5.735136066571974
ewd,EWD,231,250.0,2.465210437774658,11.76595789347229
ewd,EWD,232,249.0,2.3135151863098145,10.109900450124982
ewd,EWD,233,249.0,2.8424136638641357,17.157127138350727
ewd,EWD,234,251.0,2.0283586978912354,7.601599592863754
ewd,EWD,235,190.0,1.302759051322937,3.6794344243087664
ewd,EWD,236,249.0,2.325131893157959,10.228029003877527
ewd,EWD,237,249.0,1.9516515731811523,7.040305563830004
ewd,EWD,238,151.0,2.5109219551086426,12.31627988485151
ewd,EWD,239,249.0,2.0103559494018555,7.465974383522
ewd,EWD,240,250.0,1.8053395748138428,6.08203640427678
ewd,EWD,241,249.0,1.8481783866882324,6.348244936110075
ewd,EWD,242,249.0,1.5662368535995483,4.788594064398304
ewd,EWD,243,90.0,3.150865077972412,23.3562608307804
ewd,EWD,244,250.0,1.8497591018676758,6.358287638478338
ewd,EWD,245,249.0,2.1450228691101074,8.542236588409436
ewd,EWD,246,208.0,1.4627525806427002,4.317828356650824
ewd,EWD,247,249.0,1.7786672115325928,5.921958438680452
ewd,EWD,248,249.0,1.410705327987671,4.098845415136952
ewd,EWD,249,249.0,1.776240348815918,5.907604083605689
ewd,EWD,250,250.0,2.365172863006592,10.645878937102005
ewd,EWD,251,247.0,2.0212254524230957,7.5475684548088795
ewd,EWD,252,249.0,2.6688265800476074,14.42303498225346
ewd,EWD,253,249.0,1.7250211238861084,5.612639589200383
ewd,EWD,254,249.0,2.178138256072998,8.829852023306392
ewd,EWD,255,182.0,2.031557083129883,7.625951359197463
ewd,EWD,256,249.0,2.509934186935425,12.3041202620017
ewd,EWD,257,249.0,2.2348339557647705,9.344930051602736
ewd,EWD,258,144.0,1.7076090574264526,5.515757839100385
ewd,EWD,259,218.0,2.120006799697876,8.331194137098171
ewd,EWD,260,249.0,1.9253904819488525,6.85782600040129
ewd,EWD,261,249.0,2.386708974838257,10.877636396281165
ewd,EWD,262,122.0,2.2247414588928223,9.251090707458477
ewd,EWD,263,250.0,2.065965414047241,7.89291415083934
ewd,EWD,264,249.0,2.116225004196167,8.299746765830186
ewd,EWD,265,250.0,1.5319664478302002,4.6272671610005816
ewd,EWD,266,249.0,2.415534734725952,11.195755516431849
ewd,EWD,267,249.0,2.1236445903778076,8.361556469905087
ewd,EWD,268,170.0,2.223520517349243,9.239802558977306
ewd,EWD,269,249.0,2.071678876876831,7.938139094950313
ewd,EWD,270,249.0,1.930393934249878,6.892224790272083
ewd,EWD,271,249.0,1.9338489770889282,6.916078906946821
ewd,EWD,272,170.0,2.087303876876831,8.063146596138168
ewd,EWD,273,250.0,2.1645545959472656,8.710721262133333
ewd,EWD,274,249.0,1.9201239347457886,6.821803875431192
ewd,EWD,275,249.0,2.3322243690490723,10.30082891363134
ewd,EWD,276,252.0,2.13508939743042,8.457802578883154
ewd,EWD,277,249.0,2.1977944374084473,9.005130202259934
ewd,EWD,278,72.0,4.141413688659668,62.89166787147262
ewd,EWD,279,249.0,2.0930845737457275,8.109892183281952
ewd,EWD,280,250.0,2.2714006900787354,9.6929681543625
ewd,EWD,281,249.0,2.0679891109466553,7.908903189761256
ewd,EWD,282,249.0,2.560757875442505,12.945624769760178
ewd,EWD,283,251.0,1.7443190813064575,5.7220039291759495
ewd,EWD,284,249.0,2.229039192199707,9.290934986831543
ewd,EWD,285,203.0,2.0324225425720215,7.632554167625884
ewd,EWD,286,251.0,1.666261911392212,5.292347511327813
ewd,EWD,287,249.0,2.0527734756469727,7.789475094489397
ewd,EWD,288,249.0,1.8691128492355347,6.482542854684107
ewd,EWD,289,249.0,1.8470431566238403,6.341042306696735
ewd,EWD,290,249.0,2.21146297454834,9.129062214031094
ewd,EWD,291,249.0,1.6996599435806274,5.472086257240635
ewd,EWD,292,141.0,2.4209306240081787,11.25632985286421
ewd,EWD,293,248.0,2.437227249145508,11.44127292175107
ewd,EWD,294,250.0,2.465012550354004,11.763629788772139
ewd,EWD,295,249.0,1.9674034118652344,7.1520813472678615
ewd,EWD,296,249.0,2.5131046772003174,12.343192261478094
ewd,EWD,297,249.0,1.309638261795044,3.70483329003986
ewd,EWD,298,249.0,1.5037291049957275,4.4984329598969754
ewd,EWD,299,249.0,2.2316737174987793,9.315444461345601
ewd,EWD,300,249.0,1.6447044610977173,5.179478943208705
ewd,EWD,301,144.0,2.2645914554595947,9.627190661386054
ewd,EWD,302,249.0,0.8621077537536621,2.3681469075379304
ewd,EWD,303,114.0,1.5029875040054321,4.495098154259558
ewd,EWD,304,128.0,2.3147594928741455,10.122488095440534
ewd,EWD,305,86.0,2.9056997299194336,18.278028862253713
ewd,EWD,306,249.0,1.5698144435882568,4.805756372128001
ewd,EWD,307,249.0,1.583996057510376,4.874395308676086
ewd,EWD,308,250.0,1.4452747106552124,4.243017584874249
ewd,EWD,309,249.0,1.6496487855911255,5.205151381944775
ewd,EWD,310,251.0,1.9983980655670166,7.37722879135342
ewd,EWD,311,249.0,2.3853700160980225,10.863081436375186
ewd,EWD,312,249.0,1.1634405851364136,3.2009274154229104
ewd,EWD,313,249.0,1.8300387859344482,6.234128450333043
ewd,EWD,314,134.0,2.3312432765960693,10.290727803995946
ewd,EWD,315,249.0,2.0195939540863037,7.535264648976586
ewd,EWD,316,250.0,2.1165311336517334,8.302287951735032
ewd,EWD,317,250.0,1.4832316637039185,4.40716516795386
ewd,EWD,318,249.0,1.8245023488998413,6.199708959293769
ewd,EWD,319,249.0,2.5178258419036865,12.401604282999664
ewd,EWD,320,249.0,2.3675544261932373,10.67126298532762
ewd,EWD,321,249.0,2.38094425201416,10.81511023362961
ewd,EWD,322,114.0,2.5418622493743896,12.703305680197765
ewd,EWD,323,250.0,2.019458055496216,7.53424068671394
ewd,EWD,324,249.0,2.1692919731140137,8.752085134919838
ewd,EWD,325,249.0,2.264246940612793,9.62387452253255
ewd,EWD,326,249.0,2.2696471214294434,9.67598576353424
ewd,EWD,327,249.0,2.340921401977539,10.390806262723254
ewd,EWD,328,249.0,2.11312198638916,8.274032420490924
ewd,EWD,329,249.0,1.8297046422958374,6.232045703956686
ewd,EWD,330,75.0,2.528334617614746,12.532617147580249
ewd,EWD,331,249.0,1.0174319744110107,2.766082265295244
ewd,EWD,332,179.0,1.9336578845977783,6.914757422466406
ewd,EWD,333,249.0,1.5115677118301392,4.533832969359676
ewd,EWD,334,86.0,3.3305160999298096,27.95276440088503
ewd,EWD,335,249.0,2.067810297012329,7.907489094099462
ewd,EWD,336,251.0,2.0010244846343994,7.396629952352507
ewd,EWD,337,248.0,2.4059739112854004,11.089224946132056
ewd,EWD,338,218.0,2.2047934532165527,9.068378330032296
ewd,EWD,339,250.0,2.205526351928711,9.075026968923575
ewd,EWD,340,70.0,2.5690839290618896,13.053860699536319
ewd,EWD,341,246.0,2.0737857818603516,7.954881631042297
ewd,EWD,342,203.0,1.6445704698562622,5.178784984888221
ewd,EWD,343,249.0,1.9252400398254395,6.856794372097914
ewd,EWD,344,96.0,2.792325258255005,16.31892142593736
ewd,EWD,345,59.0,1.91268789768219,6.7712648269696665
ewd,EWD,346,250.0,2.437350034713745,11.442677831197662
ewd,EWD,347,125.0,3.242295980453491,25.592414025767177
ewd,EWD,348,249.0,1.8132667541503906,6.130441401651115
ewd,EWD,349,250.0,2.3610894680023193,10.602496242853288
ewd,EWD,350,119.0,1.405593991279602,4.077948287729166
ewd,EWD,351,249.0,2.0858497619628906,8.051430374849938
ewd,EWD,352,250.0,1.6430790424346924,5.171066959819095
ewd,EWD,353,249.0,2.5591437816619873,12.924746171874805
ewd,EWD,354,119.0,2.34108567237854,10.392513304839163
ewd,EWD,355,95.0,2.606553792953491,13.552266367771205
ewd,EWD,356,249.0,1.8149938583374023,6.141038461142892
ewd,EWD,357,249.0,2.1528139114379883,8.609049448190536
ewd,EWD,358,215.0,1.4870634078979492,4.424084692441758
ewd,EWD,359,248.0,2.282344341278076,9.799627171987243
ewd,EWD,360,249.0,2.023064613342285,7.5614624204488035
ewd,EWD,361,251.0,1.4498341083526611,4.262407358736397
ewd,EWD,362,249.0,2.216125726699829,9.171728161579091
ewd,EWD,363,249.0,2.074479579925537,7.960402627533572
ewd,EWD,364,249.0,1.9218096733093262,6.8333133515552165
ewd,EWD,365,249.0,1.6617491245269775,5.268518083996767
ewd,EWD,366,250.0,2.4582464694976807,11.684304780790105
ewd,EWD,367,249.0,1.8968278169631958,6.664719165028037
ewd,EWD,368,249.0,1.6092146635055542,4.998883879948208
ewd,EWD,369,216.0,2.2302517890930176,9.302207979148948
ewd,EWD,370,135.0,2.459935188293457,11.704052955753019
ewd,EWD,371,249.0,1.8620988130569458,6.437233152275248
ewd,EWD,372,154.0,2.6668238639831543,14.394178643567777
ewd,EWD,373,250.0,2.0455451011657715,7.73337285975085
ewd,EWD,374,250.0,2.2068686485290527,9.087216525942223
ewd,EWD,375,249.0,2.1018922328948975,8.181636836797937
ewd,EWD,376,249.0,1.9688806533813477,7.162654506392706
ewd,EWD,377,248.0,1.7921907901763916,6.002588483883551
ewd,EWD,378,250.0,1.6176904439926147,5.04143338781385
ewd,EWD,379,248.0,1.641341209411621,5.162088312846088
ewd,EWD,380,249.0,1.8555469512939453,6.3951951544804535
ewd,EWD,381,249.0,2.277054786682129,9.7479283614233
ewd,EWD,382,250.0,2.5900282859802246,13.330148654184343
ewd,EWD,383,230.0,0.8133949637413025,2.2555525219025445
ewd,EWD,384,249.0,1.7430883646011353,5.714966095030748
ewd,EWD,385,248.0,1.877960443496704,6.5401522400724
ewd,EWD,386,249.0,2.21414852142334,9.153611688158866
ewd,EWD,387,249.0,2.0638504028320312,7.8762381900280385
ewd,EWD,388,51.0,2.9324748516082764,18.774036002811844
ewd,EWD,389,249.0,2.0155045986175537,7.504513192947521
ewd,EWD,390,249.0,1.3172670602798462,3.733204799294471
ewd,EWD,391,87.0,2.636378765106201,13.962550275016204
ewd,EWD,392,45.0,2.7730157375335693,16.006833703644755
ewd,EWD,393,250.0,2.022411823272705,7.55652798362014
ewd,EWD,394,249.0,2.1716153621673584,8.772443274497572
ewd,EWD,395,250.0,1.85541570186615,6.394355843856513
ewd,EWD,396,249.0,1.533614993095398,4.634901711591732
ewd,EWD,397,249.0,1.9847437143325806,7.277182108968078
ewd,EWD,398,249.0,1.4525716304779053,4.274091779070387
ewd,EWD,399,249.0,1.8168812990188599,6.152640252362995
ewd,EWD,400,249.0,2.2779996395111084,9.757143071699282
ewd,EWD,401,249.0,2.2566137313842773,9.550693134467616
ewd,EWD,402,249.0,2.090912103652954,8.092292809037126
ewd,EWD,403,250.0,2.1208105087280273,8.337892684539058
ewd,EWD,404,249.0,1.8119632005691528,6.122455249127159
ewd,EWD,405,249.0,2.019449234008789,7.534174223797604
ewd,EWD,406,249.0,2.0565009117126465,7.818564044810921
ewd,EWD,407,251.0,0.9758974313735962,2.6535475195364246
ewd,EWD,408,249.0,2.086522340774536,8.056847417813454
ewd,EWD,409,249.0,2.368964195251465,10.686317610975898
ewd,EWD,410,249.0,2.101672887802124,8.1798424317111
ewd,EWD,411,249.0,1.4262224435806274,4.162943697336843
ewd,EWD,412,249.0,2.1973254680633545,9.00090806235098
ewd,EWD,413,250.0,1.8415058851242065,6.306027267211386
ewd,EWD,414,249.0,2.1791365146636963,8.838670899970598
ewd,EWD,415,247.0,2.0618906021118164,7.860817448476526
ewd,EWD,416,249.0,2.0174806118011475,7.5193568707748595
ewd,EWD,417,76.0,4.216307640075684,67.78274337624082
ewd,EWD,418,248.0,2.099860668182373,8.165032184533379
ewd,EWD,419,248.0,2.2038631439208984,9.05994585638784
ewd,EWD,420,124.0,2.6127257347106934,13.636168820657195
ewd,EWD,421,249.0,2.2477331161499023,9.466252600417164
ewd,EWD,422,247.0,2.147439479827881,8.562904812369965
ewd,EWD,423,197.0,2.7212510108947754,15.19932487724024
ewd,EWD,424,249.0,1.8852548599243164,6.588033253731507
ewd,EWD,425,196.0,1.2548201084136963,3.5072074004880704
ewd,EWD,426,249.0,2.2404837608337402,9.397876512530292
ewd,EWD,427,249.0,2.000542402267456,7.393065026840579
ewd,EWD,428,249.0,2.3430521488189697,10.412970044666205
ewd,EWD,429,202.0,1.521078109741211,4.577157213815024
ewd,EWD,430,249.0,1.9483684301376343,7.017229135929192
ewd,EWD,431,249.0,2.0060312747955322,7.433756190508929
ewd,EWD,432,161.0,2.450463056564331,11.593714021827916
ewd,EWD,433,250.0,1.608651876449585,4.996071364304213
ewd,EWD,434,250.0,2.6219003200531006,13.7618506731026
ewd,EWD,435,250.0,2.2432446479797363,9.423858839625662
ewd,EWD,436,83.0,3.1009228229522705,22.218445515197768
ewd,EWD,437,249.0,1.6772764921188354,5.350962718587387
ewd,EWD,438,249.0,2.4231319427490234,11.281135915730879
ewd,EWD,439,249.0,1.9005937576293945,6.689865421896758
ewd,EWD,440,249.0,1.0473711490631104,2.850148645006511
ewd,EWD,441,251.0,2.2942605018615723,9.917099623286653
ewd,EWD,442,250.0,2.042849063873291,7.7125514783465645
ewd,EWD,443,66.0,2.8444130420684814,17.191465040187744
ewd,EWD,444,250.0,0.8315081596374512,2.2967800404646135
ewd,EWD,445,249.0,2.3697102069854736,10.694292703693536
ewd,EWD,446,249.0,2.266852617263794,9.648983926955692
ewd,EWD,447,250.0,2.115399122238159,8.292894984491003
ewd,EWD,448,103.0,2.358006477355957,10.56985918183621
ewd,EWD,449,220.0,2.3135733604431152,10.110488601928871
ewd,EWD,450,250.0,1.9178975820541382,6.806633028105979
ewd,EWD,451,249.0,2.0312414169311523,7.623544484024755
ewd,EWD,452,249.0,2.2215418815612793,9.221538429948732
ewd,EWD,453,249.0,2.236424684524536,9.359807130155072
ewd,EWD,454,249.0,2.311321973800659,10.08775158745113
ewd,EWD,455,249.0,2.2679951190948486,9.660014208618726
ewd,EWD,456,249.0,2.3372411727905273,10.35263599498707
ewd,EWD,457,249.0,2.0663437843322754,7.895901160078476
ewd,EWD,458,249.0,2.2146689891815186,9.158377087924332
ewd,EWD,459,249.0,1.8238016366958618,6.195366269230521
ewd,EWD,460,249.0,1.955032467842102,7.064148377631987
ewd,EWD,461,248.0,2.1443216800689697,8.536248965200052
ewd,EWD,462,249.0,2.0703318119049072,7.927453104810636
ewd,EWD,463,249.0,2.2778000831604004,9.755196166099708
ewd,EWD,464,248.0,2.512698173522949,12.33817572812205
ewd,EWD,465,249.0,2.007835865020752,7.447183185735356
ewd,EWD,466,250.0,1.860575556755066,6.427435060706291
ewd,EWD,467,249.0,2.6361083984375,13.958775777083984
ewd,EWD,468,249.0,1.9491153955459595,7.022472721500733
ewd,EWD,469,249.0,1.87852942943573,6.543874553607698
ewd,EWD,470,247.0,0.9033591747283936,2.4678792404696877
ewd,EWD,471,249.0,1.7100391387939453,5.5291778787428205
ewd,EWD,472,243.0,1.2899893522262573,3.632747874869441
ewd,EWD,473,249.0,2.2248761653900146,9.252336973421064
ewd,EWD,474,250.0,2.1772148609161377,8.821702343978563
ewd,EWD,475,249.0,2.0544626712799072,7.802644161235515
ewd,EWD,476,249.0,2.19673490524292,8.995594029988622
ewd,EWD,477,249.0,2.0738587379455566,7.955462009235171
ewd,EWD,478,249.0,1.6498584747314453,5.2062429601053335
ewd,EWD,479,249.0,1.7726953029632568,5.8866984338874015
ewd,EWD,480,249.0,1.9728481769561768,7.191128956178652
ewd,EWD,481,150.0,2.436204433441162,11.429576590744194
ewd,EWD,482,249.0,1.8901641368865967,6.620455252780431
ewd,EWD,483,250.0,2.039445638656616,7.686347003939278
ewd,EWD,484,166.0,1.8709983825683594,6.494777436048831
ewd,EWD,485,249.0,2.3199596405029297,10.175263629263402
ewd,EWD,486,145.0,2.2125167846679688,9.138687582939783
ewd,EWD,487,249.0,1.9634112119674683,7.123585726797165
ewd,EWD,488,249.0,2.391653060913086,10.931549532687596
ewd,EWD,489,249.0,1.5350929498672485,4.641756960596227
ewd,EWD,490,249.0,2.499699592590332,12.178834798896622
ewd,EWD,491,249.0,2.0476486682891846,7.749657650722158
ewd,EWD,492,248.0,2.1898980140686035,8.934301895133599
ewd,EWD,493,249.0,2.039393424987793,7.685945682039689
ewd,EWD,494,249.0,2.063385486602783,7.872577250149194
ewd,EWD,495,249.0,2.22287917137146,9.233878548643753
ewd,EWD,496,249.0,1.8911902904510498,6.627252343369302
ewd,EWD,497,249.0,1.339307188987732,3.8163985463036654
ewd,EWD,498,249.0,2.540249824523926,12.682839059314322
ewd,EWD,499,250.0,2.0293471813201904,7.609117363078357
morphmark,MorphMark,0,249.0,1.880876064300537,6.559248669449196
morphmark,MorphMark,1,249.0,1.8151322603225708,6.141888451875755
morphmark,MorphMark,2,249.0,0.9645345211029053,2.623566157524179
morphmark,MorphMark,3,249.0,1.7605063915252686,5.8153815088146485
morphmark,MorphMark,4,250.0,1.5626364946365356,4.77138440590256
morphmark,MorphMark,5,250.0,1.6559438705444336,5.238021603960341
morphmark,MorphMark,6,249.0,1.9450362920761108,6.9938856730583066
morphmark,MorphMark,7,89.0,2.3707163333892822,10.705057928633181
morphmark,MorphMark,8,249.0,1.921172857284546,6.828963173389197
morphmark,MorphMark,9,249.0,1.6081805229187012,4.993717003337868
morphmark,MorphMark,10,249.0,1.8201680183410645,6.172895522422751
morphmark,MorphMark,11,249.0,1.7617210149765015,5.8224492990560766
morphmark,MorphMark,12,178.0,2.360903024673462,10.600519662425414
morphmark,MorphMark,13,249.0,1.3929579257965088,4.026743262479176
morphmark,MorphMark,14,249.0,1.482211947441101,4.402673400512549
morphmark,MorphMark,15,94.0,2.4724180698394775,11.851068944971198
morphmark,MorphMark,16,249.0,1.8984246253967285,6.675369946163341
morphmark,MorphMark,17,249.0,2.009289026260376,7.458013010520293
morphmark,MorphMark,18,249.0,2.0117428302764893,7.476335984097021
morphmark,MorphMark,19,225.0,1.7749096155166626,5.899747866556984
morphmark,MorphMark,20,249.0,1.8303519487380981,6.2360810532021995
morphmark,MorphMark,21,249.0,1.9256396293640137,6.8595348228884285
morphmark,MorphMark,22,250.0,1.840295433998108,6.29839874731127
morphmark,MorphMark,23,249.0,1.968974232673645,7.163324813895347
morphmark,MorphMark,24,249.0,1.766611099243164,5.850991296275741
morphmark,MorphMark,25,250.0,1.6280097961425781,5.093727068679535
morphmark,MorphMark,26,250.0,1.7704062461853027,5.873238857681713
morphmark,MorphMark,27,249.0,1.7459665536880493,5.731438542114826
morphmark,MorphMark,28,238.0,1.2632681131362915,3.5369618109092626
morphmark,MorphMark,29,249.0,1.9123363494873047,6.7688848194108475
morphmark,MorphMark,30,249.0,2.1280081272125244,8.398122149382818
morphmark,MorphMark,31,249.0,1.892683506011963,6.637155651741491
morphmark,MorphMark,32,136.0,1.642533302307129,5.168245670992088
morphmark,MorphMark,33,249.0,1.9855300188064575,7.282906440056215
morphmark,MorphMark,34,250.0,1.4988499879837036,4.476538036496978
morphmark,MorphMark,35,249.0,1.6721584796905518,5.323646387179284
morphmark,MorphMark,36,249.0,1.7393347024917603,5.693554254891007
morphmark,MorphMark,37,249.0,1.8248021602630615,6.201567981152437
morphmark,MorphMark,38,249.0,2.106647491455078,8.220635285768939
morphmark,MorphMark,39,249.0,1.1484620571136475,3.1533395224434067
morphmark,MorphMark,40,248.0,1.9169137477874756,6.799939722383982
morphmark,MorphMark,41,249.0,1.6891019344329834,5.414615840929299
morphmark,MorphMark,42,138.0,1.8681824207305908,6.4765141171171505
morphmark,MorphMark,43,240.0,1.6493576765060425,5.203636335620833
morphmark,MorphMark,44,249.0,1.7208523750305176,5.589290606173315
morphmark,MorphMark,45,249.0,2.0118892192840576,7.477430517613864
morphmark,MorphMark,46,249.0,1.485630750656128,4.417751033533175
morphmark,MorphMark,47,249.0,1.3784812688827515,3.9688694025284175
morphmark,MorphMark,48,249.0,1.0704872608184814,2.916800396323785
morphmark,MorphMark,49,249.0,1.6435880661010742,5.173699825320664
morphmark,MorphMark,50,78.0,2.7268552780151367,15.284745089172322
morphmark,MorphMark,51,204.0,1.6996289491653442,5.471916655755075
morphmark,MorphMark,52,249.0,2.0145230293273926,7.497150607294842
morphmark,MorphMark,53,249.0,1.709107756614685,5.524030498461832
morphmark,MorphMark,54,250.0,2.200129508972168,9.026182395345854
morphmark,MorphMark,55,251.0,2.2589471340179443,9.573004767869527
morphmark,MorphMark,56,249.0,1.4175645112991333,4.127056790092627
morphmark,MorphMark,57,249.0,1.6945985555648804,5.444459878325563
morphmark,MorphMark,58,249.0,2.0237319469451904,7.566510122472337
morphmark,MorphMark,59,249.0,1.9254120588302612,6.857973972496005
morphmark,MorphMark,60,248.0,1.668635606765747,5.304924853614679
morphmark,MorphMark,61,249.0,1.4232815504074097,4.1507189093454935
morphmark,MorphMark,62,249.0,1.1261141300201416,3.0836505234026874
morphmark,MorphMark,63,249.0,1.7795939445495605,5.927449056866306
morphmark,MorphMark,64,180.0,1.6157506704330444,5.031663627250852
morphmark,MorphMark,65,249.0,1.697648048400879,5.461088060595736
morphmark,MorphMark,66,229.0,2.1360414028167725,8.465858286425027
morphmark,MorphMark,67,249.0,1.9175382852554321,6.804187865944787
morphmark,MorphMark,68,249.0,1.3843121528625488,3.992079020080094
morphmark,MorphMark,69,249.0,2.097130537033081,8.142770977665764
morphmark,MorphMark,70,249.0,1.801865577697754,6.060944085887992
morphmark,MorphMark,71,249.0,2.0540294647216797,7.799264736660647
morphmark,MorphMark,72,249.0,2.014862537384033,7.499696382459003
morphmark,MorphMark,73,249.0,1.5803357362747192,4.856586069668557
morphmark,MorphMark,74,249.0,1.6734238862991333,5.3303872285525
morphmark,MorphMark,75,249.0,1.7158491611480713,5.561396029275083
morphmark,MorphMark,76,249.0,1.8539443016052246,6.384954105555752
morphmark,MorphMark,77,249.0,1.5269664525985718,4.604188591708555
morphmark,MorphMark,78,247.0,1.5062347650527954,4.50971863681432
morphmark,MorphMark,79,249.0,1.5687206983566284,4.800502972475738
morphmark,MorphMark,80,250.0,2.182935953140259,8.87231676348862
morphmark,MorphMark,81,249.0,1.790797233581543,5.994229362922529
morphmark,MorphMark,82,249.0,1.6831307411193848,5.382380460647555
morphmark,MorphMark,83,246.0,1.5257035493850708,4.598377617262011
morphmark,MorphMark,84,249.0,1.622483730316162,5.065656429130851
morphmark,MorphMark,85,249.0,1.9594067335128784,7.095116521438498
morphmark,MorphMark,86,249.0,1.821291446685791,6.179834225059513
morphmark,MorphMark,87,249.0,1.901868224143982,6.698396866729665
morphmark,MorphMark,88,249.0,1.9027494192123413,6.704302062447095
morphmark,MorphMark,89,231.0,1.9121822118759155,6.767841560077832
morphmark,MorphMark,90,249.0,2.1300344467163086,8.415156680962456
morphmark,MorphMark,91,249.0,1.8854433298110962,6.58927501662672
morphmark,MorphMark,92,249.0,0.8351063132286072,2.30505909353537
morphmark,MorphMark,93,249.0,1.6088452339172363,4.997037485411775
morphmark,MorphMark,94,249.0,1.469705581665039,4.347954834976197
morphmark,MorphMark,95,64.0,2.7631728649139404,15.85005332885153
morphmark,MorphMark,96,195.0,1.4887607097625732,4.431600075772351
morphmark,MorphMark,97,247.0,1.8072431087493896,6.093624792915915
morphmark,MorphMark,98,249.0,1.8429418802261353,6.3150891963654665
morphmark,MorphMark,99,251.0,1.7211177349090576,5.590773976454469
morphmark,MorphMark,100,249.0,1.9558748006820679,7.070101248594233
morphmark,MorphMark,101,249.0,1.295918583869934,3.654351260972562
morphmark,MorphMark,102,249.0,1.8592338562011719,6.418817150145711
morphmark,MorphMark,103,237.0,1.5848394632339478,4.878508135725513
morphmark,MorphMark,104,249.0,1.3131451606750488,3.7178485740589178
morphmark,MorphMark,105,250.0,1.944602370262146,6.990851531838029
morphmark,MorphMark,106,248.0,2.0869216918945312,8.060065571397239
morphmark,MorphMark,107,249.0,2.199770212173462,9.02293989945075
morphmark,MorphMark,108,250.0,1.8259731531143188,6.208834226455301
morphmark,MorphMark,109,250.0,1.7588709592819214,5.805878619171898
morphmark,MorphMark,110,249.0,1.1228233575820923,3.073519609660014
morphmark,MorphMark,111,249.0,2.108248472213745,8.233806905627059
morphmark,MorphMark,112,249.0,1.873287558555603,6.509662154968424
morphmark,MorphMark,113,249.0,1.952290415763855,7.044804647769605
morphmark,MorphMark,114,249.0,1.5522972345352173,4.722305976019978
morphmark,MorphMark,115,249.0,0.8357694149017334,2.306588088960635
morphmark,MorphMark,116,67.0,3.3456485271453857,28.378974235172855
morphmark,MorphMark,117,249.0,1.720141887664795,5.585320896195658
morphmark,MorphMark,118,251.0,2.039466142654419,7.686504606397092
morphmark,MorphMark,119,249.0,1.3605924844741821,3.898502419825683
morphmark,MorphMark,120,249.0,1.1153061389923096,3.050501913831037
morphmark,MorphMark,121,250.0,2.077183246612549,7.981954023700718
morphmark,MorphMark,122,236.0,1.083019495010376,2.953584433635623
morphmark,MorphMark,123,249.0,1.7654591798782349,5.844255306500903
morphmark,MorphMark,124,246.0,1.8619471788406372,6.4362571214727105
morphmark,MorphMark,125,227.0,2.1943531036376953,8.974193805349662
morphmark,MorphMark,126,250.0,1.7884067296981812,5.979917247751707
morphmark,MorphMark,127,249.0,1.8485711812973022,6.350738982289914
morphmark,MorphMark,128,249.0,1.547745704650879,4.70086109976645
morphmark,MorphMark,129,227.0,2.243729829788208,9.428432233874384
morphmark,MorphMark,130,250.0,1.8401525020599365,6.297498569304567
morphmark,MorphMark,131,249.0,1.1285661458969116,3.091220961068126
morphmark,MorphMark,132,249.0,1.4846878051757812,4.41358729855886
morphmark,MorphMark,133,246.0,2.263749361038208,9.619087070309764
morphmark,MorphMark,134,249.0,2.1003878116607666,8.169337462650274
morphmark,MorphMark,135,249.0,1.5803008079528809,4.856416440229734
morphmark,MorphMark,136,249.0,2.079941511154175,8.00400075583927
morphmark,MorphMark,137,250.0,2.1170365810394287,8.306485382192898
morphmark,MorphMark,138,250.0,1.8224306106567383,6.1868780808467605
morphmark,MorphMark,139,249.0,1.7116373777389526,5.5380218917029
morphmark,MorphMark,140,249.0,1.333258032798767,3.793382240217843
morphmark,MorphMark,141,129.0,1.6377760171890259,5.143717243396672
morphmark,MorphMark,142,214.0,2.175093412399292,8.803007393823469
morphmark,MorphMark,143,249.0,2.1861674785614014,8.901034256317505
morphmark,MorphMark,144,154.0,1.8681674003601074,6.476416838206255
morphmark,MorphMark,145,249.0,1.8858890533447266,6.592212666212335
morphmark,MorphMark,146,249.0,1.8868426084518433,6.598501702262089
morphmark,MorphMark,147,224.0,0.8356669545173645,2.306351767165477
morphmark,MorphMark,148,171.0,1.8960154056549072,6.659306870614076
morphmark,MorphMark,149,250.0,2.0209696292877197,7.545637859138353
morphmark,MorphMark,150,249.0,1.1250855922698975,3.0804805029531193
morphmark,MorphMark,151,250.0,1.9032212495803833,6.707466102142992
morphmark,MorphMark,152,249.0,1.908396601676941,6.742269583349906
morphmark,MorphMark,153,189.0,1.9868888854980469,7.292809666093696
morphmark,MorphMark,154,55.0,3.353820562362671,28.6118384032146
morphmark,MorphMark,155,249.0,2.0465941429138184,7.741489747466602
morphmark,MorphMark,156,249.0,1.7099858522415161,5.5288832557656855
morphmark,MorphMark,157,250.0,1.93186354637146,6.902361133790849
morphmark,MorphMark,158,249.0,1.5184377431869507,4.5650877818681685
morphmark,MorphMark,159,249.0,2.12058687210083,8.336028234828548
morphmark,MorphMark,160,235.0,1.9780293703079224,7.228484274715788
morphmark,MorphMark,161,248.0,1.803470492362976,6.070679193855697
morphmark,MorphMark,162,249.0,1.994114875793457,7.345698294192693
morphmark,MorphMark,163,249.0,1.051849126815796,2.862940165928826
morphmark,MorphMark,164,249.0,1.5402851104736328,4.665920384135175
morphmark,MorphMark,165,110.0,2.6452109813690186,14.086416741119761
morphmark,MorphMark,166,249.0,1.8154900074005127,6.144086087597899
morphmark,MorphMark,167,249.0,1.6335679292678833,5.122117507662491
morphmark,MorphMark,168,249.0,2.025618076324463,7.580795006848091
morphmark,MorphMark,169,249.0,1.7791026830673218,5.92453784459851
morphmark,MorphMark,170,249.0,1.6866869926452637,5.401555635036272
morphmark,MorphMark,171,249.0,1.6867743730545044,5.402027645800144
morphmark,MorphMark,172,58.0,2.7872095108032227,16.235651121764604
morphmark,MorphMark,173,249.0,2.016207456588745,7.509789653949214
morphmark,MorphMark,174,248.0,0.7206611633300781,2.055791975680171
morphmark,MorphMark,175,247.0,1.748732089996338,5.747310981288901
morphmark,MorphMark,176,140.0,1.6600723266601562,5.259691246591443
morphmark,MorphMark,177,249.0,1.522142767906189,4.582032916632958
morphmark,MorphMark,178,250.0,2.0162339210510254,7.509988399124075
morphmark,MorphMark,179,249.0,2.488480567932129,12.042963746455113
morphmark,MorphMark,180,249.0,0.9774259924888611,2.6576067306780886
morphmark,MorphMark,181,249.0,1.1239724159240723,3.077053292821987
morphmark,MorphMark,182,250.0,1.6504168510437012,5.209150814613092
morphmark,MorphMark,183,248.0,1.9199298620224,6.82048007783532
morphmark,MorphMark,184,249.0,1.6979104280471802,5.462521126944995
morphmark,MorphMark,185,249.0,1.9232512712478638,6.843171345921133
morphmark,MorphMark,186,249.0,1.8841707706451416,6.580895107403336
morphmark,MorphMark,187,249.0,1.9991945028305054,7.383106631618945
morphmark,MorphMark,188,249.0,1.9051780700683594,6.720604259549537
morphmark,MorphMark,189,81.0,1.8869742155075073,6.599370168789825
morphmark,MorphMark,190,249.0,1.4627106189727783,4.317647177163866
morphmark,MorphMark,191,92.0,2.3482728004455566,10.467474684741894
morphmark,MorphMark,192,250.0,1.6997398138046265,5.472523331450118
morphmark,MorphMark,193,250.0,1.4041398763656616,4.072022791525999
morphmark,MorphMark,194,249.0,2.0644917488098145,7.881291203903134
morphmark,MorphMark,195,249.0,2.168584108352661,8.745892034461859
morphmark,MorphMark,196,249.0,1.6687002182006836,5.305267623495009
morphmark,MorphMark,197,249.0,2.209758758544922,9.113517569587918
morphmark,MorphMark,198,78.0,2.1057963371276855,8.213641233402754
morphmark,MorphMark,199,249.0,1.8527275323867798,6.377189814572002
morphmark,MorphMark,200,249.0,1.8364225625991821,6.274053033283925
morphmark,MorphMark,201,250.0,1.3184689283370972,3.7376943162570133
morphmark,MorphMark,202,249.0,2.2576491832733154,9.56058753942144
morphmark,MorphMark,203,250.0,1.5985982418060303,4.946094334507466
morphmark,MorphMark,204,249.0,1.7736740112304688,5.8924626145767665
morphmark,MorphMark,205,249.0,1.9588255882263184,7.090994425798708
morphmark,MorphMark,206,249.0,1.7771801948547363,5.913158931844742
morphmark,MorphMark,207,249.0,1.8026524782180786,6.065715322941096
morphmark,MorphMark,209,248.0,2.0492377281188965,7.761982109947093
morphmark,MorphMark,210,249.0,1.7251577377319336,5.613406405857589
morphmark,MorphMark,211,249.0,1.991758942604065,7.328412689642072
morphmark,MorphMark,212,250.0,1.934843897819519,6.9229632813612705
morphmark,MorphMark,213,250.0,1.7132456302642822,5.546935595217398
morphmark,MorphMark,214,249.0,1.7248557806015015,5.61171165365146
morphmark,MorphMark,215,249.0,1.5855730772018433,4.882088390538271
morphmark,MorphMark,216,208.0,1.9594987630844116,7.0957695120187045
morphmark,MorphMark,217,197.0,2.0506033897399902,7.772589592485556
morphmark,MorphMark,218,249.0,2.0405969619750977,7.695201570735373
morphmark,MorphMark,219,249.0,2.067810297012329,7.907489094099462
morphmark,MorphMark,220,251.0,2.109779119491577,8.246419610091724
morphmark,MorphMark,221,249.0,2.329509735107422,10.272903854141283
morphmark,MorphMark,222,156.0,1.8093750476837158,6.106629886970431
morphmark,MorphMark,223,249.0,1.864759922027588,6.4543861440305905
morphmark,MorphMark,224,250.0,1.838611125946045,6.287799232515937
morphmark,MorphMark,225,249.0,1.851526141166687,6.369532915106765
morphmark,MorphMark,226,249.0,1.723504662513733,5.604134688372947
morphmark,MorphMark,227,146.0,2.0322608947753906,7.631320481776007
morphmark,MorphMark,228,249.0,1.9349063634872437,6.923395742392117
morphmark,MorphMark,229,249.0,2.265302896499634,9.634042276894082
morphmark,MorphMark,230,249.0,1.2835813760757446,3.6095437383042435
morphmark,MorphMark,231,250.0,2.110133409500122,8.249341751778083
morphmark,MorphMark,232,249.0,2.0478639602661133,7.75132626945197
morphmark,MorphMark,233,250.0,2.107335090637207,8.22628973164141
morphmark,MorphMark,234,249.0,1.8575875759124756,6.408258671486994
morphmark,MorphMark,235,238.0,1.3265269994735718,3.7679345984852235
morphmark,MorphMark,236,250.0,1.2627111673355103,3.534992463341988
morphmark,MorphMark,237,249.0,1.6721036434173584,5.323354466255613
morphmark,MorphMark,238,249.0,1.2282626628875732,3.4152908674747557
morphmark,MorphMark,239,249.0,2.0545814037323,7.8035706433125815
morphmark,MorphMark,240,250.0,1.5861979722976685,4.885140137042308
morphmark,MorphMark,241,249.0,1.4234981536865234,4.1516180660485675
morphmark,MorphMark,242,249.0,0.4333679974079132,1.5424437315680328
morphmark,MorphMark,243,75.0,3.2892165184020996,26.821841002695564
morphmark,MorphMark,244,249.0,1.689299464225769,5.415685494515119
morphmark,MorphMark,245,250.0,1.8003238439559937,6.051606923442545
morphmark,MorphMark,246,208.0,1.8171330690383911,6.154189497738087
morphmark,MorphMark,247,249.0,1.56192147731781,4.767974002811977
morphmark,MorphMark,248,249.0,1.5925047397613525,4.916046938475071
morphmark,MorphMark,249,249.0,1.9080382585525513,6.739853970236955
morphmark,MorphMark,250,250.0,1.830322504043579,6.235897436403875
morphmark,MorphMark,251,247.0,2.0329883098602295,7.636873638891955
morphmark,MorphMark,252,250.0,2.249403953552246,9.48208239014168
morphmark,MorphMark,253,249.0,0.7755541205406189,2.171795230167674
morphmark,MorphMark,254,249.0,1.762910008430481,5.829376270404518
morphmark,MorphMark,255,249.0,1.3852304220199585,3.995746506730406
morphmark,MorphMark,256,137.0,2.5980589389801025,13.437629445300198
morphmark,MorphMark,257,249.0,1.947789192199707,7.013165667565665
morphmark,MorphMark,258,164.0,1.5555899143218994,4.73788064458055
morphmark,MorphMark,259,237.0,1.2369979619979858,3.4452551376463094
morphmark,MorphMark,260,249.0,1.8260419368743896,6.209261308107026
morphmark,MorphMark,261,249.0,1.8735252618789673,6.511209707218509
morphmark,MorphMark,262,108.0,2.0646560192108154,7.882585973112823
morphmark,MorphMark,263,249.0,1.9049901962280273,6.719341752417688
morphmark,MorphMark,264,249.0,1.8477407693862915,6.345467442073124
morphmark,MorphMark,265,251.0,1.780163049697876,5.93082335871615
morphmark,MorphMark,266,249.0,1.7653547525405884,5.843645038343613
morphmark,MorphMark,267,249.0,1.7804714441299438,5.932652673678333
morphmark,MorphMark,268,249.0,1.7425189018249512,5.711712561043646
morphmark,MorphMark,269,249.0,1.6975370645523071,5.46048200165738
morphmark,MorphMark,270,249.0,1.9106498956680298,6.757479028128348
morphmark,MorphMark,271,248.0,2.1316051483154297,8.428384766986445
morphmark,MorphMark,272,249.0,1.6451739072799683,5.181911000640017
morphmark,MorphMark,273,177.0,1.9482132196426392,7.016140072840708
morphmark,MorphMark,274,249.0,1.7884982824325562,5.980464750589383
morphmark,MorphMark,275,249.0,2.047832727432251,7.751084177347014
morphmark,MorphMark,276,249.0,2.1587510108947754,8.660314262556934
morphmark,MorphMark,277,250.0,1.6656171083450317,5.288936089491568
morphmark,MorphMark,278,107.0,2.878655195236206,17.790332561513413
morphmark,MorphMark,279,249.0,2.2470998764038086,9.460260090571968
morphmark,MorphMark,280,250.0,1.6784639358520508,5.357320459717126
morphmark,MorphMark,281,249.0,1.5959053039550781,4.932792728097889
morphmark,MorphMark,282,249.0,1.8245197534561157,6.199816863416245
morphmark,MorphMark,283,252.0,2.1135165691375732,8.277297855143583
morphmark,MorphMark,284,250.0,2.0271403789520264,7.592344059352203
morphmark,MorphMark,285,249.0,1.6132862567901611,5.019278793705935
morphmark,MorphMark,286,249.0,2.006032705307007,7.433766824590065
morphmark,MorphMark,287,242.0,1.428502082824707,4.1724445322838255
morphmark,MorphMark,288,249.0,1.9542125463485718,7.058358704406791
morphmark,MorphMark,289,249.0,1.402160882949829,4.063972253840423
morphmark,MorphMark,290,249.0,1.4619405269622803,4.314323471512425
morphmark,MorphMark,291,249.0,1.464556336402893,4.3256236927483185
morphmark,MorphMark,292,249.0,1.9466238021850586,7.004997354885098
morphmark,MorphMark,293,248.0,2.1006476879119873,8.171460755329747
morphmark,MorphMark,294,249.0,2.164573907852173,8.710889484378361
morphmark,MorphMark,295,123.0,2.1940550804138184,8.971519685674771
morphmark,MorphMark,296,249.0,1.9989144802093506,7.381039484185223
morphmark,MorphMark,297,249.0,1.7317330837249756,5.650438109886424
morphmark,MorphMark,298,249.0,2.245529890060425,9.44541926442048
morphmark,MorphMark,299,249.0,2.2742552757263184,9.72067709209051
morphmark,MorphMark,300,249.0,1.7504897117614746,5.7574214627589635
morphmark,MorphMark,301,249.0,2.107830286026001,8.230364361169014
morphmark,MorphMark,302,249.0,0.8598083853721619,2.3627079209292776
morphmark,MorphMark,303,59.0,1.5948641300201416,4.927659505635383
morphmark,MorphMark,304,249.0,1.665739893913269,5.289585534385101
morphmark,MorphMark,305,172.0,2.4146039485931396,11.185339510739627
morphmark,MorphMark,306,244.0,1.5960724353790283,4.93361722166806
morphmark,MorphMark,307,249.0,1.9094821214675903,6.749592424241808
morphmark,MorphMark,308,250.0,1.3068639039993286,3.694569001907448
morphmark,MorphMark,309,249.0,1.710355281829834,5.530926166163259
morphmark,MorphMark,310,90.0,2.422305107116699,11.271812125734748
morphmark,MorphMark,311,249.0,2.428757667541504,11.344779334064594
morphmark,MorphMark,312,249.0,0.9902135133743286,2.6918091482508752
morphmark,MorphMark,313,249.0,1.4668265581130981,4.3354549729361755
morphmark,MorphMark,314,82.0,1.5464063882827759,4.694569373797632
morphmark,MorphMark,315,249.0,0.6814042925834656,1.9766515812824679
morphmark,MorphMark,316,249.0,1.7247401475906372,5.611062792052479
morphmark,MorphMark,317,250.0,1.9814229011535645,7.253056027989815
morphmark,MorphMark,318,249.0,1.4330804347991943,4.191591248705107
morphmark,MorphMark,319,249.0,2.024672269821167,7.573628431261597
morphmark,MorphMark,320,98.0,2.770702838897705,15.969854301097051
morphmark,MorphMark,321,249.0,1.9557750225067139,7.0693958419847585
morphmark,MorphMark,322,251.0,2.1329174041748047,8.439452224361691
morphmark,MorphMark,323,250.0,1.6968623399734497,5.4567989229100595
morphmark,MorphMark,324,249.0,2.274663209915161,9.724643297535472
morphmark,MorphMark,325,191.0,1.9637929201126099,7.1263053765149005
morphmark,MorphMark,326,249.0,2.187598466873169,8.9137806500961
morphmark,MorphMark,327,249.0,2.1820719242095947,8.86465413596559
morphmark,MorphMark,328,249.0,1.8909549713134766,6.625693007541357
morphmark,MorphMark,329,249.0,1.7952333688735962,6.02087964376887
morphmark,MorphMark,330,249.0,2.0819759368896484,8.020300876033676
morphmark,MorphMark,331,249.0,1.3925460577011108,4.025085116893075
morphmark,MorphMark,332,78.0,2.150362491607666,8.587970900393938
morphmark,MorphMark,333,249.0,1.1037156581878662,3.0153492416718763
morphmark,MorphMark,334,248.0,1.8564249277114868,6.400812450577577
morphmark,MorphMark,335,249.0,1.567385196685791,4.794096171833863
morphmark,MorphMark,336,249.0,1.549406886100769,4.708676572685962
morphmark,MorphMark,337,248.0,2.005319118499756,7.428464078865569
morphmark,MorphMark,338,249.0,1.9235507249832153,6.845220865995226
morphmark,MorphMark,339,250.0,2.1409912109375,8.507866541151373
morphmark,MorphMark,340,186.0,1.9669350385665894,7.148732287701327
morphmark,MorphMark,341,247.0,2.0778799057006836,7.987516661918659
morphmark,MorphMark,342,250.0,1.3326632976531982,3.791126853224444
morphmark,MorphMark,343,249.0,1.7038829326629639,5.495243680119483
morphmark,MorphMark,344,249.0,2.1376969814300537,8.479885788959653
morphmark,MorphMark,345,87.0,1.695010781288147,5.446704687388933
morphmark,MorphMark,346,248.0,2.1435985565185547,8.530078433838268
morphmark,MorphMark,347,250.0,2.457190990447998,11.671978747962886
morphmark,MorphMark,348,250.0,2.023524284362793,7.564939004577413
morphmark,MorphMark,349,250.0,1.8387844562530518,6.288889193146183
morphmark,MorphMark,350,106.0,1.206957221031189,3.3432962483677815
morphmark,MorphMark,351,249.0,1.7988635301589966,6.042776127793919
morphmark,MorphMark,352,168.0,1.4683632850646973,4.342122505216678
morphmark,MorphMark,353,250.0,2.104431390762329,8.202437701504373
morphmark,MorphMark,354,249.0,1.7196288108825684,5.582455932758497
morphmark,MorphMark,355,249.0,1.417006015777588,4.124752490888486
morphmark,MorphMark,356,183.0,2.1584906578063965,8.658059816481078
morphmark,MorphMark,357,249.0,2.231032371520996,9.309471953935576
morphmark,MorphMark,358,221.0,1.9682719707489014,7.158296049585499
morphmark,MorphMark,359,248.0,1.9191315174102783,6.815037157265342
morphmark,MorphMark,360,249.0,1.845708966255188,6.332587790345198
morphmark,MorphMark,361,251.0,1.4711904525756836,4.3544157822806895
morphmark,MorphMark,362,250.0,1.6638450622558594,5.279572150094741
morphmark,MorphMark,363,249.0,2.1429266929626465,8.524349309819861
morphmark,MorphMark,364,249.0,1.5036289691925049,4.497982528251836
morphmark,MorphMark,365,249.0,1.0109784603118896,2.7482887913692022
morphmark,MorphMark,366,250.0,2.098893642425537,8.157140204594485
morphmark,MorphMark,367,108.0,1.8575266599655151,6.4078683182311424
morphmark,MorphMark,368,249.0,1.157238245010376,3.1811356160569444
morphmark,MorphMark,369,233.0,1.7499052286148071,5.754057330180888
morphmark,MorphMark,370,170.0,2.397355318069458,10.994062101224491
morphmark,MorphMark,371,249.0,1.7753561735153198,5.902383034490724
morphmark,MorphMark,372,73.0,3.099979877471924,22.197504607037864
morphmark,MorphMark,373,250.0,1.6201307773590088,5.0537511895829725
morphmark,MorphMark,374,250.0,2.0915355682373047,8.097339640106496
morphmark,MorphMark,375,227.0,1.6612281799316406,5.265774192745187
morphmark,MorphMark,376,249.0,1.5395233631134033,4.662367484977096
morphmark,MorphMark,377,248.0,1.7578518390655518,5.799964744883582
morphmark,MorphMark,378,158.0,2.009589195251465,7.460252010783602
morphmark,MorphMark,379,249.0,1.268721342086792,3.556302359745137
morphmark,MorphMark,380,249.0,1.8766518831253052,6.531599653036764
morphmark,MorphMark,381,250.0,2.0665297508239746,7.897369669658575
morphmark,MorphMark,382,249.0,2.266295909881592,9.643613761316928
morphmark,MorphMark,383,230.0,0.6799485683441162,1.9737762150407878
morphmark,MorphMark,384,249.0,1.5635998249053955,4.775983039571006
morphmark,MorphMark,385,164.0,1.7323617935180664,5.653991712636733
morphmark,MorphMark,386,231.0,2.207887887954712,9.096483297021951
morphmark,MorphMark,387,250.0,1.6083077192306519,4.994352226121759
morphmark,MorphMark,388,73.0,2.7016959190368652,14.904987955376175
morphmark,MorphMark,389,175.0,2.0704336166381836,7.928260198141795
morphmark,MorphMark,390,249.0,1.9790825843811035,7.236101426623364
morphmark,MorphMark,391,249.0,1.8511056900024414,6.366855400498419
morphmark,MorphMark,392,108.0,2.4037630558013916,11.064735353796436
morphmark,MorphMark,393,250.0,1.7325224876403809,5.654900348876865
morphmark,MorphMark,394,249.0,1.7332501411437988,5.659016654367636
morphmark,MorphMark,395,248.0,1.7573033571243286,5.796784441210577
morphmark,MorphMark,396,251.0,1.5819573402404785,4.864467917790094
morphmark,MorphMark,397,249.0,1.6859171390533447,5.3973988283002905
morphmark,MorphMark,398,108.0,2.119215250015259,8.32460219229322
morphmark,MorphMark,399,249.0,1.4121251106262207,4.104669017842211
morphmark,MorphMark,400,249.0,2.1148018836975098,8.287943626710732
morphmark,MorphMark,401,249.0,1.9598902463912964,7.098547931149031
morphmark,MorphMark,402,133.0,2.108473777770996,8.235662237080623
morphmark,MorphMark,403,250.0,2.008669376373291,7.453393085116398
morphmark,MorphMark,404,250.0,1.6845933198928833,5.390258375691525
morphmark,MorphMark,405,249.0,1.168430209159851,3.216938751807885
morphmark,MorphMark,406,235.0,1.8835784196853638,6.576998062193453
morphmark,MorphMark,407,251.0,1.0835695266723633,2.9552094454534825
morphmark,MorphMark,408,60.0,2.594027519226074,13.383565770412334
morphmark,MorphMark,409,249.0,1.9190737009048462,6.814643147022776
morphmark,MorphMark,410,249.0,1.7516355514526367,5.764022325832979
morphmark,MorphMark,411,249.0,1.5395686626434326,4.662578692816761
morphmark,MorphMark,412,249.0,1.911976933479309,6.766452410999918
morphmark,MorphMark,413,188.0,1.0744608640670776,2.9284136618282357
morphmark,MorphMark,414,249.0,1.6841195821762085,5.387705411761735
morphmark,MorphMark,415,248.0,2.2469513416290283,9.458855017323755
morphmark,MorphMark,416,249.0,1.9991724491119385,7.382943808458577
morphmark,MorphMark,417,98.0,4.067923545837402,58.43549789475024
morphmark,MorphMark,418,248.0,1.8586680889129639,6.4151866204874715
morphmark,MorphMark,419,249.0,1.942973017692566,6.97947024451386
morphmark,MorphMark,420,122.0,2.6831440925598145,14.63102234395046
morphmark,MorphMark,421,249.0,0.8931643962860107,2.4428475713529427
morphmark,MorphMark,422,247.0,1.953864574432373,7.055903021082395
morphmark,MorphMark,423,250.0,2.2248740196228027,9.252317120081054
morphmark,MorphMark,424,249.0,1.6608959436416626,5.26402500205193
morphmark,MorphMark,425,250.0,1.6837118864059448,5.385509314754083
morphmark,MorphMark,426,145.0,1.9682347774505615,7.158029813896044
morphmark,MorphMark,427,249.0,1.5672188997268677,4.793298994505621
morphmark,MorphMark,428,249.0,1.8670954704284668,6.469478292629329
morphmark,MorphMark,429,161.0,1.3739417791366577,3.9508935919448662
morphmark,MorphMark,430,249.0,1.6794313192367554,5.362505550097172
morphmark,MorphMark,431,249.0,1.744788408279419,5.724690050244532
morphmark,MorphMark,432,251.0,2.043367862701416,7.716553779120091
morphmark,MorphMark,433,250.0,2.1077167987823486,8.229430372802296
morphmark,MorphMark,434,251.0,2.425515651702881,11.308058935996923
morphmark,MorphMark,435,250.0,2.2644081115722656,9.625425736625164
morphmark,MorphMark,436,109.0,2.719700336456299,15.175773937310476
morphmark,MorphMark,437,249.0,2.1060726642608643,8.215911198949831
morphmark,MorphMark,438,249.0,1.83354651927948,6.256034508419331
morphmark,MorphMark,439,250.0,1.7167798280715942,5.566574245831822
morphmark,MorphMark,440,249.0,1.230209469795227,3.4219462556029683
morphmark,MorphMark,441,250.0,1.8593744039535522,6.419719363869675
morphmark,MorphMark,442,249.0,2.0491344928741455,7.76118084118452
morphmark,MorphMark,443,197.0,1.2834197282791138,3.60896031066827
morphmark,MorphMark,444,250.0,1.1344044208526611,3.109321144498908
morphmark,MorphMark,445,249.0,1.4476510286331177,4.253112333257461
morphmark,MorphMark,446,249.0,0.9821901321411133,2.6702981481215695
morphmark,MorphMark,447,250.0,1.955539584159851,7.067731631031628
morphmark,MorphMark,448,249.0,1.465003490447998,4.3275583453917745
morphmark,MorphMark,449,236.0,1.9341462850570679,6.918135418007553
morphmark,MorphMark,450,249.0,1.137220025062561,3.118088098547893
morphmark,MorphMark,451,111.0,2.820295810699463,16.781814178164883
morphmark,MorphMark,452,250.0,1.718582034111023,5.576615404957636
morphmark,MorphMark,453,249.0,1.6402989625930786,5.156710945483778
morphmark,MorphMark,454,249.0,2.118612766265869,8.31958826530866
morphmark,MorphMark,455,248.0,1.9520957469940186,7.043433377791136
morphmark,MorphMark,456,248.0,2.540036201477051,12.68013000196029
morphmark,MorphMark,457,249.0,1.292372465133667,3.641415447018848
morphmark,MorphMark,458,249.0,1.8172968626022339,6.15519759692631
morphmark,MorphMark,459,249.0,1.6263521909713745,5.085290674386887
morphmark,MorphMark,460,249.0,1.9650166034698486,7.135031055447969
morphmark,MorphMark,461,143.0,1.614342451095581,5.024582927990291
morphmark,MorphMark,462,249.0,1.6730475425720215,5.32838154819224
morphmark,MorphMark,463,249.0,1.940380334854126,6.961398129544077
morphmark,MorphMark,464,248.0,1.979420781135559,7.238549066509362
morphmark,MorphMark,465,249.0,1.2822576761245728,3.6047689463272423
morphmark,MorphMark,466,250.0,1.5954824686050415,4.930707409862247
morphmark,MorphMark,467,250.0,2.3962314128875732,10.98171275890381
morphmark,MorphMark,468,249.0,1.922433614730835,6.837578269192425
morphmark,MorphMark,469,249.0,1.7775866985321045,5.915563141322289
morphmark,MorphMark,470,195.0,1.1693336963653564,3.2198465281826145
morphmark,MorphMark,471,242.0,1.7670340538024902,5.853466523138422
morphmark,MorphMark,472,243.0,0.9776890277862549,2.6583058669995823
morphmark,MorphMark,473,249.0,2.2412750720977783,9.405316101199647
morphmark,MorphMark,474,249.0,1.942234992980957,6.97432112332253
morphmark,MorphMark,475,249.0,1.7408702373504639,5.702303621679006
morphmark,MorphMark,476,249.0,2.0605602264404297,7.850366561530148
morphmark,MorphMark,477,249.0,1.7572680711746216,5.796579899775062
morphmark,MorphMark,478,249.0,2.414685010910034,11.1862462570266
morphmark,MorphMark,479,249.0,2.0727808475494385,7.946891512996327
morphmark,MorphMark,480,249.0,1.831356167793274,6.242346590084667
morphmark,MorphMark,481,69.0,2.8388636112213135,17.096326420539764
morphmark,MorphMark,482,249.0,1.8025885820388794,6.065327759289899
morphmark,MorphMark,483,251.0,1.7024585008621216,5.48742165256312
morphmark,MorphMark,484,249.0,0.9378684759140015,2.5545305676499304
morphmark,MorphMark,485,144.0,2.1386566162109375,8.488027288108745
morphmark,MorphMark,486,71.0,2.6377010345458984,13.981024739963578
morphmark,MorphMark,487,251.0,1.835181713104248,6.266272705852353
morphmark,MorphMark,488,249.0,2.0108819007873535,7.469902155911228
morphmark,MorphMark,489,249.0,2.4631142616271973,11.741320204673166
morphmark,MorphMark,490,249.0,2.057734727859497,7.828216668931826
morphmark,MorphMark,491,210.0,2.097585439682007,8.146475988398807
morphmark,MorphMark,492,247.0,1.7881648540496826,5.978471026299366
morphmark,MorphMark,493,249.0,1.7427862882614136,5.713239999710531
morphmark,MorphMark,494,249.0,1.5535883903503418,4.728407146775166
morphmark,MorphMark,495,248.0,2.2566134929656982,9.5506908574052
morphmark,MorphMark,496,249.0,1.9217638969421387,6.83300055445354
morphmark,MorphMark,497,249.0,1.932007908821106,6.903357647480312
morphmark,MorphMark,498,249.0,1.9105669260025024,6.7569183856120585
morphmark,MorphMark,499,249.0,1.599001407623291,4.948088832701818
sweet,SWEET,0,155.0,1.853633999824524,6.382973150289974
sweet,SWEET,1,249.0,2.1729886531829834,8.784498667918623
sweet,SWEET,2,119.0,2.7214243412017822,15.201959609220363
sweet,SWEET,3,249.0,2.07849383354187,7.9924219263644884
sweet,SWEET,4,250.0,2.011326551437378,7.473224391322803
sweet,SWEET,5,250.0,2.050236701965332,7.769740001391594
sweet,SWEET,6,126.0,2.008460283279419,7.4518347950159125
sweet,SWEET,7,250.0,2.3271803855895996,10.24900251859135
sweet,SWEET,8,249.0,2.1917009353637695,8.950424267594915
sweet,SWEET,9,249.0,1.8366559743881226,6.275517642148169
sweet,SWEET,10,249.0,2.4215142726898193,11.262901512526645
sweet,SWEET,11,249.0,2.042067050933838,7.70652252096289
sweet,SWEET,12,187.0,2.34131121635437,10.394857537962695
sweet,SWEET,13,249.0,1.5689795017242432,4.801745519592013
sweet,SWEET,14,248.0,2.100604295730591,8.171106185515212
sweet,SWEET,15,105.0,2.7942252159118652,16.349956158655434
sweet,SWEET,16,249.0,2.166900873184204,8.731183024244466
sweet,SWEET,17,249.0,2.214047431945801,9.152686401104894
sweet,SWEET,18,249.0,2.3559629917144775,10.548281880327176
sweet,SWEET,19,249.0,2.115891695022583,8.296980845073698
sweet,SWEET,20,249.0,1.8264535665512085,6.211817750450237
sweet,SWEET,21,249.0,2.4451751708984375,11.532569592488443
sweet,SWEET,22,250.0,2.077841281890869,7.987208159552026
sweet,SWEET,23,251.0,1.9446489810943604,6.991177388839989
sweet,SWEET,24,249.0,1.839827299118042,6.295450937209289
sweet,SWEET,25,250.0,1.720107913017273,5.58513114011038
sweet,SWEET,26,250.0,2.286569833755493,9.84112303136316
sweet,SWEET,27,249.0,1.977452039718628,7.224312254063213
sweet,SWEET,29,249.0,2.2185256481170654,9.193766022416762
sweet,SWEET,30,250.0,1.5958452224731445,4.932496367503694
sweet,SWEET,31,249.0,2.211925745010376,9.133287852044655
sweet,SWEET,32,157.0,1.5284596681594849,4.611068773277773
sweet,SWEET,33,249.0,2.2994258403778076,9.968457325711046
sweet,SWEET,34,250.0,1.394071340560913,4.031229194768276
sweet,SWEET,35,249.0,1.598334789276123,4.944791445074174
sweet,SWEET,36,250.0,1.7915961742401123,5.999020310063749
sweet,SWEET,37,249.0,1.4758284091949463,4.374658279407164
sweet,SWEET,38,249.0,2.323496103286743,10.211311774295572
sweet,SWEET,39,249.0,1.4421870708465576,4.229936879515759
sweet,SWEET,40,52.0,2.7526450157165527,15.684061658418155
sweet,SWEET,41,249.0,1.7862286567687988,5.966906725950593
sweet,SWEET,42,249.0,2.033459186553955,7.640470511476712
sweet,SWEET,43,249.0,2.0289053916931152,7.605756476413249
sweet,SWEET,44,249.0,2.219982862472534,9.207173076348715
sweet,SWEET,45,250.0,2.186782121658325,8.906506897266834
sweet,SWEET,46,249.0,1.746494174003601,5.7344633634354
sweet,SWEET,47,249.0,2.613368034362793,13.644930140541826
sweet,SWEET,48,249.0,1.3410215377807617,3.8229467959333956
sweet,SWEET,49,250.0,1.7519879341125488,5.766053825263513
sweet,SWEET,50,249.0,1.1704106330871582,3.223315966995092
sweet,SWEET,51,249.0,1.5446466207504272,4.68631528780163
sweet,SWEET,52,249.0,2.2698440551757812,9.677891479303879
sweet,SWEET,53,184.0,1.9508967399597168,7.034993312485497
sweet,SWEET,54,249.0,2.3466572761535645,10.45057787738919
sweet,SWEET,55,250.0,2.453688621520996,11.631170676454845
sweet,SWEET,56,249.0,1.9927475452423096,7.335661160099357
sweet,SWEET,57,249.0,2.0401291847229004,7.691602772273161
sweet,SWEET,58,249.0,0.8418651819229126,2.320691454307967
sweet,SWEET,59,237.0,2.266528844833374,9.645860357668676
sweet,SWEET,60,248.0,2.0781688690185547,7.989825094744979
sweet,SWEET,61,113.0,2.5384974479675293,12.660633411489032
sweet,SWEET,62,208.0,1.244637131690979,3.4716748099777797
sweet,SWEET,63,249.0,1.9154349565505981,6.789891462581644
sweet,SWEET,64,249.0,1.61293363571167,5.017509202220415
sweet,SWEET,65,131.0,2.518876552581787,12.414641629085335
sweet,SWEET,66,250.0,2.2520649433135986,9.507347714774868
sweet,SWEET,67,249.0,2.430009603500366,11.358991165553473
sweet,SWEET,68,249.0,2.231492757797241,9.31375889381068
sweet,SWEET,69,249.0,1.6139997243881226,5.0228611642910845
sweet,SWEET,70,249.0,1.8427602052688599,6.31394200701647
sweet,SWEET,71,249.0,2.2642204761505127,9.623619835238353
sweet,SWEET,72,249.0,2.2591021060943604,9.574488431256173
sweet,SWEET,73,249.0,2.368649482727051,10.682955022136023
sweet,SWEET,74,249.0,1.9715232849121094,7.181607795284646
sweet,SWEET,75,249.0,2.1054227352142334,8.210573174473573
sweet,SWEET,76,249.0,1.9470218420028687,7.0077861777504475
sweet,SWEET,77,249.0,2.122053623199463,8.34826408467968
sweet,SWEET,78,247.0,2.296837329864502,9.94268723658445
sweet,SWEET,79,127.0,1.920605182647705,6.825087644323597
sweet,SWEET,80,250.0,2.789418935775757,16.271562231641344
sweet,SWEET,81,249.0,2.2041594982147217,9.062631208132293
sweet,SWEET,82,171.0,2.065596342086792,7.890001635037051
sweet,SWEET,83,249.0,1.4373867511749268,4.2096804877785665
sweet,SWEET,84,249.0,1.6518793106079102,5.216774560394498
sweet,SWEET,85,170.0,1.8620734214782715,6.437069702838346
sweet,SWEET,86,249.0,2.2025787830352783,9.048317085671739
sweet,SWEET,87,249.0,2.0238091945648193,7.567094639944197
sweet,SWEET,88,249.0,2.1813583374023438,8.858330692154691
sweet,SWEET,89,232.0,1.9685938358306885,7.160600425958206
sweet,SWEET,90,249.0,1.5122443437576294,4.536901743598886
sweet,SWEET,91,249.0,1.9472042322158813,7.009064445932415
sweet,SWEET,92,249.0,2.0108513832092285,7.469674196067007
sweet,SWEET,93,249.0,1.6294928789138794,5.101287092221427
sweet,SWEET,94,250.0,1.5691583156585693,4.802604215371102
sweet,SWEET,95,97.0,2.8149797916412354,16.69283844205476
sweet,SWEET,96,249.0,2.148789644241333,8.574473950084933
sweet,SWEET,97,247.0,2.226590394973755,9.268211205331305
sweet,SWEET,98,249.0,2.00626540184021,7.435496837635
sweet,SWEET,99,249.0,2.065485954284668,7.889130723167713
sweet,SWEET,100,249.0,1.9403831958770752,6.9614180462923745
sweet,SWEET,101,249.0,1.9641358852386475,7.128749869900569
sweet,SWEET,102,127.0,2.5503411293029785,12.811473406310546
sweet,SWEET,103,239.0,1.8590493202209473,6.417632756715988
sweet,SWEET,104,250.0,2.1245038509368896,8.368744313265116
sweet,SWEET,105,249.0,2.156644582748413,8.642091132433107
sweet,SWEET,106,249.0,2.49802827835083,12.158497138921124
sweet,SWEET,107,249.0,2.2913756370544434,9.888531359197625
sweet,SWEET,108,250.0,2.487063407897949,12.025909027028256
sweet,SWEET,109,249.0,1.8432598114013672,6.317097279294529
sweet,SWEET,110,249.0,1.5759071111679077,4.835125625871928
sweet,SWEET,111,249.0,2.0177183151245117,7.521144459342059
sweet,SWEET,112,248.0,1.8204028606414795,6.174345349641175
sweet,SWEET,113,249.0,2.347724676132202,10.461738779505932
sweet,SWEET,114,249.0,1.9805560111999512,7.246771151128051
sweet,SWEET,115,124.0,2.6437675952911377,14.0660992698134
sweet,SWEET,116,249.0,2.0990097522735596,8.158087383891298
sweet,SWEET,117,249.0,1.9755240678787231,7.210397401506856
sweet,SWEET,118,249.0,1.7690011262893677,5.864992048144134
sweet,SWEET,119,249.0,1.5050641298294067,4.5044424901545845
sweet,SWEET,120,249.0,1.908577561378479,6.743489772840632
sweet,SWEET,121,249.0,1.4549230337142944,4.284153717513508
sweet,SWEET,122,236.0,1.0608268976211548,2.8887587096368486
sweet,SWEET,123,249.0,2.03035569190979,7.6167951094100195
sweet,SWEET,124,246.0,1.9703470468521118,7.173165480922944
sweet,SWEET,125,249.0,2.499790906906128,12.179946951640435
sweet,SWEET,126,250.0,2.3077309131622314,10.051590826397936
sweet,SWEET,127,249.0,1.9900742769241333,7.316077157836449
sweet,SWEET,128,249.0,1.2853602170944214,3.6159702569475254
sweet,SWEET,129,133.0,2.5706875324249268,13.074810707717013
sweet,SWEET,130,249.0,1.5656992197036743,4.786020245863742
sweet,SWEET,131,249.0,1.1363346576690674,3.1153286667511213
sweet,SWEET,132,249.0,2.2484819889068604,9.473344274149305
sweet,SWEET,133,249.0,2.162705898284912,8.694632648172274
sweet,SWEET,134,250.0,2.3624494075775146,10.616924805852996
sweet,SWEET,135,249.0,2.1491775512695312,8.577800693985228
sweet,SWEET,136,249.0,2.3917903900146484,10.933050855648913
sweet,SWEET,137,251.0,2.234583616256714,9.342590939209133
sweet,SWEET,138,249.0,2.060818910598755,7.85239758968274
sweet,SWEET,139,249.0,2.0108931064605713,7.469985861662744
sweet,SWEET,140,249.0,1.7199605703353882,5.584308272532764
sweet,SWEET,141,249.0,2.092486619949341,8.105044292014613
sweet,SWEET,142,249.0,2.387984275817871,10.891517506048327
sweet,SWEET,143,249.0,2.1738457679748535,8.792031219335533
sweet,SWEET,144,250.0,2.1096651554107666,8.24547986801032
sweet,SWEET,145,249.0,1.9179010391235352,6.806656559149391
sweet,SWEET,146,249.0,2.1789660453796387,8.837164306487864
sweet,SWEET,147,226.0,0.8330367207527161,2.3002934937046877
sweet,SWEET,148,226.0,1.5609636306762695,4.763409201465256
sweet,SWEET,149,250.0,1.457748532295227,4.296275705027501
sweet,SWEET,150,249.0,2.085508346557617,8.048681961687471
sweet,SWEET,151,250.0,2.2002687454223633,9.027439256439806
sweet,SWEET,152,249.0,1.9805829524993896,7.246966391189594
sweet,SWEET,153,249.0,1.4640847444534302,4.323584244369928
sweet,SWEET,154,249.0,2.1798839569091797,8.845279765560148
sweet,SWEET,155,249.0,1.833553433418274,6.256077763659758
sweet,SWEET,156,249.0,1.808985948562622,6.104254264854776
sweet,SWEET,157,250.0,1.168695092201233,3.217790977193446
sweet,SWEET,158,139.0,1.5634878873825073,4.77544845778064
sweet,SWEET,159,184.0,2.0535383224487305,7.795435128568744
sweet,SWEET,160,212.0,2.092735767364502,8.107063894428647
sweet,SWEET,161,248.0,2.515857219696045,12.377214224679912
sweet,SWEET,162,231.0,2.2976057529449463,9.950330363140017
sweet,SWEET,163,249.0,1.6695547103881836,5.309802870622549
sweet,SWEET,164,249.0,1.9552934169769287,7.065992001574992
sweet,SWEET,165,127.0,2.8040308952331543,16.511067196331425
sweet,SWEET,166,249.0,2.060814142227173,7.852360146622494
sweet,SWEET,167,249.0,1.8402304649353027,6.297989559539901
sweet,SWEET,168,249.0,1.7776832580566406,5.9161343728650575
sweet,SWEET,169,249.0,1.7729167938232422,5.888002428192077
sweet,SWEET,170,249.0,1.9893361330032349,7.310678832573165
sweet,SWEET,171,249.0,2.495026111602783,12.122050040612555
sweet,SWEET,172,76.0,2.6599550247192383,14.295646133520416
sweet,SWEET,173,249.0,2.2180418968200684,9.189319601746725
sweet,SWEET,174,249.0,1.6237236261367798,5.071941210798122
sweet,SWEET,175,248.0,1.6546984910964966,5.2315023398283
sweet,SWEET,176,96.0,2.6670567989349365,14.397531941411035
sweet,SWEET,177,249.0,2.100260019302368,8.168293550452791
sweet,SWEET,178,251.0,1.7866517305374146,5.9694317017539715
sweet,SWEET,179,248.0,2.762519359588623,15.839698618392289
sweet,SWEET,180,249.0,1.6312193870544434,5.110102113326676
sweet,SWEET,181,249.0,2.174683094024658,8.799396099078708
sweet,SWEET,182,250.0,1.8510727882385254,6.36664592317125
sweet,SWEET,183,109.0,2.4347612857818604,11.41309392036471
sweet,SWEET,184,249.0,2.1792125701904297,8.839343155305562
sweet,SWEET,185,250.0,2.302136182785034,9.995511905361006
sweet,SWEET,186,249.0,2.2345192432403564,9.34198954780668
sweet,SWEET,187,249.0,2.3556103706359863,10.544562989512483
sweet,SWEET,188,250.0,1.7112067937850952,5.535637821648211
sweet,SWEET,189,104.0,1.9231998920440674,6.8428197582581625
sweet,SWEET,190,251.0,2.3054006099700928,10.02819484266419
sweet,SWEET,191,98.0,2.4785213470458984,11.923620479787258
sweet,SWEET,192,88.0,2.4522125720977783,11.614015157997837
sweet,SWEET,193,249.0,2.438796281814575,11.459238743535883
sweet,SWEET,194,249.0,2.3090760707855225,10.065120898423867
sweet,SWEET,195,249.0,2.086958169937134,8.06035959217515
sweet,SWEET,196,249.0,1.8070813417434692,6.09263912520437
sweet,SWEET,197,249.0,1.6676480770111084,5.2996886683455235
sweet,SWEET,198,70.0,2.5712790489196777,13.082546961751738
sweet,SWEET,199,249.0,1.8189074993133545,6.165119372182974
sweet,SWEET,200,249.0,2.420013666152954,11.246013003565508
sweet,SWEET,201,250.0,1.108160376548767,3.0287814488865337
sweet,SWEET,202,249.0,2.599245548248291,13.453584125055837
sweet,SWEET,203,113.0,2.5424702167510986,12.711031223828972
sweet,SWEET,204,249.0,1.1633251905441284,3.2005580670196876
sweet,SWEET,205,249.0,2.4175848960876465,11.218732166679011
sweet,SWEET,206,249.0,2.039830446243286,7.689305337738311
sweet,SWEET,207,249.0,2.384228229522705,10.850685194102784
sweet,SWEET,209,248.0,2.131005048751831,8.423328414275204
sweet,SWEET,210,233.0,2.1037724018096924,8.197034166304938
sweet,SWEET,211,249.0,2.268268585205078,9.662656256367914
sweet,SWEET,212,249.0,1.3209952116012573,3.7471487280876548
sweet,SWEET,213,250.0,1.9207724332809448,6.826229240017667
sweet,SWEET,214,249.0,2.1431498527526855,8.526251814095392
sweet,SWEET,215,249.0,1.5488015413284302,4.705827062493117
sweet,SWEET,216,250.0,1.8958635330200195,6.658295580928669
sweet,SWEET,217,249.0,2.330422878265381,10.282288770241907
sweet,SWEET,218,249.0,2.280304431915283,9.779657196162528
sweet,SWEET,219,249.0,2.233863592147827,9.335866469674045
sweet,SWEET,220,251.0,2.455155611038208,11.648246003510746
sweet,SWEET,221,249.0,2.154761552810669,8.62583312806447
sweet,SWEET,222,128.0,2.177382230758667,8.823178954477301
sweet,SWEET,223,249.0,2.155853748321533,8.635259370997474
sweet,SWEET,224,250.0,2.2421395778656006,9.413450566856943
sweet,SWEET,225,249.0,2.1343653202056885,8.451680693290944
sweet,SWEET,226,249.0,2.1547133922576904,8.625417713174508
sweet,SWEET,227,249.0,2.003016710281372,7.411380396472627
sweet,SWEET,228,229.0,2.482206344604492,11.967640048333626
sweet,SWEET,229,250.0,2.5088002681732178,12.290176296340368
sweet,SWEET,230,156.0,1.6105283498764038,5.005455160926841
sweet,SWEET,231,249.0,1.9829990863800049,7.264497202083801
sweet,SWEET,232,249.0,2.3399455547332764,10.38067136892447
sweet,SWEET,233,249.0,2.7569522857666016,15.751762846443095
sweet,SWEET,234,249.0,1.8259156942367554,6.208477484058778
sweet,SWEET,235,238.0,0.9879812002182007,2.685806889228889
sweet,SWEET,236,250.0,2.2225024700164795,9.230400789162234
sweet,SWEET,237,249.0,2.2301034927368164,9.30082859788215
sweet,SWEET,238,249.0,2.4363412857055664,11.431140861216356
sweet,SWEET,239,249.0,2.1000871658325195,8.166881754590275
sweet,SWEET,240,250.0,2.161694288253784,8.68584151791589
sweet,SWEET,241,249.0,1.934820294380188,6.922799877545922
sweet,SWEET,242,249.0,0.4333679974079132,1.5424437315680328
sweet,SWEET,243,69.0,3.290365219116211,26.852668973275225
sweet,SWEET,244,250.0,1.9054222106933594,6.722245232379756
sweet,SWEET,245,249.0,2.1883721351623535,8.920679627937897
sweet,SWEET,246,249.0,1.8207504749298096,6.176492013389674
sweet,SWEET,247,249.0,2.1175882816314697,8.311069339465735
sweet,SWEET,248,249.0,1.9981406927108765,7.37533033722475
sweet,SWEET,249,184.0,2.4048502445220947,11.076771350785208
sweet,SWEET,250,250.0,2.1805593967437744,8.851256238008508
sweet,SWEET,251,247.0,2.0569522380828857,7.822093565364686
sweet,SWEET,252,249.0,2.2074480056762695,9.092482795162887
sweet,SWEET,253,249.0,2.2597415447235107,9.580612686847598
sweet,SWEET,254,128.0,2.4872825145721436,12.02854427264874
sweet,SWEET,255,249.0,1.6095049381256104,5.000335139688909
sweet,SWEET,256,249.0,2.0207176208496094,7.543736534311938
sweet,SWEET,257,249.0,2.2100868225097656,9.116507876774666
sweet,SWEET,258,150.0,1.7641676664352417,5.836712244239918
sweet,SWEET,259,249.0,1.6600593328475952,5.259622903593275
sweet,SWEET,260,249.0,2.32889723777771,10.266613654524118
sweet,SWEET,261,249.0,2.1151928901672363,8.291184899927607
sweet,SWEET,262,136.0,2.505664348602295,12.251695659588378
sweet,SWEET,263,250.0,2.1108367443084717,8.255145841848105
sweet,SWEET,264,249.0,2.1300160884857178,8.415002194993697
sweet,SWEET,265,251.0,2.070723056793213,7.930555287132092
sweet,SWEET,266,249.0,2.369030237197876,10.687023379495802
sweet,SWEET,267,249.0,1.890630841255188,6.623545769291649
sweet,SWEET,268,209.0,2.1873912811279297,8.911934033112175
sweet,SWEET,269,249.0,2.3267502784729004,10.24459529752555
sweet,SWEET,270,249.0,2.24828839302063,9.471510451185003
sweet,SWEET,271,249.0,2.071901321411133,7.939905087014871
sweet,SWEET,272,249.0,2.2781307697296143,9.758422611893627
sweet,SWEET,273,250.0,2.344352960586548,10.426524172408921
sweet,SWEET,274,249.0,2.001807689666748,7.402425299329825
sweet,SWEET,275,250.0,2.44252610206604,11.502059451397686
sweet,SWEET,276,250.0,2.040696382522583,7.695966669921205
sweet,SWEET,277,249.0,1.8575339317321777,6.4079149149237775
sweet,SWEET,278,56.0,4.5117363929748535,91.07983166421553
sweet,SWEET,279,249.0,2.613520622253418,13.647012350505669
sweet,SWEET,280,250.0,1.9406704902648926,6.963418309946828
sweet,SWEET,281,249.0,1.9188933372497559,6.813414143913722
sweet,SWEET,282,249.0,2.6048624515533447,13.52936423172256
sweet,SWEET,283,252.0,1.4215869903564453,4.143691222998887
sweet,SWEET,284,250.0,2.2599120140075684,9.5822460262463
sweet,SWEET,285,249.0,1.8516350984573364,6.3702269599658345
sweet,SWEET,286,249.0,1.9735209941864014,7.195968899661239
sweet,SWEET,287,249.0,1.8874690532684326,6.602636594456396
sweet,SWEET,288,219.0,2.41801381111145,11.223545081545293
sweet,SWEET,289,249.0,1.8608120679855347,6.428955401062953
sweet,SWEET,290,107.0,3.16595458984375,23.71136786381769
sweet,SWEET,291,249.0,1.5743324756622314,4.827518056533321
sweet,SWEET,292,249.0,2.3837080001831055,10.845041817362405
sweet,SWEET,293,248.0,2.4806478023529053,11.949002503139974
sweet,SWEET,294,249.0,2.0179646015167236,7.522997042999963
sweet,SWEET,295,249.0,1.9542856216430664,7.058874514894036
sweet,SWEET,296,249.0,2.4273271560668945,11.32856209928605
sweet,SWEET,297,249.0,2.0051584243774414,7.427270464256266
sweet,SWEET,298,249.0,2.4388585090637207,11.459951842627062
sweet,SWEET,299,249.0,2.4689764976501465,11.810352739744431
sweet,SWEET,300,249.0,2.3930182456970215,10.94648330913727
sweet,SWEET,301,249.0,2.5034680366516113,12.224816642153579
sweet,SWEET,302,94.0,1.6550309658050537,5.233241971219745
sweet,SWEET,303,101.0,1.3146049976348877,3.723279990344947
sweet,SWEET,304,249.0,1.0452922582626343,2.8442296518103882
sweet,SWEET,305,249.0,1.6606308221817017,5.262629581044316
sweet,SWEET,306,249.0,1.8887356519699097,6.611004783843427
sweet,SWEET,307,249.0,2.061984062194824,7.8615521554601235
sweet,SWEET,308,249.0,1.0519176721572876,2.863136413866034
sweet,SWEET,309,249.0,1.886735200881958,6.597793011289434
sweet,SWEET,310,251.0,2.004756450653076,7.424285496665344
sweet,SWEET,311,249.0,2.3569066524505615,10.558240577847688
sweet,SWEET,312,249.0,0.9745326042175293,2.649928356149884
sweet,SWEET,313,249.0,1.9574898481369019,7.081529023336454
sweet,SWEET,314,147.0,1.6204400062561035,5.055314197140615
sweet,SWEET,315,248.0,1.8167662620544434,6.151932512014148
sweet,SWEET,316,250.0,2.2183377742767334,9.192038916531104
sweet,SWEET,317,249.0,2.178952693939209,8.837046318402717
sweet,SWEET,318,249.0,1.9417142868041992,6.970690496561845
sweet,SWEET,319,249.0,2.256659984588623,9.551134894845145
sweet,SWEET,320,249.0,1.1252186298370361,3.0808903498467624
sweet,SWEET,321,249.0,2.1776673793792725,8.825695230524799
sweet,SWEET,322,249.0,2.334221124649048,10.321417699995578
sweet,SWEET,323,249.0,1.4797743558883667,4.391954550418719
sweet,SWEET,324,249.0,2.0936782360076904,8.114708149607043
sweet,SWEET,325,249.0,2.1321139335632324,8.432674095899802
sweet,SWEET,326,249.0,1.9045089483261108,6.716108861270513
sweet,SWEET,327,249.0,1.7305467128753662,5.643738569680722
sweet,SWEET,328,249.0,1.9773744344711304,7.223751631276653
sweet,SWEET,329,232.0,2.073279857635498,7.950858081610696
sweet,SWEET,330,249.0,2.1600468158721924,8.671543614838363
sweet,SWEET,331,96.0,1.8120239973068237,6.122827485748114
sweet,SWEET,332,249.0,1.781508445739746,5.938808035059557
sweet,SWEET,333,249.0,2.0793447494506836,7.999225699640514
sweet,SWEET,334,202.0,1.4974768161773682,4.470395199225992
sweet,SWEET,335,249.0,1.9020870923995972,6.699863093616711
sweet,SWEET,336,116.0,2.2086477279663086,9.103397795619518
sweet,SWEET,337,248.0,2.6905884742736816,14.740347684034603
sweet,SWEET,338,249.0,1.9927639961242676,7.335781839187821
sweet,SWEET,339,155.0,2.623565196990967,13.784781544153118
sweet,SWEET,340,174.0,2.1117799282073975,8.262935635515921
sweet,SWEET,341,247.0,1.7123936414718628,5.542211680904778
sweet,SWEET,342,189.0,0.9223222732543945,2.51512441937974
sweet,SWEET,343,249.0,1.0975004434585571,2.9966663179839568
sweet,SWEET,344,249.0,1.7826024293899536,5.945308549031316
sweet,SWEET,345,249.0,1.382992148399353,3.9868129343491328
sweet,SWEET,346,250.0,2.3460683822631836,10.444425407679962
sweet,SWEET,347,250.0,1.4872533082962036,4.424924907662842
sweet,SWEET,348,249.0,2.2631232738494873,9.613066568004198
sweet,SWEET,349,196.0,2.1339919567108154,8.448525733259848
sweet,SWEET,350,103.0,1.1618351936340332,3.195792796390116
sweet,SWEET,351,249.0,2.0312435626983643,7.623560842394099
sweet,SWEET,352,170.0,1.8072619438171387,6.09373956783262
sweet,SWEET,353,106.0,2.9561514854431152,19.22384595887717
sweet,SWEET,354,249.0,1.7419227361679077,5.708308448980023
sweet,SWEET,355,249.0,2.2840254306793213,9.816115076299832
sweet,SWEET,356,250.0,2.129711627960205,8.412440548983053
sweet,SWEET,357,249.0,2.3972432613372803,10.992830211574121
sweet,SWEET,358,249.0,1.7526779174804688,5.77003367936015
sweet,SWEET,359,247.0,1.9469413757324219,7.007222310019107
sweet,SWEET,360,118.0,2.381554126739502,10.821708107746716
sweet,SWEET,361,251.0,1.644813060760498,5.180041463419517
sweet,SWEET,362,249.0,2.347337007522583,10.457683877808918
sweet,SWEET,363,249.0,2.750588893890381,15.651846447467959
sweet,SWEET,364,249.0,2.117121934890747,8.307194402969584
sweet,SWEET,365,249.0,1.685637354850769,5.395888932605462
sweet,SWEET,366,250.0,2.477806568145752,11.915100772671126
sweet,SWEET,367,113.0,1.9993464946746826,7.384228888896458
sweet,SWEET,368,249.0,2.3623147010803223,10.615494733423631
sweet,SWEET,369,249.0,1.9880053997039795,7.300956739002023
sweet,SWEET,370,216.0,2.3209471702575684,10.18531696802716
sweet,SWEET,371,248.0,1.7821251153945923,5.942471447202191
sweet,SWEET,372,249.0,2.3919453620910645,10.934745304534314
sweet,SWEET,373,192.0,2.630316972732544,13.87816820592083
sweet,SWEET,374,250.0,2.2332139015197754,9.329803014622195
sweet,SWEET,375,249.0,1.8500767946243286,6.360307941306593
sweet,SWEET,376,249.0,1.9045321941375732,6.716264984485462
sweet,SWEET,377,248.0,2.0353593826293945,7.6550027061941455
sweet,SWEET,378,249.0,2.1635634899139404,8.702092290555061
sweet,SWEET,379,249.0,1.9890739917755127,7.308762653414264
sweet,SWEET,380,249.0,1.6611031293869019,5.265115745984334
sweet,SWEET,381,250.0,2.266281843185425,9.643478108486292
sweet,SWEET,382,249.0,2.4230377674102783,11.280073560959181
sweet,SWEET,383,126.0,1.023422360420227,2.7827018950973255
sweet,SWEET,384,249.0,1.8176432847976685,6.157330263371339
sweet,SWEET,385,248.0,1.9863648414611816,7.288988913884831
sweet,SWEET,386,250.0,2.4365694522857666,11.433749363109609
sweet,SWEET,387,249.0,1.980997920036316,7.249974271026215
sweet,SWEET,388,249.0,2.1653337478637695,8.717510882028046
sweet,SWEET,389,249.0,2.2195358276367188,9.20305806908853
sweet,SWEET,390,249.0,2.414264440536499,11.181542642429632
sweet,SWEET,391,249.0,1.6794042587280273,5.362360439932316
sweet,SWEET,392,200.0,2.604928493499756,13.5302577667752
sweet,SWEET,393,250.0,1.6978135108947754,5.461991740606143
sweet,SWEET,394,249.0,2.1669259071350098,8.731401602986704
sweet,SWEET,395,249.0,1.4453712701797485,4.24342730841588
sweet,SWEET,396,249.0,1.7034374475479126,5.4927961760602
sweet,SWEET,397,249.0,1.7072771787643433,5.513927580496913
sweet,SWEET,398,249.0,1.8885078430175781,6.609498909302124
sweet,SWEET,399,249.0,1.858009934425354,6.410965825744203
sweet,SWEET,400,249.0,1.741055965423584,5.703362797899341
sweet,SWEET,401,249.0,2.280078411102295,9.777447039872374
sweet,SWEET,402,249.0,1.8484442234039307,6.349932757026783
sweet,SWEET,403,249.0,2.0872464179992676,8.0626833100952
sweet,SWEET,404,249.0,2.121769905090332,8.345895866948064
sweet,SWEET,405,249.0,1.6514073610305786,5.214313086737101
sweet,SWEET,406,249.0,1.9344686269760132,6.920365782504391
sweet,SWEET,407,174.0,1.0644283294677734,2.89918113381093
sweet,SWEET,408,249.0,1.6128562688827515,5.01712102846045
sweet,SWEET,409,249.0,2.3993916511535645,11.016472483367222
sweet,SWEET,410,201.0,1.811119556427002,6.117292253792261
sweet,SWEET,411,249.0,1.32948637008667,3.779101829245228
sweet,SWEET,412,249.0,2.1114354133605957,8.260089421820908
sweet,SWEET,413,249.0,1.8544665575027466,6.388289556396409
sweet,SWEET,414,228.0,1.8046598434448242,6.077903658083017
sweet,SWEET,415,248.0,2.6288576126098633,13.85792973186812
sweet,SWEET,416,249.0,1.48876953125,4.43163916924913
sweet,SWEET,417,250.0,2.9241342544555664,18.61810053302672
sweet,SWEET,418,247.0,1.7769638299942017,5.911879670435733
sweet,SWEET,419,249.0,2.1311521530151367,8.424567612939637
sweet,SWEET,420,249.0,1.8775339126586914,6.537363258292363
sweet,SWEET,421,249.0,1.122911810874939,3.0737914846140577
sweet,SWEET,422,247.0,2.175896644592285,8.810081093288593
sweet,SWEET,423,62.0,3.8871235847473145,48.770400648432144
sweet,SWEET,424,249.0,2.0484466552734375,7.75584424474231
sweet,SWEET,425,250.0,2.50616455078125,12.25782551740951
sweet,SWEET,426,249.0,2.0857882499694824,8.050935130549682
sweet,SWEET,427,249.0,1.953112244606018,7.050596651108251
sweet,SWEET,428,249.0,2.09257435798645,8.105755443888556
sweet,SWEET,429,246.0,1.6819567680358887,5.376065398443435
sweet,SWEET,430,249.0,2.1916797161102295,8.95023434828807
sweet,SWEET,431,249.0,1.9872610569000244,7.295524346423338
sweet,SWEET,432,251.0,1.9156110286712646,6.791087078424775
sweet,SWEET,433,249.0,2.2309024333953857,9.30826237718623
sweet,SWEET,434,132.0,2.9866888523101807,19.81994695002427
sweet,SWEET,435,249.0,2.357919454574585,10.568939403312918
sweet,SWEET,436,198.0,2.297322988510132,9.947517161354117
sweet,SWEET,437,249.0,2.3595688343048096,10.586385981795953
sweet,SWEET,438,192.0,2.193099021911621,8.96294648689447
sweet,SWEET,439,249.0,1.5170518159866333,4.558765284811781
sweet,SWEET,440,249.0,2.052716016769409,7.789027532851977
sweet,SWEET,441,251.0,2.165041446685791,8.71496311570388
sweet,SWEET,442,250.0,1.7043706178665161,5.49792428274418
sweet,SWEET,443,249.0,2.3112761974334717,10.087289817399524
sweet,SWEET,444,250.0,0.6029905676841736,1.8275761261754526
sweet,SWEET,445,249.0,2.322457790374756,10.20071473990286
sweet,SWEET,446,249.0,2.30683970451355,10.042636752287235
sweet,SWEET,447,249.0,2.221728801727295,9.223262282549365
sweet,SWEET,448,249.0,0.8209761381149292,2.272717241033728
sweet,SWEET,449,118.0,2.3695926666259766,10.693035766556447
sweet,SWEET,450,250.0,2.127835512161255,8.396672632205274
sweet,SWEET,451,175.0,1.724251389503479,5.60832100982401
sweet,SWEET,452,250.0,1.1936112642288208,3.2989731857788334
sweet,SWEET,453,249.0,2.123068332672119,8.35673944661445
sweet,SWEET,454,249.0,2.0232255458831787,7.562679403732477
sweet,SWEET,455,249.0,2.0031485557556152,7.412357617855489
sweet,SWEET,456,249.0,2.4339377880096436,11.403699131771848
sweet,SWEET,457,249.0,1.9196380376815796,6.818489986125252
sweet,SWEET,458,249.0,2.0829238891601562,8.02790734317356
sweet,SWEET,459,249.0,1.836958408355713,6.277415858875507
sweet,SWEET,460,58.0,2.902168035507202,18.21359030547751
sweet,SWEET,461,248.0,2.2680909633636475,9.660940109987598
sweet,SWEET,462,249.0,1.606567621231079,4.985669120722085
sweet,SWEET,463,249.0,2.030216693878174,7.615736463459143
sweet,SWEET,464,248.0,2.0682597160339355,7.911043668798409
sweet,SWEET,465,249.0,1.8574188947677612,6.407177810241681
sweet,SWEET,466,249.0,1.673886775970459,5.33285518089552
sweet,SWEET,467,251.0,2.6174099445343018,13.700193331657164
sweet,SWEET,468,250.0,1.910376787185669,6.755633755277694
sweet,SWEET,469,249.0,2.0610873699188232,7.854505921988639
sweet,SWEET,470,248.0,0.866237998008728,2.3779481595471177
sweet,SWEET,471,249.0,1.7768276929855347,5.91107489960259
sweet,SWEET,472,180.0,1.9431332349777222,6.980588565873078
sweet,SWEET,473,249.0,2.310549259185791,10.07995964522987
sweet,SWEET,474,249.0,1.9035574197769165,6.7097213313899795
sweet,SWEET,475,249.0,1.5269813537597656,4.6042571999760975
sweet,SWEET,476,249.0,1.4205559492111206,4.139421108564571
sweet,SWEET,477,249.0,2.065295934677124,7.887631776063014
sweet,SWEET,478,249.0,2.0734665393829346,7.9523425002436126
sweet,SWEET,479,249.0,1.9120558500289917,6.76698641714847
sweet,SWEET,480,249.0,1.430407166481018,4.1804009645973395
sweet,SWEET,481,132.0,2.1759681701660156,8.81071126192972
sweet,SWEET,482,249.0,1.990998387336731,7.3228411457718545
sweet,SWEET,483,250.0,2.077085494995117,7.98117381291869
sweet,SWEET,484,247.0,1.464607834815979,4.325846461240165
sweet,SWEET,485,236.0,2.3617351055145264,10.609343822439966
sweet,SWEET,486,108.0,2.0233993530273438,7.563993965678694
sweet,SWEET,487,223.0,2.6060969829559326,13.546076970801668
sweet,SWEET,488,249.0,2.4254682064056396,11.30752243450682
sweet,SWEET,489,249.0,2.1640520095825195,8.706344472349443
sweet,SWEET,490,249.0,2.1257286071777344,8.37900026432884
sweet,SWEET,491,249.0,1.8282843828201294,6.223200864462918
sweet,SWEET,492,247.0,2.263057231903076,9.612431723340487
sweet,SWEET,493,249.0,1.965177059173584,7.136176003731429
sweet,SWEET,494,242.0,1.8727036714553833,6.505862356643917
sweet,SWEET,495,249.0,2.4643568992614746,11.755919479961426
sweet,SWEET,496,199.0,1.8873382806777954,6.601773207018839
sweet,SWEET,497,249.0,2.4351251125335693,11.417247064719403
sweet,SWEET,498,249.0,2.2987775802612305,9.961997266528577
sweet,SWEET,499,176.0,1.7831794023513794,5.948739821091854
unbiased,Unbiased,0,249.0,1.7740832567214966,5.894874571840486
unbiased,Unbiased,1,249.0,1.745659589767456,5.729679467269367
unbiased,Unbiased,2,249.0,1.8145755529403687,6.138470168813925
unbiased,Unbiased,3,249.0,2.255568504333496,9.540715706896718
unbiased,Unbiased,4,250.0,2.156095504760742,8.637347252923933
unbiased,Unbiased,5,252.0,2.0445618629455566,7.72577284890682
unbiased,Unbiased,6,138.0,1.9255805015563965,6.859129245623643
unbiased,Unbiased,7,249.0,2.3050894737243652,10.025075193112611
unbiased,Unbiased,8,249.0,1.972055435180664,7.1854305068398405
unbiased,Unbiased,9,249.0,1.7128472328186035,5.54472615039273
unbiased,Unbiased,10,249.0,2.2642157077789307,9.623573946352423
unbiased,Unbiased,11,249.0,1.7350069284439087,5.668967080789355
unbiased,Unbiased,12,88.0,3.079814910888672,21.7543755255101
unbiased,Unbiased,13,249.0,2.1495790481567383,8.581245345725149
unbiased,Unbiased,14,249.0,1.7951024770736694,6.0200916115697565
unbiased,Unbiased,15,249.0,2.175238609313965,8.80428565613452
unbiased,Unbiased,16,163.0,2.2194881439208984,9.202619243545387
unbiased,Unbiased,17,127.0,2.103698968887329,8.196432256231674
unbiased,Unbiased,18,249.0,2.1330299377441406,8.440401999483528
unbiased,Unbiased,19,249.0,2.0578455924987793,7.8290845894590095
unbiased,Unbiased,20,249.0,1.6356416940689087,5.132750596108237
unbiased,Unbiased,21,249.0,2.3195712566375732,10.171312488373399
unbiased,Unbiased,22,251.0,1.9827338457107544,7.262570617499739
unbiased,Unbiased,23,245.0,2.2796735763549805,9.773489590681127
unbiased,Unbiased,24,250.0,2.006777286529541,7.439303928936499
unbiased,Unbiased,25,250.0,1.865850806236267,6.461430973799977
unbiased,Unbiased,26,250.0,2.2218222618103027,9.224124329690765
unbiased,Unbiased,27,249.0,1.8920587301254272,6.633010212055322
unbiased,Unbiased,28,240.0,2.09324312210083,8.111178095284593
unbiased,Unbiased,29,249.0,2.049100637435913,7.760918087453787
unbiased,Unbiased,30,213.0,1.726027488708496,5.618290795354286
unbiased,Unbiased,31,249.0,1.5859748125076294,4.884050091826669
unbiased,Unbiased,32,229.0,1.9028445482254028,6.704939866421912
unbiased,Unbiased,33,249.0,2.2122607231140137,9.136347815971153
unbiased,Unbiased,34,250.0,1.7454582452774048,5.728525944010546
unbiased,Unbiased,35,249.0,1.838162899017334,6.284981503115868
unbiased,Unbiased,36,214.0,1.6167254447937012,5.036570755228857
unbiased,Unbiased,37,249.0,1.8705589771270752,6.491924222408208
unbiased,Unbiased,38,249.0,1.457518458366394,4.295287357697532
unbiased,Unbiased,39,249.0,1.6113497018814087,5.009568090409448
unbiased,Unbiased,40,251.0,1.2043720483779907,3.3346644125352287
unbiased,Unbiased,41,249.0,1.4495244026184082,4.261087471134603
unbiased,Unbiased,42,250.0,1.9179091453552246,6.806711735708126
unbiased,Unbiased,43,249.0,1.9010659456253052,6.69302504195186
unbiased,Unbiased,44,249.0,1.904173731803894,6.713857887918016
unbiased,Unbiased,45,249.0,2.4205210208892822,11.251720169184006
unbiased,Unbiased,46,249.0,1.732830286026001,5.656641185974772
unbiased,Unbiased,47,230.0,2.549206495285034,12.796945316354911
unbiased,Unbiased,48,249.0,1.77559232711792,5.903777068104796
unbiased,Unbiased,49,251.0,1.6418112516403198,5.16451528268587
unbiased,Unbiased,50,128.0,1.4692444801330566,4.345950448489153
unbiased,Unbiased,51,249.0,1.9646620750427246,7.1325019324598875
unbiased,Unbiased,52,249.0,2.2512829303741455,9.499915752166244
unbiased,Unbiased,53,249.0,1.9354486465454102,6.927151200776896
unbiased,Unbiased,54,169.0,2.2202136516571045,9.20929823753788
unbiased,Unbiased,55,250.0,1.9469823837280273,7.007509668052751
unbiased,Unbiased,56,250.0,1.7107917070388794,5.533340528577531
unbiased,Unbiased,57,250.0,1.4876885414123535,4.426851200681982
unbiased,Unbiased,58,249.0,2.008004903793335,7.448442154844572
unbiased,Unbiased,59,249.0,2.071678876876831,7.938139094950313
unbiased,Unbiased,60,248.0,1.789774775505066,5.9881036468757385
unbiased,Unbiased,61,249.0,2.2026848793029785,9.049277129271116
unbiased,Unbiased,62,249.0,1.3076070547103882,3.697315643946358
unbiased,Unbiased,63,249.0,1.7398066520690918,5.6962419595957785
unbiased,Unbiased,64,249.0,1.8142156600952148,6.136261374808399
unbiased,Unbiased,65,249.0,2.2869229316711426,9.844598524951845
unbiased,Unbiased,66,250.0,2.1795761585235596,8.842557621685188
unbiased,Unbiased,67,249.0,2.2139289379119873,9.151601926626144
unbiased,Unbiased,68,249.0,1.8727329969406128,6.506053147011857
unbiased,Unbiased,69,249.0,2.3223774433135986,10.199895175377048
unbiased,Unbiased,70,249.0,2.1549439430236816,8.627406539089133
unbiased,Unbiased,71,249.0,2.161555051803589,8.684632216367357
unbiased,Unbiased,72,249.0,1.9501618146896362,7.0298250175132155
unbiased,Unbiased,73,249.0,2.2817628383636475,9.793930316755908
unbiased,Unbiased,74,249.0,1.8369135856628418,6.277134494498242
unbiased,Unbiased,75,249.0,1.9621812105178833,7.114829092467416
unbiased,Unbiased,76,57.0,3.216186046600342,24.932845898612584
unbiased,Unbiased,77,249.0,1.9231839179992676,6.842710451621824
unbiased,Unbiased,78,249.0,2.4247610569000244,11.299529152163448
unbiased,Unbiased,79,249.0,1.3663898706436157,3.9211691843442447
unbiased,Unbiased,80,250.0,2.205911636352539,9.078524109114083
unbiased,Unbiased,81,249.0,2.0120933055877686,7.478956714502102
unbiased,Unbiased,82,122.0,2.498603105545044,12.165488182845928
unbiased,Unbiased,83,249.0,1.9339265823364258,6.9166156517889466
unbiased,Unbiased,84,249.0,1.9071704149246216,6.734007368250796
unbiased,Unbiased,85,212.0,1.7669260501861572,5.852834361724313
unbiased,Unbiased,86,249.0,1.7297168970108032,5.639057248466088
unbiased,Unbiased,87,224.0,2.054871082305908,7.805831497970355
unbiased,Unbiased,88,249.0,1.8661843538284302,6.46358652801319
unbiased,Unbiased,89,231.0,2.125932455062866,8.380708479914395
unbiased,Unbiased,90,249.0,2.1763010025024414,8.813644239612433
unbiased,Unbiased,91,249.0,1.8187272548675537,6.164008243798807
unbiased,Unbiased,92,249.0,1.919709324836731,6.818976074204503
unbiased,Unbiased,93,245.0,2.0238447189331055,7.567363460975862
unbiased,Unbiased,94,249.0,2.136936902999878,8.473442859557126
unbiased,Unbiased,95,223.0,1.9327811002731323,6.908697328635521
unbiased,Unbiased,96,250.0,2.0523128509521484,7.785887896140655
unbiased,Unbiased,97,247.0,2.133208751678467,8.441911395918886
unbiased,Unbiased,98,80.0,2.35121488571167,10.498316234773565
unbiased,Unbiased,99,251.0,1.875119924545288,6.5216011734907715
unbiased,Unbiased,100,249.0,2.1989755630493164,9.015772676253407
unbiased,Unbiased,101,249.0,1.5643212795257568,4.779429937842506
unbiased,Unbiased,102,208.0,2.097522497177124,8.145963244930977
unbiased,Unbiased,103,249.0,1.6677236557006836,5.300089227006892
unbiased,Unbiased,104,217.0,1.7503770589828491,5.7567729097648
unbiased,Unbiased,105,249.0,2.1352686882019043,8.459319120779506
unbiased,Unbiased,106,248.0,2.118985652923584,8.3226911072387
unbiased,Unbiased,107,248.0,2.4781181812286377,11.918814252510193
unbiased,Unbiased,108,249.0,2.248316526412964,9.471776920652848
unbiased,Unbiased,109,249.0,2.0103304386138916,7.4657839230619665
unbiased,Unbiased,110,214.0,2.09531307220459,8.127985218176315
unbiased,Unbiased,111,250.0,2.5686428546905518,13.048104245740184
unbiased,Unbiased,112,249.0,1.4185305833816528,4.131045750942127
unbiased,Unbiased,113,249.0,2.2115325927734375,9.129697785262655
unbiased,Unbiased,114,249.0,1.9234575033187866,6.84458277285523
unbiased,Unbiased,115,249.0,1.6138070821762085,5.021893642402028
unbiased,Unbiased,116,249.0,2.468045473098755,11.799362128441507
unbiased,Unbiased,117,249.0,1.7360432147979736,5.674844798990401
unbiased,Unbiased,118,154.0,2.4872663021087646,12.028349261896025
unbiased,Unbiased,119,249.0,1.3829723596572876,3.9867340411169137
unbiased,Unbiased,120,249.0,2.1467461585998535,8.556970026284295
unbiased,Unbiased,121,249.0,2.2871553897857666,9.846887247769976
unbiased,Unbiased,123,204.0,2.1211929321289062,8.341081899592009
unbiased,Unbiased,124,245.0,2.0080509185791016,7.448784901200262
unbiased,Unbiased,125,249.0,2.088632106781006,8.07386342419911
unbiased,Unbiased,126,249.0,2.0091423988342285,7.456919541436624
unbiased,Unbiased,127,249.0,2.025845527648926,7.582519464820571
unbiased,Unbiased,128,250.0,1.97843599319458,7.231424139525384
unbiased,Unbiased,129,94.0,2.6773085594177246,14.545891162658652
unbiased,Unbiased,130,249.0,1.6753743886947632,5.340794307828513
unbiased,Unbiased,131,249.0,1.6922298669815063,5.431578909893158
unbiased,Unbiased,132,249.0,1.8341928720474243,6.260079420719513
unbiased,Unbiased,133,157.0,2.479105234146118,11.930584560894031
unbiased,Unbiased,134,250.0,1.9846506118774414,7.276504616985811
unbiased,Unbiased,135,249.0,1.6846626996994019,5.390632363748175
unbiased,Unbiased,136,249.0,2.3124475479125977,10.099112492056243
unbiased,Unbiased,137,250.0,2.1120970249176025,8.26555620068692
unbiased,Unbiased,138,249.0,1.9671489000320435,7.150261289555975
unbiased,Unbiased,139,126.0,1.965366244316101,7.137526189919278
unbiased,Unbiased,140,249.0,1.3411438465118408,3.8234144043006992
unbiased,Unbiased,141,250.0,1.9535131454467773,7.053423807900438
unbiased,Unbiased,142,80.0,2.9011292457580566,18.19468003816944
unbiased,Unbiased,143,250.0,2.0480427742004395,7.752712438527936
unbiased,Unbiased,144,249.0,1.3893033266067505,4.012053987869574
unbiased,Unbiased,145,249.0,2.0718846321105957,7.9397725766583935
unbiased,Unbiased,146,249.0,2.086984395980835,8.060570986290065
unbiased,Unbiased,147,29.0,4.962705612182617,142.98012179669433
unbiased,Unbiased,148,251.0,1.9626425504684448,7.118112204626359
unbiased,Unbiased,149,249.0,2.0821475982666016,8.021677770102018
unbiased,Unbiased,150,249.0,1.9612269401550293,7.1080428603927555
unbiased,Unbiased,151,250.0,1.9680269956588745,7.15654266014345
unbiased,Unbiased,152,167.0,1.931649088859558,6.900881029311282
unbiased,Unbiased,153,134.0,2.1383097171783447,8.485083310314925
unbiased,Unbiased,154,249.0,2.129129409790039,8.407544098779448
unbiased,Unbiased,155,249.0,1.7589757442474365,5.806487019837857
unbiased,Unbiased,156,249.0,2.053252696990967,7.7932088717946195
unbiased,Unbiased,157,249.0,1.686663031578064,5.40142620954931
unbiased,Unbiased,158,249.0,1.7485668659210205,5.746361465590043
unbiased,Unbiased,159,221.0,2.5952420234680176,13.399830042327265
unbiased,Unbiased,160,249.0,1.8726146221160889,6.505283039693795
unbiased,Unbiased,161,248.0,2.1014482975006104,8.178005524716497
unbiased,Unbiased,162,249.0,2.1168172359466553,8.304663595193443
unbiased,Unbiased,163,250.0,1.7525548934936523,5.769323870475505
unbiased,Unbiased,164,249.0,1.505766749382019,4.507608511645838
unbiased,Unbiased,165,72.0,3.044743299484253,21.00463860920427
unbiased,Unbiased,166,249.0,1.9560179710388184,7.071113549976303
unbiased,Unbiased,167,222.0,1.997883677482605,7.373435008589145
unbiased,Unbiased,168,51.0,2.8206398487091064,16.787588753392676
unbiased,Unbiased,169,249.0,1.672468900680542,5.325299215284146
unbiased,Unbiased,170,249.0,1.943521499633789,6.983299407919774
unbiased,Unbiased,171,105.0,2.7995588779449463,16.437394274454466
unbiased,Unbiased,172,56.0,3.0141334533691406,20.371430495393124
unbiased,Unbiased,173,249.0,2.1099488735198975,8.247819591862667
unbiased,Unbiased,174,249.0,1.2322183847427368,3.428827564253063
unbiased,Unbiased,175,248.0,1.8182014226913452,6.160767861952986
unbiased,Unbiased,176,57.0,3.2705607414245605,26.326097338494268
unbiased,Unbiased,177,249.0,1.9463638067245483,7.003176324112067
unbiased,Unbiased,178,251.0,1.92513906955719,6.8561020746821475
unbiased,Unbiased,179,249.0,2.1584718227386475,8.657896742873616
unbiased,Unbiased,180,209.0,1.593909740447998,4.92295884227698
unbiased,Unbiased,181,249.0,2.198728084564209,9.013541742554848
unbiased,Unbiased,182,250.0,1.9241167306900024,6.849096396752396
unbiased,Unbiased,183,248.0,2.3230369091033936,10.206623875734694
unbiased,Unbiased,184,249.0,1.8788470029830933,6.545953045082674
unbiased,Unbiased,185,249.0,2.1531052589416504,8.611558038674213
unbiased,Unbiased,186,249.0,1.9671754837036133,7.150451372280272
unbiased,Unbiased,187,249.0,2.349419116973877,10.479480603959917
unbiased,Unbiased,188,250.0,1.6514710187911987,5.214645028796606
unbiased,Unbiased,189,249.0,1.6699762344360352,5.312041552017741
unbiased,Unbiased,190,249.0,1.5982918739318848,4.944579242200535
unbiased,Unbiased,191,249.0,1.766142725944519,5.848251489858132
unbiased,Unbiased,192,63.0,2.72082257270813,15.192814300840961
unbiased,Unbiased,193,250.0,2.3453919887542725,10.437363254796335
unbiased,Unbiased,194,249.0,2.0327022075653076,7.634689024344359
unbiased,Unbiased,195,249.0,1.9309333562850952,6.895943611112406
unbiased,Unbiased,196,224.0,1.7482868432998657,5.744752579663086
unbiased,Unbiased,197,91.0,2.8777389526367188,17.7740397661779
unbiased,Unbiased,198,117.0,1.3587347269058228,3.8912666706649066
unbiased,Unbiased,199,249.0,1.7176748514175415,5.571558690003001
unbiased,Unbiased,200,249.0,2.5160491466522217,12.37958997370985
unbiased,Unbiased,201,195.0,2.054265022277832,7.801102128799105
unbiased,Unbiased,202,249.0,2.093066692352295,8.109747168405665
unbiased,Unbiased,203,250.0,0.6806947588920593,1.9752495778325365
unbiased,Unbiased,204,191.0,1.4173526763916016,4.126182627991413
unbiased,Unbiased,205,249.0,2.0643885135650635,7.880477618872794
unbiased,Unbiased,206,249.0,2.1404361724853516,8.503145658332228
unbiased,Unbiased,207,249.0,2.1205756664276123,8.335934824543578
unbiased,Unbiased,209,248.0,2.3765342235565186,10.767520303329016
unbiased,Unbiased,210,188.0,2.058797836303711,7.836543337467287
unbiased,Unbiased,211,249.0,2.1334915161132812,8.444298805744895
unbiased,Unbiased,212,249.0,1.9825825691223145,7.261472043689763
unbiased,Unbiased,213,250.0,1.6107350587844849,5.006489940042951
unbiased,Unbiased,214,249.0,1.9500523805618286,7.029055756836238
unbiased,Unbiased,215,164.0,1.85035240650177,6.362061159312157
unbiased,Unbiased,216,250.0,1.9007395505905151,6.69084082828808
unbiased,Unbiased,217,249.0,2.197486162185669,9.002354571591747
unbiased,Unbiased,218,249.0,2.1129117012023926,8.272292696963515
unbiased,Unbiased,219,55.0,3.0696938037872314,21.535307635727055
unbiased,Unbiased,220,252.0,2.240077495574951,9.394059257258466
unbiased,Unbiased,221,249.0,2.4545960426330566,11.641729836362407
unbiased,Unbiased,222,190.0,1.66874361038208,5.3054978356247515
unbiased,Unbiased,223,249.0,2.318589448928833,10.161331116060241
unbiased,Unbiased,224,250.0,2.0813097953796387,8.014959999784566
unbiased,Unbiased,225,249.0,1.778189778327942,5.919131773910767
unbiased,Unbiased,226,249.0,2.2556614875793457,9.541602874856112
unbiased,Unbiased,227,250.0,2.1203815937042236,8.334317203943282
unbiased,Unbiased,228,249.0,2.0169341564178467,7.515249000220076
unbiased,Unbiased,229,251.0,2.4340245723724365,11.40468883747935
unbiased,Unbiased,230,149.0,1.9307060241699219,6.894376119842479
unbiased,Unbiased,231,249.0,2.244889259338379,9.439370176479757
unbiased,Unbiased,232,249.0,2.379060745239258,10.794759072025112
unbiased,Unbiased,233,70.0,3.5529632568359375,34.916631285689114
unbiased,Unbiased,234,249.0,1.6495305299758911,5.204535879959716
unbiased,Unbiased,235,238.0,1.9664509296417236,7.14527236015785
unbiased,Unbiased,236,249.0,2.181908369064331,8.863204394730221
unbiased,Unbiased,237,250.0,1.8667192459106445,6.467044774081498
unbiased,Unbiased,238,249.0,2.416684150695801,11.208631495127127
unbiased,Unbiased,239,248.0,2.1656007766723633,8.719839019398819
unbiased,Unbiased,240,250.0,1.8388304710388184,6.2891785816931405
unbiased,Unbiased,241,249.0,1.8066972494125366,6.090299438597843
unbiased,Unbiased,242,249.0,1.1521145105361938,3.1648780072363962
unbiased,Unbiased,243,199.0,2.647688627243042,14.12136116551644
unbiased,Unbiased,244,249.0,2.059286117553711,7.840370708984615
unbiased,Unbiased,245,249.0,1.310697078704834,3.708758107640255
unbiased,Unbiased,246,249.0,1.6929559707641602,5.435524232068752
unbiased,Unbiased,247,249.0,1.9478976726531982,7.013926500224681
unbiased,Unbiased,248,250.0,1.9055548906326294,6.723137198640653
unbiased,Unbiased,249,249.0,2.121511220932007,8.343737195119393
unbiased,Unbiased,250,250.0,1.9929555654525757,7.337187284603188
unbiased,Unbiased,251,243.0,2.1027214527130127,8.188424025854559
unbiased,Unbiased,252,249.0,2.176154613494873,8.812354113411587
unbiased,Unbiased,253,77.0,1.987382411956787,7.296409748917461
unbiased,Unbiased,254,189.0,1.9883819818496704,7.303706666710734
unbiased,Unbiased,255,249.0,1.6156028509140015,5.030919904123238
unbiased,Unbiased,256,197.0,2.2745721340179443,9.72375765725289
unbiased,Unbiased,257,249.0,2.0625007152557373,7.8656148998690645
unbiased,Unbiased,258,200.0,1.721072793006897,5.590522722083383
unbiased,Unbiased,259,133.0,1.5609924793243408,4.763546621363108
unbiased,Unbiased,260,249.0,2.0280089378356934,7.59894132187355
unbiased,Unbiased,261,249.0,2.2268288135528564,9.270421182517035
unbiased,Unbiased,262,126.0,2.3074402809143066,10.048669934434098
unbiased,Unbiased,263,249.0,2.229644536972046,9.296560908395268
unbiased,Unbiased,264,249.0,1.8446898460388184,6.326137409521157
unbiased,Unbiased,265,250.0,2.0390591621398926,7.6833769852810665
unbiased,Unbiased,266,249.0,2.0936765670776367,8.114694606738036
unbiased,Unbiased,267,184.0,2.1493678092956543,8.579432844673704
unbiased,Unbiased,268,166.0,2.2242486476898193,9.246532789506606
unbiased,Unbiased,269,249.0,1.7610552310943604,5.8185740963250865
unbiased,Unbiased,270,249.0,1.8028128147125244,6.066687956444522
unbiased,Unbiased,271,250.0,2.0563266277313232,7.817201513078137
unbiased,Unbiased,272,238.0,1.9735482931137085,7.196165344574491
unbiased,Unbiased,273,250.0,1.8893883228302002,6.615321002404905
unbiased,Unbiased,274,249.0,0.703748345375061,2.0213151125166573
unbiased,Unbiased,275,249.0,2.346557855606079,10.449538926862452
unbiased,Unbiased,276,252.0,2.103154420852661,8.191970120189223
unbiased,Unbiased,277,81.0,2.6629104614257812,14.337958505817797
unbiased,Unbiased,278,63.0,4.249035358428955,70.03781835880987
unbiased,Unbiased,279,181.0,2.582627534866333,13.231859696356537
unbiased,Unbiased,280,250.0,2.0289416313171387,7.606032111162787
unbiased,Unbiased,281,249.0,1.7330085039138794,5.657649390456791
unbiased,Unbiased,282,250.0,2.002227783203125,7.405535663627813
unbiased,Unbiased,283,252.0,2.4154911041259766,11.195267049557616
unbiased,Unbiased,284,250.0,2.138218402862549,8.4843085361125
unbiased,Unbiased,285,249.0,1.6113566160202026,5.009602727378264
unbiased,Unbiased,286,249.0,2.5006580352783203,12.190513109659634
unbiased,Unbiased,287,202.0,1.735166072845459,5.66986933695544
unbiased,Unbiased,288,194.0,2.3303165435791016,10.281195464420486
unbiased,Unbiased,289,249.0,1.5019973516464233,4.4906495249919764
unbiased,Unbiased,290,79.0,3.309563398361206,27.37317169095367
unbiased,Unbiased,291,249.0,1.736119031906128,5.6752750656228645
unbiased,Unbiased,292,250.0,2.199686288833618,9.022182695973145
unbiased,Unbiased,293,248.0,2.303636312484741,10.010517722155658
unbiased,Unbiased,294,250.0,2.3015449047088623,9.989603525231205
unbiased,Unbiased,295,249.0,1.8122252225875854,6.124059677397886
unbiased,Unbiased,296,249.0,2.240332841873169,9.39645830179558
unbiased,Unbiased,297,249.0,1.8514127731323242,6.368810854610433
unbiased,Unbiased,298,249.0,1.9751964807510376,7.208035754976246
unbiased,Unbiased,299,66.0,3.402170181274414,30.029198188058157
unbiased,Unbiased,300,249.0,2.131182909011841,8.424826722897945
unbiased,Unbiased,301,249.0,2.254690647125244,9.532343995962558
unbiased,Unbiased,302,249.0,0.9495903253555298,2.584650576584946
unbiased,Unbiased,303,99.0,1.7490290403366089,5.7490179006630395
unbiased,Unbiased,304,249.0,1.9127599000930786,6.771752391914689
unbiased,Unbiased,305,249.0,1.8322607278823853,6.247995722277027
unbiased,Unbiased,306,249.0,1.487220048904419,4.42477773979909
unbiased,Unbiased,307,249.0,1.8684532642364502,6.4782684764740734
unbiased,Unbiased,308,249.0,1.9523823261260986,7.045452168073175
unbiased,Unbiased,309,249.0,1.723955512046814,5.6066618795291925
unbiased,Unbiased,310,251.0,1.9534549713134766,7.0530134930185815
unbiased,Unbiased,311,247.0,1.8404836654663086,6.299584415741344
unbiased,Unbiased,312,249.0,1.7010561227798462,5.479731606145948
unbiased,Unbiased,313,249.0,1.640024185180664,5.155294192448389
unbiased,Unbiased,314,234.0,1.7316615581512451,5.650033973512001
unbiased,Unbiased,315,249.0,1.6201045513153076,5.053618651421403
unbiased,Unbiased,316,250.0,2.1791791915893555,8.839048115320661
unbiased,Unbiased,317,249.0,2.1108405590057373,8.25517733279044
unbiased,Unbiased,318,249.0,1.7007172107696533,5.477874773961129
unbiased,Unbiased,319,141.0,2.4449427127838135,11.529889064671496
unbiased,Unbiased,320,249.0,2.0201339721679688,7.539334927050129
unbiased,Unbiased,321,249.0,2.1702194213867188,8.760206006422807
unbiased,Unbiased,322,251.0,2.220641851425171,9.213242501313397
unbiased,Unbiased,323,250.0,1.6891766786575317,5.415020567316848
unbiased,Unbiased,324,160.0,1.925093412399292,6.855789051693084
unbiased,Unbiased,325,249.0,2.1073193550109863,8.22616028683946
unbiased,Unbiased,326,249.0,2.337366819381714,10.35393685013193
unbiased,Unbiased,327,249.0,2.26556396484375,9.636557748699198
unbiased,Unbiased,328,229.0,1.9682121276855469,7.157867688038855
unbiased,Unbiased,329,249.0,1.8672808408737183,6.470677653860607
unbiased,Unbiased,330,249.0,2.128023862838745,8.398254300133651
unbiased,Unbiased,331,110.0,1.9417049884796143,6.970625681120365
unbiased,Unbiased,332,249.0,1.0056791305541992,2.7337632246716117
unbiased,Unbiased,333,127.0,2.298595428466797,9.960182836106233
unbiased,Unbiased,334,249.0,2.1785531044006348,8.833515832561568
unbiased,Unbiased,335,210.0,1.83725905418396,6.279303421495346
unbiased,Unbiased,336,251.0,1.8233284950256348,6.192435676633638
unbiased,Unbiased,337,248.0,2.1994988918304443,9.020492124382805
unbiased,Unbiased,338,237.0,1.9531103372573853,7.050583203175194
unbiased,Unbiased,339,172.0,2.5391409397125244,12.668783046405913
unbiased,Unbiased,340,195.0,2.024226665496826,7.570254341492003
unbiased,Unbiased,341,247.0,1.9778460264205933,7.227159097794621
unbiased,Unbiased,342,250.0,1.7804584503173828,5.932575586402331
unbiased,Unbiased,343,249.0,1.914377212524414,6.782713292451205
unbiased,Unbiased,344,249.0,2.0866286754608154,8.057704185707294
unbiased,Unbiased,345,249.0,1.8234792947769165,6.193369564806785
unbiased,Unbiased,346,249.0,2.3052663803100586,10.02684885181767
unbiased,Unbiased,347,250.0,2.7063183784484863,14.974045141287295
unbiased,Unbiased,348,250.0,2.0432727336883545,7.71581974588933
unbiased,Unbiased,349,192.0,2.2000060081481934,9.025067723215564
unbiased,Unbiased,350,106.0,1.109886884689331,3.0340151814548957
unbiased,Unbiased,351,249.0,1.8066434860229492,6.089972012258276
unbiased,Unbiased,352,235.0,1.634640097618103,5.12761222504498
unbiased,Unbiased,353,249.0,2.254528284072876,9.530796421133035
unbiased,Unbiased,354,249.0,1.850342035293579,6.361995177393507
unbiased,Unbiased,355,249.0,2.186277389526367,8.902012631347898
unbiased,Unbiased,356,237.0,2.0651943683624268,7.886830699053738
unbiased,Unbiased,357,249.0,2.0399763584136963,7.690427382827113
unbiased,Unbiased,358,249.0,1.5816967487335205,4.863200443918484
unbiased,Unbiased,359,247.0,2.0766026973724365,7.97732145120598
unbiased,Unbiased,360,213.0,2.1973114013671875,9.00078145020255
unbiased,Unbiased,361,171.0,1.641188621520996,5.161300700770772
unbiased,Unbiased,362,249.0,1.8763803243637085,6.5298261807356095
unbiased,Unbiased,363,249.0,2.4608516693115234,11.714784414959594
unbiased,Unbiased,364,249.0,2.0149447917938232,7.50031329092992
unbiased,Unbiased,365,249.0,1.7602548599243164,5.8139189405423695
unbiased,Unbiased,366,250.0,2.304953098297119,10.023708112420202
unbiased,Unbiased,367,221.0,1.8740789890289307,6.514816139210007
unbiased,Unbiased,368,58.0,3.828272581100464,45.98303762030857
unbiased,Unbiased,369,182.0,1.869208574295044,6.483163426186291
unbiased,Unbiased,370,129.0,2.184514045715332,8.88632915421365
unbiased,Unbiased,371,249.0,1.7726150751113892,5.886226175661842
unbiased,Unbiased,372,249.0,2.5634284019470215,12.980242607177825
unbiased,Unbiased,373,187.0,2.277005910873413,9.747451935184285
unbiased,Unbiased,374,250.0,2.1562628746032715,8.63879300535783
unbiased,Unbiased,375,248.0,1.9060180187225342,6.726251593455822
unbiased,Unbiased,376,250.0,1.6439533233642578,5.175589901920484
unbiased,Unbiased,377,248.0,1.884168267250061,6.580878632843519
unbiased,Unbiased,378,249.0,2.1780481338500977,8.82905629327119
unbiased,Unbiased,379,156.0,1.8844072818756104,6.5824517470769
unbiased,Unbiased,380,249.0,1.8664344549179077,6.465203280213094
unbiased,Unbiased,381,250.0,2.2500975131988525,9.488661060939869
unbiased,Unbiased,382,103.0,2.7232580184936523,15.229860670300965
unbiased,Unbiased,383,230.0,0.8008140325546265,2.227353328836273
unbiased,Unbiased,384,249.0,1.2795466184616089,3.5950094451149206
unbiased,Unbiased,385,150.0,1.481384038925171,4.399029898162832
unbiased,Unbiased,386,250.0,2.241366147994995,9.406172737811053
unbiased,Unbiased,387,249.0,1.935850739479065,6.929937119386645
unbiased,Unbiased,388,249.0,1.273880958557129,3.5746989347975604
unbiased,Unbiased,389,90.0,2.883941888809204,17.88463364916888
unbiased,Unbiased,390,249.0,2.0052595138549805,7.428021321098263
unbiased,Unbiased,391,234.0,2.1584699153900146,8.657880229261849
unbiased,Unbiased,392,79.0,2.5104663372039795,12.310669645376956
unbiased,Unbiased,393,250.0,1.9264575242996216,6.865147496656536
unbiased,Unbiased,394,249.0,2.0766377449035645,7.977601041527305
unbiased,Unbiased,395,249.0,1.7130541801452637,5.545873735387344
unbiased,Unbiased,396,251.0,2.106874704360962,8.222503332414545
unbiased,Unbiased,397,249.0,2.1420061588287354,8.516505965897553
unbiased,Unbiased,398,250.0,2.101581573486328,8.179095529098099
unbiased,Unbiased,399,249.0,1.6058920621871948,4.982302144281511
unbiased,Unbiased,400,249.0,2.0751001834869385,7.965344415041262
unbiased,Unbiased,401,249.0,2.543123245239258,12.719334600207596
unbiased,Unbiased,402,249.0,2.0747246742248535,7.96235391595291
unbiased,Unbiased,403,250.0,1.8812532424926758,6.561723141633263
unbiased,Unbiased,404,250.0,2.016808032989502,7.514301211021772
unbiased,Unbiased,405,249.0,1.9764387607574463,7.216995717919247
unbiased,Unbiased,406,249.0,1.868449330329895,6.478242991621375
unbiased,Unbiased,407,250.0,1.9264214038848877,6.864899529160119
unbiased,Unbiased,408,249.0,2.1098625659942627,8.247107773679886
unbiased,Unbiased,409,249.0,2.0184085369110107,7.52633750907917
unbiased,Unbiased,410,249.0,2.0504603385925293,7.771477794149518
unbiased,Unbiased,411,249.0,1.9040964841842651,6.713339278408581
unbiased,Unbiased,412,249.0,1.962185263633728,7.114857929752384
unbiased,Unbiased,413,249.0,1.9236431121826172,6.845853305994553
unbiased,Unbiased,414,249.0,2.0303597450256348,7.616825981225526
unbiased,Unbiased,415,248.0,2.3931782245635986,10.948234655215517
unbiased,Unbiased,416,249.0,2.0849900245666504,8.044511233811795
unbiased,Unbiased,417,93.0,3.8285443782806396,45.99553737889231
unbiased,Unbiased,418,248.0,1.9387314319610596,6.949928918434792
unbiased,Unbiased,419,249.0,2.133434534072876,8.443817646078012
unbiased,Unbiased,420,122.0,2.574172258377075,13.12045231797481
unbiased,Unbiased,421,249.0,2.0000662803649902,7.3895458644965615
unbiased,Unbiased,422,247.0,2.01409649848938,7.493953523239546
unbiased,Unbiased,423,68.0,3.6820220947265625,39.726643946032674
unbiased,Unbiased,424,249.0,1.725113868713379,5.613160156629211
unbiased,Unbiased,425,250.0,1.8493489027023315,6.355680009056286
unbiased,Unbiased,426,247.0,1.8707470893859863,6.493145547807904
unbiased,Unbiased,427,249.0,1.9149826765060425,6.786821224524458
unbiased,Unbiased,428,249.0,1.812808871269226,6.1276350200254
unbiased,Unbiased,429,121.0,1.6518216133117676,5.216473575290875
unbiased,Unbiased,430,249.0,1.7980042695999146,6.037586038738688
unbiased,Unbiased,431,249.0,2.0430822372436523,7.714350049650173
unbiased,Unbiased,432,240.0,2.2672650814056396,9.65296460771841
unbiased,Unbiased,433,250.0,1.0287717580795288,2.797627560167601
unbiased,Unbiased,434,251.0,2.340782403945923,10.38936206147872
unbiased,Unbiased,435,251.0,2.0828089714050293,8.026984847089919
unbiased,Unbiased,436,150.0,2.648932456970215,14.138936662519134
unbiased,Unbiased,437,249.0,1.8548024892807007,6.390435946365289
unbiased,Unbiased,438,249.0,1.9852025508880615,7.280521912293898
unbiased,Unbiased,439,240.0,1.9554359912872314,7.066999502331377
unbiased,Unbiased,440,249.0,2.183046340942383,8.87329621309454
unbiased,Unbiased,441,251.0,1.8095345497131348,6.107603984513515
unbiased,Unbiased,442,250.0,2.0115647315979004,7.475004577101999
unbiased,Unbiased,443,187.0,1.8824772834777832,6.569759877335056
unbiased,Unbiased,444,250.0,0.6582563519477844,1.9314216769908112
unbiased,Unbiased,445,249.0,2.019388198852539,7.533714388329847
unbiased,Unbiased,446,249.0,2.0243678092956543,7.571322911357088
unbiased,Unbiased,447,249.0,2.1649889945983887,8.714506009685012
unbiased,Unbiased,448,250.0,1.7599729299545288,5.812280053587645
unbiased,Unbiased,449,78.0,2.504631757736206,12.239051199956455
unbiased,Unbiased,450,175.0,2.12243390083313,8.35143934649329
unbiased,Unbiased,451,95.0,2.5912582874298096,13.34655484410245
unbiased,Unbiased,452,250.0,1.8845057487487793,6.5830999324300885
unbiased,Unbiased,453,248.0,1.9752781391143799,7.208624375411474
unbiased,Unbiased,454,249.0,1.9338655471801758,6.916193507954857
unbiased,Unbiased,455,249.0,1.9259495735168457,6.861661225113876
unbiased,Unbiased,456,249.0,2.5045065879821777,12.237519336801682
unbiased,Unbiased,457,249.0,2.081179618835449,8.013916707897517
unbiased,Unbiased,458,249.0,1.8187133073806763,6.163922271974261
unbiased,Unbiased,459,249.0,1.8984148502349854,6.675304693661349
unbiased,Unbiased,460,208.0,2.261786460876465,9.600224281685543
unbiased,Unbiased,461,248.0,2.144129514694214,8.53460875131985
unbiased,Unbiased,462,249.0,2.0030722618103027,7.411792121421007
unbiased,Unbiased,463,249.0,1.9649786949157715,7.1347605818640245
unbiased,Unbiased,464,248.0,1.0912237167358398,2.9779159693932127
unbiased,Unbiased,465,249.0,1.8898353576660156,6.618278942444942
unbiased,Unbiased,466,249.0,1.765793800354004,5.846211241221733
unbiased,Unbiased,467,251.0,2.3257040977478027,10.233883203758891
unbiased,Unbiased,468,249.0,1.7844505310058594,5.9563062426653275
unbiased,Unbiased,469,249.0,1.9552171230316162,7.065452929731865
unbiased,Unbiased,470,66.0,2.280003070831299,9.776710432111203
unbiased,Unbiased,471,178.0,1.7108020782470703,5.533397916301734
unbiased,Unbiased,472,243.0,1.4487241506576538,4.257678891574026
unbiased,Unbiased,473,62.0,2.953810691833496,19.178899528785465
unbiased,Unbiased,474,249.0,2.0149762630462646,7.5005493388972315
unbiased,Unbiased,475,224.0,1.6930700540542603,5.436144369929576
unbiased,Unbiased,476,249.0,2.2107791900634766,9.12282203663917
unbiased,Unbiased,477,249.0,1.654547095298767,5.2307103723100274
unbiased,Unbiased,478,249.0,2.5061721801757812,12.257919037553227
unbiased,Unbiased,479,72.0,2.7372190952301025,15.443977093910359
unbiased,Unbiased,480,233.0,2.0316498279571533,7.626658659537761
unbiased,Unbiased,481,217.0,2.2290689945220947,9.291211882397349
unbiased,Unbiased,482,249.0,2.1995458602905273,9.020915812957
unbiased,Unbiased,483,250.0,2.097022294998169,8.141889635265326
unbiased,Unbiased,484,249.0,1.128247857093811,3.0902372166140357
unbiased,Unbiased,485,216.0,1.9514628648757935,7.038977125045504
unbiased,Unbiased,486,56.0,2.2180020809173584,9.188953727975337
unbiased,Unbiased,487,250.0,2.138903856277466,8.490126127988116
unbiased,Unbiased,488,249.0,2.223583936691284,9.240388559757882
unbiased,Unbiased,489,249.0,2.5689492225646973,13.052102378117967
unbiased,Unbiased,490,249.0,2.2972867488861084,9.947156673604233
unbiased,Unbiased,491,248.0,1.8435159921646118,6.318715805405805
unbiased,Unbiased,492,247.0,2.059450387954712,7.841658755616049
unbiased,Unbiased,493,249.0,1.692719578742981,5.434239469369173
unbiased,Unbiased,494,201.0,1.427636742591858,4.16883550990205
unbiased,Unbiased,495,249.0,2.0723936557769775,7.943815137597911
unbiased,Unbiased,496,249.0,2.044534921646118,7.725564709350891
unbiased,Unbiased,497,59.0,3.592282772064209,36.31688454341259
unbiased,Unbiased,498,249.0,2.1323835849761963,8.434948284990195
unbiased,Unbiased,499,80.0,2.4884982109069824,12.043176222036
synthid,SynthID,0,207.0,2.061965227127075,7.861404083987135
synthid,SynthID,1,249.0,1.7930388450622559,6.007681167507536
synthid,SynthID,2,249.0,1.4646481275558472,4.3260207649579
synthid,SynthID,3,249.0,1.754133939743042,5.778441096060728
synthid,SynthID,4,250.0,1.8603572845458984,6.426032283355535
synthid,SynthID,5,252.0,1.8583612442016602,6.413218456376765
synthid,SynthID,6,249.0,1.888257622718811,6.607845285404098
synthid,SynthID,7,250.0,1.9704124927520752,7.173634950555693
synthid,SynthID,8,249.0,1.9568921327590942,7.077297549275353
synthid,SynthID,9,249.0,1.5598077774047852,4.757906580080412
synthid,SynthID,10,249.0,1.985060453414917,7.279487442026533
synthid,SynthID,11,249.0,1.356348991394043,3.881994202808854
synthid,SynthID,12,249.0,2.3440113067626953,10.422962519016822
synthid,SynthID,13,250.0,2.3365933895111084,10.345931902125669
synthid,SynthID,14,249.0,1.9891971349716187,7.3096627332252
synthid,SynthID,15,249.0,1.6118310689926147,5.011980112216928
synthid,SynthID,16,249.0,1.9045794010162354,6.716582045875327
synthid,SynthID,17,249.0,1.8946475982666016,6.650204448074996
synthid,SynthID,18,249.0,2.3263792991638184,10.240795469512614
synthid,SynthID,19,171.0,1.6489582061767578,5.201558052434237
synthid,SynthID,20,136.0,1.8228540420532227,6.189498353986219
synthid,SynthID,21,249.0,1.999480962753296,7.385221898729754
synthid,SynthID,22,251.0,1.790972113609314,5.995277725586156
synthid,SynthID,23,249.0,1.8895477056503296,6.616375454950908
synthid,SynthID,24,249.0,1.788875937461853,5.982723729710541
synthid,SynthID,25,250.0,1.7383172512054443,5.687764286795386
synthid,SynthID,26,250.0,2.0970606803894043,8.142202170882733
synthid,SynthID,27,249.0,1.4061483144760132,4.0802094156987625
synthid,SynthID,28,238.0,1.6757490634918213,5.342795743772317
synthid,SynthID,29,249.0,2.044093132019043,7.722152388818411
synthid,SynthID,30,249.0,2.445087432861328,11.53155779185692
synthid,SynthID,31,250.0,1.7975552082061768,6.034875400604341
synthid,SynthID,32,101.0,2.196141481399536,8.990257413600139
synthid,SynthID,33,249.0,1.8595237731933594,6.420678344090121
synthid,SynthID,34,75.0,1.7073030471801758,5.514070218913343
synthid,SynthID,35,249.0,1.7242379188537598,5.6082454626050104
synthid,SynthID,36,142.0,1.7061054706573486,5.507470650406856
synthid,SynthID,37,199.0,1.3115732669830322,3.7120091020544574
synthid,SynthID,38,249.0,2.227370500564575,9.275444209596207
synthid,SynthID,39,161.0,1.939695954322815,6.956635514100047
synthid,SynthID,40,249.0,1.4005793333053589,4.057549959894252
synthid,SynthID,41,249.0,1.5837230682373047,4.873064832655212
synthid,SynthID,42,98.0,1.9199711084365845,6.820761403983356
synthid,SynthID,43,249.0,1.5807667970657349,4.858680004775623
synthid,SynthID,44,249.0,1.5354976654052734,4.643635931960722
synthid,SynthID,45,249.0,2.3308424949645996,10.286604295686038
synthid,SynthID,46,249.0,1.6817874908447266,5.375155430213889
synthid,SynthID,47,249.0,2.4602255821228027,11.707452234050539
synthid,SynthID,48,249.0,1.4682397842407227,4.341586282622132
synthid,SynthID,49,230.0,1.538357138633728,4.656933287245996
synthid,SynthID,50,249.0,0.8199083805084229,2.270291825020811
synthid,SynthID,51,249.0,1.6164557933807373,5.0352128199010355
synthid,SynthID,52,249.0,2.0553689002990723,7.809718348733504
synthid,SynthID,53,249.0,1.7821588516235352,5.94267192716112
synthid,SynthID,54,249.0,1.9097888469696045,6.7516630139016165
synthid,SynthID,55,250.0,2.0571842193603516,7.82390835511292
synthid,SynthID,56,248.0,1.7168339490890503,5.566875522646381
synthid,SynthID,57,249.0,2.1699352264404297,8.757716753880581
synthid,SynthID,58,249.0,1.9011200666427612,6.693387285079384
synthid,SynthID,59,249.0,1.7736902236938477,5.89255814668552
synthid,SynthID,60,247.0,1.863242506980896,6.444599588389706
synthid,SynthID,61,129.0,2.355539560317993,10.543816352089227
synthid,SynthID,62,249.0,1.4790399074554443,4.38873007053374
synthid,SynthID,63,249.0,1.4994065761566162,4.47903031814659
synthid,SynthID,64,250.0,1.8761696815490723,6.528450864625127
synthid,SynthID,65,248.0,2.1049606800079346,8.206780312714852
synthid,SynthID,66,224.0,2.079493999481201,8.000419673418397
synthid,SynthID,67,249.0,1.8390713930130005,6.290693965550331
synthid,SynthID,68,249.0,1.8384062051773071,6.2865108638747955
synthid,SynthID,69,249.0,2.2303178310394287,9.302822335356227
synthid,SynthID,70,249.0,2.1061885356903076,8.216863243480947
synthid,SynthID,71,249.0,2.0568525791168213,7.821314062450375
synthid,SynthID,72,249.0,1.9250272512435913,6.855335479770771
synthid,SynthID,73,249.0,2.0486385822296143,7.757332943176894
synthid,SynthID,74,249.0,1.7638949155807495,5.83512049307349
synthid,SynthID,75,249.0,1.7974773645401,6.034405642062943
synthid,SynthID,76,249.0,2.0788753032684326,7.995471374970494
synthid,SynthID,77,249.0,1.633911371231079,5.123876959872609
synthid,SynthID,78,247.0,2.317157745361328,10.14679351130431
synthid,SynthID,79,115.0,1.6622096300125122,5.270944824195787
synthid,SynthID,80,244.0,2.0930404663085938,8.109534484610961
synthid,SynthID,81,249.0,1.90475594997406,6.717767956118199
synthid,SynthID,82,249.0,1.8368923664093018,6.277001299803049
synthid,SynthID,83,249.0,1.7445303201675415,5.723212766441275
synthid,SynthID,84,249.0,1.7608717679977417,5.817506700620324
synthid,SynthID,85,249.0,1.7616097927093506,5.821801749056322
synthid,SynthID,86,193.0,1.5933560132980347,4.920233620892026
synthid,SynthID,87,249.0,1.852006196975708,6.372591380441702
synthid,SynthID,88,250.0,1.7561172246932983,5.789912763354798
synthid,SynthID,89,67.0,2.8630456924438477,17.514790448192436
synthid,SynthID,90,249.0,2.163757085800171,8.703777142909091
synthid,SynthID,91,249.0,1.8960554599761963,6.65957360997303
synthid,SynthID,92,249.0,1.9482389688491821,7.0163207352065236
synthid,SynthID,93,249.0,1.9004703760147095,6.689040066416871
synthid,SynthID,94,249.0,2.0268545150756836,7.590173992635488
synthid,SynthID,95,210.0,1.8974223136901855,6.668682496735088
synthid,SynthID,96,249.0,1.7930800914764404,6.0079289679236645
synthid,SynthID,97,247.0,2.144369602203369,8.536658050272266
synthid,SynthID,98,249.0,1.7165919542312622,5.565528530385128
synthid,SynthID,99,216.0,1.9110630750656128,6.7602716561308185
synthid,SynthID,100,249.0,1.442245602607727,4.230184472416906
synthid,SynthID,101,249.0,1.5456998348236084,4.691253581097617
synthid,SynthID,102,249.0,1.9981204271316528,7.3751808733979916
synthid,SynthID,103,249.0,1.5377748012542725,4.654222170388161
synthid,SynthID,104,249.0,1.570418357849121,4.808659513471363
synthid,SynthID,105,248.0,2.1147396564483643,8.287427906823849
synthid,SynthID,106,249.0,1.8071564435958862,6.093096710871331
synthid,SynthID,107,249.0,1.8273324966430664,6.217279904070201
synthid,SynthID,108,251.0,2.194427251815796,8.974859250140705
synthid,SynthID,109,249.0,1.6837577819824219,5.385756491480822
synthid,SynthID,110,164.0,1.7846500873565674,5.957494980008912
synthid,SynthID,111,250.0,2.1780691146850586,8.829241536187409
synthid,SynthID,112,249.0,1.9238438606262207,6.847227738343831
synthid,SynthID,113,249.0,2.0583817958831787,7.833283696799802
synthid,SynthID,114,249.0,1.735332727432251,5.6708143254281
synthid,SynthID,115,249.0,2.0248708724975586,7.57513272351133
synthid,SynthID,116,142.0,1.93963623046875,6.9562200494225195
synthid,SynthID,117,249.0,1.6677300930023193,5.300123345389758
synthid,SynthID,118,249.0,2.1181418895721436,8.315671687278156
synthid,SynthID,119,219.0,0.9712430834770203,2.6412256835201178
synthid,SynthID,120,249.0,1.9110584259033203,6.760240226603808
synthid,SynthID,121,249.0,1.1910909414291382,3.2906691772298173
synthid,SynthID,122,43.0,2.7368412017822266,15.438142018745198
synthid,SynthID,123,249.0,1.8671315908432007,6.469711977088735
synthid,SynthID,124,246.0,1.8047022819519043,6.078161600713754
synthid,SynthID,125,249.0,2.1808674335479736,8.853983170669462
synthid,SynthID,126,250.0,1.714747667312622,5.555273558383345
synthid,SynthID,127,249.0,2.1912214756011963,8.946133927905457
synthid,SynthID,128,249.0,1.8527170419692993,6.3771229155393945
synthid,SynthID,129,87.0,2.692517042160034,14.768802875276092
synthid,SynthID,130,249.0,1.5857998132705688,4.883195461568836
synthid,SynthID,131,251.0,1.9942773580551147,7.346891936835241
synthid,SynthID,132,249.0,1.970596194267273,7.174952879214625
synthid,SynthID,133,55.0,3.263615608215332,26.143892536295528
synthid,SynthID,134,250.0,2.0238771438598633,7.567608836159949
synthid,SynthID,135,249.0,1.7874152660369873,5.973991315262408
synthid,SynthID,136,249.0,2.1555495262145996,8.632632733758527
synthid,SynthID,137,250.0,1.9186064004898071,6.811459405391659
synthid,SynthID,138,248.0,1.964147925376892,7.1288357015512265
synthid,SynthID,139,249.0,1.8226938247680664,6.18850676880013
synthid,SynthID,140,249.0,1.4354807138442993,4.201664321601717
synthid,SynthID,141,249.0,1.9827885627746582,7.262968014912433
synthid,SynthID,142,249.0,2.2154006958007812,9.16508078533206
synthid,SynthID,143,249.0,2.134841203689575,8.455703665701106
synthid,SynthID,144,183.0,1.8285243511199951,6.224694414589261
synthid,SynthID,145,249.0,1.8951178789138794,6.653332646035194
synthid,SynthID,146,249.0,1.7521861791610718,5.7671970301975035
synthid,SynthID,147,226.0,1.6258807182312012,5.0828936635650885
synthid,SynthID,148,251.0,1.763793706893921,5.83452995807504
synthid,SynthID,149,250.0,1.9108341932296753,6.758724529804038
synthid,SynthID,150,249.0,2.145418167114258,8.545613984978896
synthid,SynthID,151,250.0,1.9659621715545654,7.141780903815141
synthid,SynthID,152,249.0,1.7023706436157227,5.486939563984694
synthid,SynthID,153,157.0,1.9631110429763794,7.1214477681471156
synthid,SynthID,154,249.0,1.948615550994873,7.018963453892949
synthid,SynthID,155,249.0,1.6297423839569092,5.102560047874703
synthid,SynthID,156,249.0,1.6060422658920288,4.9830505607282385
synthid,SynthID,157,249.0,1.6647932529449463,5.284580565340934
synthid,SynthID,158,249.0,1.9365828037261963,6.9350121359790675
synthid,SynthID,159,249.0,1.7828840017318726,5.94698281918592
synthid,SynthID,160,249.0,1.6879242658615112,5.408242971327508
synthid,SynthID,161,248.0,1.9337955713272095,6.915709558347448
synthid,SynthID,162,249.0,1.9078422784805298,6.73853322259479
synthid,SynthID,163,249.0,1.6455950736999512,5.184093907196029
synthid,SynthID,164,249.0,1.7072628736495972,5.513848703694344
synthid,SynthID,165,53.0,3.4539997577667236,31.626638556436646
synthid,SynthID,166,249.0,1.7714122533798218,5.879150351231629
synthid,SynthID,167,130.0,2.1823599338531494,8.867207609538381
synthid,SynthID,168,249.0,2.0720393657684326,7.9410012217654975
synthid,SynthID,169,249.0,1.7699999809265137,5.870853249404961
synthid,SynthID,170,249.0,1.8204749822616577,6.174790669489733
synthid,SynthID,171,112.0,2.9206721782684326,18.5537546998806
synthid,SynthID,172,249.0,1.8666623830795288,6.466677050061706
synthid,SynthID,173,249.0,1.7726205587387085,5.886258453621007
synthid,SynthID,174,79.0,2.1274161338806152,8.393151988366066
synthid,SynthID,175,248.0,1.4950788021087646,4.459687971817977
synthid,SynthID,176,80.0,2.616138219833374,13.682781531244798
synthid,SynthID,177,249.0,1.945336103439331,6.995982833816757
synthid,SynthID,178,251.0,1.9271835088729858,6.8701332974212175
synthid,SynthID,179,249.0,2.1440749168395996,8.534142792712341
synthid,SynthID,180,99.0,1.8654720783233643,6.458984312871541
synthid,SynthID,181,97.0,2.064440965652466,7.88089097721429
synthid,SynthID,182,250.0,1.678958773612976,5.359972120194731
synthid,SynthID,183,248.0,2.187356948852539,8.911628071390899
synthid,SynthID,184,249.0,2.230315685272217,9.302802373686498
synthid,SynthID,185,249.0,1.8383100032806396,6.285906118695553
synthid,SynthID,186,249.0,1.7490570545196533,5.749178956958755
synthid,SynthID,187,249.0,2.0268359184265137,7.590032842145075
synthid,SynthID,188,250.0,1.620312213897705,5.054668207894041
synthid,SynthID,189,249.0,2.0029044151306152,7.410548181121436
synthid,SynthID,190,249.0,1.703054428100586,5.4906927311604345
synthid,SynthID,191,72.0,2.266503095626831,9.64561198761572
synthid,SynthID,192,218.0,1.47129225730896,4.354859104983771
synthid,SynthID,193,250.0,2.1861648559570312,8.901010912456776
synthid,SynthID,194,249.0,1.8524105548858643,6.375168709221099
synthid,SynthID,195,249.0,1.6140470504760742,5.023098882285401
synthid,SynthID,196,249.0,1.47617769241333,4.376186541012854
synthid,SynthID,197,168.0,2.5406625270843506,12.688074379708313
synthid,SynthID,198,136.0,2.1258959770202637,8.38040277364924
synthid,SynthID,199,249.0,1.8024219274520874,6.064317028822191
synthid,SynthID,200,249.0,1.9651868343353271,7.1362457613470385
synthid,SynthID,201,250.0,0.9528820514678955,2.593172556696499
synthid,SynthID,202,249.0,2.3123719692230225,10.098349243211258
synthid,SynthID,203,250.0,2.0780019760131836,7.9884917600877365
synthid,SynthID,204,249.0,1.3003036975860596,3.6704111933905637
synthid,SynthID,205,249.0,1.8867155313491821,6.597663237059853
synthid,SynthID,206,250.0,1.9911876916885376,7.3242275226877895
synthid,SynthID,207,249.0,2.0796358585357666,8.00155468589339
synthid,SynthID,209,249.0,2.0436506271362305,7.718736054608566
synthid,SynthID,210,249.0,1.8186973333358765,6.163823809990166
synthid,SynthID,211,249.0,2.276387929916382,9.741430056403615
synthid,SynthID,212,132.0,2.547417402267456,12.774070859210353
synthid,SynthID,213,249.0,1.8059499263763428,6.08574971779739
synthid,SynthID,214,249.0,1.8534843921661377,6.382018280053148
synthid,SynthID,215,249.0,1.481554627418518,4.399780386055828
synthid,SynthID,216,250.0,1.8416147232055664,6.306713640471249
synthid,SynthID,217,250.0,2.130303144454956,8.417418118340944
synthid,SynthID,218,249.0,1.9231942892074585,6.842781419164517
synthid,SynthID,219,127.0,1.659963607788086,5.259119449974781
synthid,SynthID,220,250.0,1.8052971363067627,6.081778297208654
synthid,SynthID,221,249.0,2.128668785095215,8.403672268143588
synthid,SynthID,222,155.0,1.963760256767273,7.1260726113428765
synthid,SynthID,223,241.0,2.1537423133850098,8.617045817808442
synthid,SynthID,224,250.0,1.822158932685852,6.185197470666354
synthid,SynthID,225,249.0,1.8640133142471313,6.449569047581994
synthid,SynthID,226,148.0,2.25370717048645,9.522973766785588
synthid,SynthID,227,249.0,1.8403334617614746,6.298638265882571
synthid,SynthID,228,249.0,1.980815052986145,7.248648610830936
synthid,SynthID,229,249.0,1.9208464622497559,6.826734597434487
synthid,SynthID,230,249.0,1.2103856801986694,3.354778274622227
synthid,SynthID,231,251.0,1.858952522277832,6.417011573130601
synthid,SynthID,232,249.0,2.1280322074890137,8.398324380921052
synthid,SynthID,233,249.0,2.143434524536133,8.528679342913517
synthid,SynthID,234,249.0,1.5139456987380981,4.5446271939794824
synthid,SynthID,235,238.0,1.8424513339996338,6.3119921128835825
synthid,SynthID,236,249.0,2.197058916091919,8.998509172290893
synthid,SynthID,237,249.0,1.8536090850830078,6.382814122144911
synthid,SynthID,238,248.0,1.971164345741272,7.179030497511561
synthid,SynthID,239,249.0,2.021876335144043,7.552482635805539
synthid,SynthID,240,250.0,1.5117229223251343,4.534536722432595
synthid,SynthID,241,249.0,1.352866768836975,3.8684997440198274
synthid,SynthID,242,249.0,1.3843437433242798,3.992205133691588
synthid,SynthID,243,66.0,3.177011728286743,23.975002577726
synthid,SynthID,244,249.0,1.679025650024414,5.360330587881919
synthid,SynthID,245,249.0,1.7692785263061523,5.866619222715423
synthid,SynthID,246,168.0,1.4779363870620728,4.3838896886211804
synthid,SynthID,247,249.0,1.862739086151123,6.44135605921594
synthid,SynthID,248,250.0,1.6291019916534424,5.099293453754569
synthid,SynthID,249,249.0,1.6598670482635498,5.258611656417759
synthid,SynthID,250,209.0,1.9004147052764893,6.688667692983637
synthid,SynthID,251,247.0,1.8641088008880615,6.450184924669344
synthid,SynthID,252,249.0,1.7056100368499756,5.504742739059081
synthid,SynthID,253,249.0,2.1359293460845947,8.464909683160053
synthid,SynthID,254,250.0,1.6539931297302246,5.227813541311146
synthid,SynthID,255,249.0,1.4489260911941528,4.258538776353506
synthid,SynthID,256,249.0,2.1309125423431396,8.422549238454305
synthid,SynthID,257,249.0,1.8897418975830078,6.617660426449341
synthid,SynthID,258,122.0,1.6211609840393066,5.058960280578503
synthid,SynthID,259,224.0,1.1764997243881226,3.2430029091764245
synthid,SynthID,260,249.0,2.2036068439483643,9.057624090060719
synthid,SynthID,261,249.0,2.2435107231140137,9.426366627747061
synthid,SynthID,262,244.0,1.6927285194396973,5.434288055473349
synthid,SynthID,263,249.0,2.081709623336792,8.018165245598688
synthid,SynthID,264,249.0,1.6640400886535645,5.280601906444169
synthid,SynthID,265,249.0,1.4511431455612183,4.267990662145679
synthid,SynthID,266,249.0,1.9110583066940308,6.760239420720422
synthid,SynthID,267,249.0,1.573306918144226,4.8225696969445355
synthid,SynthID,268,248.0,1.7629038095474243,5.829340134894725
synthid,SynthID,269,249.0,2.0443077087402344,7.723809560747444
synthid,SynthID,270,249.0,1.8683371543884277,6.477516329372509
synthid,SynthID,271,250.0,1.8911391496658325,6.626913429146873
synthid,SynthID,272,152.0,2.0012340545654297,7.398180226021177
synthid,SynthID,273,100.0,1.7868471145629883,5.97059814729895
synthid,SynthID,274,249.0,1.8509249687194824,6.365704878187092
synthid,SynthID,275,249.0,2.339885950088501,10.380052651134404
synthid,SynthID,276,252.0,1.9581290483474731,7.086056985162245
synthid,SynthID,277,249.0,2.2768678665161133,9.746106447317223
synthid,SynthID,278,249.0,2.3572537899017334,10.561906374801636
synthid,SynthID,279,249.0,2.153998613357544,8.619254649464528
synthid,SynthID,280,250.0,1.9542723894119263,7.0587811108528395
synthid,SynthID,281,249.0,1.5201518535614014,4.572919556540862
synthid,SynthID,282,249.0,1.7760286331176758,5.906353483472702
synthid,SynthID,283,251.0,2.016606092453003,7.5127839222100175
synthid,SynthID,284,249.0,2.1684019565582275,8.744299099616233
synthid,SynthID,285,249.0,1.9272372722625732,6.870502669003449
synthid,SynthID,286,249.0,1.417541742324829,4.126962822312401
synthid,SynthID,287,249.0,1.0788646936416626,2.9413383346589286
synthid,SynthID,288,249.0,1.505289912223816,4.505459628787166
synthid,SynthID,289,249.0,1.6192755699157715,5.04943103152834
synthid,SynthID,290,147.0,1.9565763473510742,7.07506299481949
synthid,SynthID,291,249.0,1.68698251247406,5.403152137720253
synthid,SynthID,292,249.0,2.108161687850952,8.23309237094706
synthid,SynthID,293,248.0,2.2606072425842285,9.588910193803775
synthid,SynthID,294,53.0,3.702176094055176,40.53541733492286
synthid,SynthID,295,249.0,1.274958610534668,3.578553292628905
synthid,SynthID,296,249.0,2.1898820400238037,8.934159179334747
synthid,SynthID,297,249.0,1.5784536600112915,4.847454200438284
synthid,SynthID,298,249.0,2.2513952255249023,9.500982606537976
synthid,SynthID,299,249.0,1.8178964853286743,6.158889500055051
synthid,SynthID,300,249.0,1.6845468282699585,5.390007779657008
synthid,SynthID,301,249.0,2.2620389461517334,9.602648502983156
synthid,SynthID,302,249.0,0.9355088472366333,2.5485099300933065
synthid,SynthID,303,173.0,1.4239815473556519,4.153625417069634
synthid,SynthID,304,249.0,2.052584648132324,7.7880043661282485
synthid,SynthID,305,249.0,1.8439189195632935,6.321262302120482
synthid,SynthID,306,249.0,1.3804935216903687,3.9768638118154334
synthid,SynthID,307,249.0,1.9873924255371094,7.296482812468359
synthid,SynthID,308,249.0,1.8702143430709839,6.489687269718782
synthid,SynthID,309,249.0,1.9678447246551514,7.1552383488022775
synthid,SynthID,310,250.0,1.6804448366165161,5.367943297831697
synthid,SynthID,311,247.0,2.1729462146759033,8.784125874820157
synthid,SynthID,312,249.0,1.3469138145446777,3.8455391513490356
synthid,SynthID,313,249.0,1.6500245332717896,5.207107572998157
synthid,SynthID,314,176.0,1.6207458972930908,5.056860808977965
synthid,SynthID,315,249.0,1.6347572803497314,5.128213127859271
synthid,SynthID,316,250.0,1.756361961364746,5.791329940743039
synthid,SynthID,317,249.0,2.022982120513916,7.560838679754554
synthid,SynthID,318,249.0,1.6806755065917969,5.369181664000973
synthid,SynthID,319,249.0,2.1225805282592773,8.352663986329992
synthid,SynthID,320,249.0,1.9516547918319702,7.040328224151733
synthid,SynthID,321,249.0,2.0386319160461426,7.680094993636276
synthid,SynthID,322,251.0,2.1528615951538086,8.60945996944542
synthid,SynthID,323,111.0,1.777489423751831,5.914987734204278
synthid,SynthID,324,249.0,1.7993147373199463,6.045503286865379
synthid,SynthID,325,249.0,1.9506912231445312,7.03354765162396
synthid,SynthID,326,249.0,1.980234146118164,7.24443904387088
synthid,SynthID,327,249.0,1.8316971063613892,6.244475209636401
synthid,SynthID,328,251.0,1.68274986743927,5.380330843941037
synthid,SynthID,329,249.0,1.7381011247634888,5.686535143367381
synthid,SynthID,330,249.0,1.8351343870162964,6.265976154696505
synthid,SynthID,331,103.0,1.514129877090454,4.545464293013536
synthid,SynthID,332,173.0,1.8696925640106201,6.486301970059177
synthid,SynthID,333,249.0,1.6637556552886963,5.279100140661662
synthid,SynthID,334,249.0,1.7562917470932007,5.790923321005392
synthid,SynthID,335,249.0,1.5740406513214111,4.82610947479789
synthid,SynthID,336,249.0,1.588358998298645,4.895708467001914
synthid,SynthID,337,248.0,2.135377883911133,8.46024289256553
synthid,SynthID,338,249.0,1.6893972158432007,5.416214912407016
synthid,SynthID,339,249.0,2.1829721927642822,8.872638298738469
synthid,SynthID,340,249.0,1.7130788564682007,5.54601058884712
synthid,SynthID,341,150.0,2.2855582237243652,9.831172686370035
synthid,SynthID,342,250.0,1.8905709981918335,6.623149407882405
synthid,SynthID,343,249.0,1.5969711542129517,4.938053149411872
synthid,SynthID,344,139.0,2.3579039573669434,10.568775615533562
synthid,SynthID,345,94.0,1.8097902536392212,6.109165922519667
synthid,SynthID,346,252.0,2.481048822402954,11.953795253652112
synthid,SynthID,347,175.0,2.7821249961853027,16.15331022544169
synthid,SynthID,348,249.0,1.7867861986160278,5.970234453736368
synthid,SynthID,349,250.0,1.8157751560211182,6.145838315081411
synthid,SynthID,350,98.0,1.16933274269104,3.219843457499142
synthid,SynthID,351,249.0,2.0639235973358154,7.876814708472777
synthid,SynthID,352,249.0,1.5134905576705933,4.542559218153065
synthid,SynthID,353,249.0,1.958595871925354,7.089365695869124
synthid,SynthID,354,249.0,0.8625890612602234,2.3692869887639856
synthid,SynthID,355,171.0,1.4735068082809448,4.36451384896314
synthid,SynthID,356,249.0,1.6488057374954224,5.200765038193546
synthid,SynthID,357,249.0,1.9130957126617432,6.774026813348057
synthid,SynthID,358,250.0,1.7660493850708008,5.847705634430053
synthid,SynthID,359,247.0,1.634493350982666,5.126859820410903
synthid,SynthID,360,249.0,1.9649274349212646,7.134394863449233
synthid,SynthID,361,249.0,1.4578940868377686,4.296901092985303
synthid,SynthID,362,250.0,1.6551257371902466,5.233737956312633
synthid,SynthID,363,105.0,3.2229936122894287,25.103156928920672
synthid,SynthID,364,249.0,1.8517080545425415,6.370691723740168
synthid,SynthID,365,249.0,1.7449241876602173,5.725467397887513
synthid,SynthID,366,250.0,2.1860733032226562,8.900196037871607
synthid,SynthID,367,182.0,1.7583483457565308,5.8028451812056385
synthid,SynthID,368,249.0,2.28639554977417,9.839408030713473
synthid,SynthID,369,215.0,1.579918622970581,4.854560745430414
synthid,SynthID,370,114.0,2.608266830444336,13.575501804049814
synthid,SynthID,371,249.0,1.722586750984192,5.598992948721462
synthid,SynthID,372,249.0,2.2805826663970947,9.782378612593185
synthid,SynthID,373,250.0,2.1341018676757812,8.44945436990847
synthid,SynthID,374,250.0,1.8529316186904907,6.3784914444872225
synthid,SynthID,375,249.0,1.8575173616409302,6.407808736068629
synthid,SynthID,376,201.0,1.758269190788269,5.802385875357903
synthid,SynthID,377,249.0,1.709649682044983,5.527024922370638
synthid,SynthID,378,249.0,1.95461905002594,7.061228536435434
synthid,SynthID,379,249.0,1.9576791524887085,7.082869714493348
synthid,SynthID,380,249.0,1.6772849559783936,5.3510080085760015
synthid,SynthID,381,250.0,1.943939208984375,6.986217006692126
synthid,SynthID,382,249.0,2.2061607837677,9.080786281724874
synthid,SynthID,383,110.0,1.1241083145141602,3.0774714884415606
synthid,SynthID,384,249.0,1.4800491333007812,4.393161526142764
synthid,SynthID,385,248.0,1.8490538597106934,6.353805086817453
synthid,SynthID,386,250.0,2.1912636756896973,8.946511463514918
synthid,SynthID,387,249.0,1.613021969795227,5.017952438873697
synthid,SynthID,388,224.0,1.2590876817703247,3.5222066477765335
synthid,SynthID,389,119.0,2.9424526691436768,18.96229756632445
synthid,SynthID,390,249.0,1.3274134397506714,3.771276128289293
synthid,SynthID,391,249.0,2.0946593284606934,8.12267333518377
synthid,SynthID,392,68.0,2.5660407543182373,13.014195904410716
synthid,SynthID,393,250.0,1.8216418027877808,6.181999747019312
synthid,SynthID,394,249.0,2.1035492420196533,8.195205121973608
synthid,SynthID,395,249.0,1.6539705991744995,5.227695757093711
synthid,SynthID,396,249.0,1.6788002252578735,5.3591223727964845
synthid,SynthID,397,249.0,1.9013007879257202,6.694597031927094
synthid,SynthID,398,249.0,1.8379249572753906,6.2834862215709375
synthid,SynthID,399,249.0,1.5733071565628052,4.822570846734887
synthid,SynthID,400,221.0,2.0734755992889404,7.952414548045564
synthid,SynthID,401,249.0,2.219836473464966,9.205825346068414
synthid,SynthID,402,249.0,2.01472544670105,7.498668314430648
synthid,SynthID,403,250.0,1.7813119888305664,5.937641429786362
synthid,SynthID,404,249.0,1.6464964151382446,5.188768652308845
synthid,SynthID,405,249.0,1.905869722366333,6.725254188811185
synthid,SynthID,406,249.0,1.9309566020965576,6.896103914780633
synthid,SynthID,407,167.0,0.7194709777832031,2.0533466572633117
synthid,SynthID,408,249.0,1.795634150505066,6.023293185354643
synthid,SynthID,409,249.0,2.0882749557495117,8.070980350426048
synthid,SynthID,410,120.0,2.1950571537017822,8.980514311788847
synthid,SynthID,411,249.0,1.5704501867294312,4.8088125701552675
synthid,SynthID,412,249.0,1.9909553527832031,7.322526017353345
synthid,SynthID,413,249.0,1.082336187362671,2.9515669161750324
synthid,SynthID,414,249.0,1.3722411394119263,3.94418025545559
synthid,SynthID,415,248.0,2.546790838241577,12.766069592860536
synthid,SynthID,416,249.0,1.780768871307373,5.934417468253657
synthid,SynthID,417,250.0,2.549654245376587,12.802676432750102
synthid,SynthID,418,248.0,1.8929580450057983,6.638978059925657
synthid,SynthID,419,249.0,1.6077486276626587,4.991560706334849
synthid,SynthID,420,95.0,2.56908917427063,13.053929169940126
synthid,SynthID,421,249.0,1.1503310203552246,3.1592385088763604
synthid,SynthID,422,247.0,1.8343040943145752,6.260775719666486
synthid,SynthID,423,249.0,2.287111282348633,9.846452936387982
synthid,SynthID,424,249.0,1.6132745742797852,5.019220156271865
synthid,SynthID,425,250.0,1.2208603620529175,3.390103195409954
synthid,SynthID,426,249.0,1.7835240364074707,5.950790312739359
synthid,SynthID,427,249.0,1.7442137002944946,5.721400970382199
synthid,SynthID,428,249.0,1.2266874313354492,3.4099152285901924
synthid,SynthID,429,185.0,1.3342169523239136,3.797021533129979
synthid,SynthID,430,249.0,1.7287054061889648,5.633356277541388
synthid,SynthID,431,169.0,2.0284039974212646,7.601943949552321
synthid,SynthID,432,180.0,2.166494369506836,8.727634487532812
synthid,SynthID,433,250.0,2.0405972003936768,7.695203405414616
synthid,SynthID,434,250.0,2.2283804416656494,9.28481659391563
synthid,SynthID,435,250.0,2.1316990852355957,8.429176540681238
synthid,SynthID,436,106.0,2.6382431983947754,13.9886068013219
synthid,SynthID,437,250.0,2.1244046688079834,8.36791432454856
synthid,SynthID,438,249.0,2.312494993209839,10.099591658817316
synthid,SynthID,439,119.0,2.0117568969726562,7.476441152183434
synthid,SynthID,440,250.0,2.2293777465820312,9.294081006106481
synthid,SynthID,441,251.0,1.8591984510421753,6.418589894926967
synthid,SynthID,442,250.0,1.1962833404541016,3.30780008141338
synthid,SynthID,443,249.0,1.3652094602584839,3.9165433262597746
synthid,SynthID,444,250.0,0.7187589406967163,2.05188511868851
synthid,SynthID,445,249.0,2.2913262844085693,9.88804334605371
synthid,SynthID,446,249.0,1.0102633237838745,2.7463240922627405
synthid,SynthID,447,250.0,2.1109375953674316,8.255978424030816
synthid,SynthID,448,220.0,1.9409915208816528,6.965654139287264
synthid,SynthID,449,250.0,2.0824270248413086,8.023919553237027
synthid,SynthID,450,250.0,2.0974276065826416,8.145190306308917
synthid,SynthID,451,164.0,2.153778553009033,8.61735810196757
synthid,SynthID,452,250.0,1.923069715499878,6.841929041605987
synthid,SynthID,453,249.0,1.9341163635253906,6.917928419896362
synthid,SynthID,454,249.0,2.029481887817383,7.610142429665078
synthid,SynthID,455,61.0,2.7564175128936768,15.743341482931148
synthid,SynthID,456,249.0,2.292590856552124,9.900555399753294
synthid,SynthID,457,249.0,1.9144446849822998,6.78317095422779
synthid,SynthID,458,251.0,2.150660514831543,8.590530696588646
synthid,SynthID,459,249.0,1.7126764059066772,5.5437790428450135
synthid,SynthID,460,249.0,1.944312572479248,6.988825892090664
synthid,SynthID,461,247.0,1.968138337135315,7.157339524530645
synthid,SynthID,462,249.0,1.9960520267486572,7.359941812127957
synthid,SynthID,463,249.0,2.0560176372528076,7.814786445377635
synthid,SynthID,464,248.0,2.0207583904266357,7.544044095529167
synthid,SynthID,465,249.0,1.910526990890503,6.756648552707497
synthid,SynthID,466,249.0,1.7322733402252197,5.653491620569744
synthid,SynthID,467,250.0,2.3727774620056152,10.727145184387485
synthid,SynthID,468,249.0,1.750205397605896,5.755784779014673
synthid,SynthID,469,249.0,1.8355798721313477,6.268768175660404
synthid,SynthID,470,246.0,1.1460583209991455,3.1457688289719328
synthid,SynthID,471,250.0,1.7941465377807617,6.014339519214934
synthid,SynthID,472,243.0,1.3128420114517212,3.716721681968103
synthid,SynthID,473,249.0,2.080587387084961,8.00917201709428
synthid,SynthID,474,249.0,1.8330193758010864,6.2527375496891064
synthid,SynthID,475,249.0,1.8522058725357056,6.373863958241341
synthid,SynthID,476,249.0,2.027801036834717,7.59736165857885
synthid,SynthID,477,249.0,1.7132169008255005,5.546776237159934
synthid,SynthID,478,249.0,2.183462381362915,8.876988631026837
synthid,SynthID,479,227.0,2.3602564334869385,10.59366767529509
synthid,SynthID,480,249.0,1.92404305934906,6.848591833222767
synthid,SynthID,481,189.0,2.2748560905456543,9.726519173770303
synthid,SynthID,482,249.0,1.6764497756958008,5.346540817909689
synthid,SynthID,483,196.0,1.6448278427124023,5.18011803510923
synthid,SynthID,484,249.0,0.8482105731964111,2.3354639687360197
synthid,SynthID,485,213.0,1.8648626804351807,6.455049420550775
synthid,SynthID,487,204.0,1.9006940126419067,6.6905361480596035
synthid,SynthID,488,188.0,2.301215410232544,9.986312548258173
synthid,SynthID,489,249.0,2.3401057720184326,10.382334665150143
synthid,SynthID,490,249.0,2.141018867492676,8.508101842685596
synthid,SynthID,491,251.0,1.7662880420684814,5.849101396847695
synthid,SynthID,492,247.0,1.9103189706802368,6.755243179432958
synthid,SynthID,493,249.0,1.8518872261047363,6.371833272792082
synthid,SynthID,494,220.0,1.4476579427719116,4.253141739968101
synthid,SynthID,495,249.0,2.268805742263794,9.667848014651936
synthid,SynthID,496,249.0,1.703156590461731,5.491253701948734
synthid,SynthID,497,249.0,2.3917737007141113,10.932868392199993
synthid,SynthID,498,249.0,2.0305967330932617,7.618631292006375
synthid,SynthID,499,250.0,1.3544687032699585,3.8747017932755843
dbsf,DBSF,0,249.0,1.6256667375564575,5.081806138908088
dbsf,DBSF,1,249.0,1.5370490550994873,4.65084561195484
dbsf,DBSF,2,249.0,2.209740161895752,9.113348090274851
dbsf,DBSF,3,249.0,2.0574724674224854,7.826163906598149
dbsf,DBSF,4,242.0,1.967373251914978,7.1518656441030135
dbsf,DBSF,5,250.0,2.04103946685791,7.698607488516697
dbsf,DBSF,6,249.0,2.226836919784546,9.270496331003583
dbsf,DBSF,7,250.0,2.1920933723449707,8.953937434378155
dbsf,DBSF,8,250.0,1.9551647901535034,7.0650831839198975
dbsf,DBSF,9,249.0,1.779049277305603,5.924221448590848
dbsf,DBSF,10,249.0,2.2807605266571045,9.784118663735121
dbsf,DBSF,11,249.0,2.0154871940612793,7.5043825813619645
dbsf,DBSF,12,249.0,1.3276598453521729,3.7722055063493896
dbsf,DBSF,13,249.0,1.744065284729004,5.720551888431828
dbsf,DBSF,14,249.0,1.0517641305923462,2.8626968371679187
dbsf,DBSF,15,160.0,2.11368989944458,8.278732686068253
dbsf,DBSF,16,249.0,1.4546033143997192,4.282784209764115
dbsf,DBSF,17,249.0,1.931457757949829,6.899560803770017
dbsf,DBSF,18,249.0,1.8120592832565308,6.123043539342646
dbsf,DBSF,19,249.0,2.0497031211853027,7.7655953233196415
dbsf,DBSF,20,249.0,1.9324020147323608,6.906078837720049
dbsf,DBSF,21,249.0,1.5653213262557983,4.784211981858507
dbsf,DBSF,22,249.0,2.0342698097229004,7.6466665648878935
dbsf,DBSF,23,249.0,1.5076417922973633,4.5160683998989155
dbsf,DBSF,24,249.0,1.4421648979187012,4.229843090470285
dbsf,DBSF,25,250.0,0.8216308951377869,2.2742058058792285
dbsf,DBSF,26,249.0,1.466010332107544,4.3319177056425175
dbsf,DBSF,27,249.0,1.9907604455947876,7.3210989434732
dbsf,DBSF,28,240.0,1.9369310140609741,6.937427399362056
dbsf,DBSF,29,249.0,1.170141339302063,3.2224480649033462
dbsf,DBSF,30,249.0,2.4825520515441895,11.97177805977856
dbsf,DBSF,31,193.0,1.7902319431304932,5.990841839859694
dbsf,DBSF,32,249.0,1.3192564249038696,3.740638896970138
dbsf,DBSF,33,249.0,2.0578486919403076,7.8291088552865205
dbsf,DBSF,34,249.0,1.4837590456008911,4.409490040074257
dbsf,DBSF,35,249.0,2.0713160037994385,7.935259080559604
dbsf,DBSF,36,249.0,1.159980058670044,3.1898696652384326
dbsf,DBSF,37,249.0,1.9162460565567017,6.795400977670195
dbsf,DBSF,38,249.0,2.6081416606903076,13.573802668170618
dbsf,DBSF,39,249.0,1.533228874206543,4.6331124339520775
dbsf,DBSF,40,249.0,1.4959443807601929,4.463549853658534
dbsf,DBSF,41,250.0,1.7774415016174316,5.914704282158976
dbsf,DBSF,42,249.0,1.42238187789917,4.146986300967663
dbsf,DBSF,43,249.0,1.4454907178878784,4.243934206355782
dbsf,DBSF,44,249.0,2.181161403656006,8.856586359669787
dbsf,DBSF,45,249.0,1.6059153079986572,4.982417963283954
dbsf,DBSF,46,249.0,2.074908971786499,7.9638214935959155
dbsf,DBSF,47,249.0,2.46258544921875,11.735112890254477
dbsf,DBSF,48,249.0,2.02256441116333,7.557681106259647
dbsf,DBSF,49,218.0,1.8437002897262573,6.319880436637524
dbsf,DBSF,50,250.0,1.4810950756072998,4.397758923529412
dbsf,DBSF,51,203.0,2.1131978034973145,8.274659757482958
dbsf,DBSF,52,249.0,1.6583131551742554,5.250446681497538
dbsf,DBSF,53,249.0,1.635625958442688,5.13266982969883
dbsf,DBSF,54,250.0,2.0566694736480713,7.819882068179721
dbsf,DBSF,55,223.0,2.5375397205352783,12.648513780139268
dbsf,DBSF,56,249.0,2.0551037788391113,7.8076480992489135
dbsf,DBSF,57,249.0,2.107370615005493,8.226581970578236
dbsf,DBSF,58,249.0,1.630480408668518,5.106327253256842
dbsf,DBSF,59,249.0,1.5468202829360962,4.696512833127057
dbsf,DBSF,60,248.0,2.264677047729492,9.62801470975308
dbsf,DBSF,61,249.0,0.7657898664474487,2.150692463751032
dbsf,DBSF,62,249.0,1.2777705192565918,3.588630018621591
dbsf,DBSF,63,249.0,1.5011351108551025,4.486779172619637
dbsf,DBSF,64,249.0,1.0695158243179321,2.9139682857844744
dbsf,DBSF,65,249.0,1.8258733749389648,6.2082147512106785
dbsf,DBSF,66,250.0,2.009756088256836,7.461497178564514
dbsf,DBSF,67,249.0,1.9583511352539062,7.087630880401182
dbsf,DBSF,68,249.0,1.5407500267028809,4.668090150586875
dbsf,DBSF,69,249.0,1.949203372001648,7.023090560938204
dbsf,DBSF,70,249.0,1.2668980360031128,3.5498240397920373
dbsf,DBSF,71,249.0,2.0681533813476562,7.910202495175505
dbsf,DBSF,72,249.0,1.9808944463729858,7.249224128440012
dbsf,DBSF,73,249.0,1.9408177137374878,6.964443564040434
dbsf,DBSF,74,249.0,1.4319195747375488,4.186728221023166
dbsf,DBSF,75,249.0,2.076215982437134,7.974237098278198
dbsf,DBSF,76,249.0,2.4958996772766113,12.13264407404273
dbsf,DBSF,77,124.0,2.181698799133301,8.861347128216917
dbsf,DBSF,78,249.0,1.5610376596450806,4.763761844789215
dbsf,DBSF,79,249.0,1.4764097929000854,4.377202373922251
dbsf,DBSF,80,250.0,2.019085645675659,7.531435383885355
dbsf,DBSF,81,185.0,2.2394773960113525,9.388423577551357
dbsf,DBSF,82,249.0,1.856358528137207,6.400387453465784
dbsf,DBSF,83,90.0,2.431232213973999,11.372887280159045
dbsf,DBSF,84,249.0,1.6411160230636597,5.160926011903128
dbsf,DBSF,85,249.0,1.4516912698745728,4.270330692852046
dbsf,DBSF,86,99.0,2.079207181930542,7.998125341686455
dbsf,DBSF,87,249.0,1.449591875076294,4.261374986879135
dbsf,DBSF,88,250.0,1.9624594449996948,7.116808958673888
dbsf,DBSF,89,231.0,2.1584055423736572,8.657322913334477
dbsf,DBSF,90,249.0,2.6095941066741943,13.593532207919008
dbsf,DBSF,91,249.0,2.02078914642334,7.544276123692615
dbsf,DBSF,92,249.0,1.7676812410354614,5.857256038071394
dbsf,DBSF,93,249.0,2.0216968059539795,7.551126866418697
dbsf,DBSF,94,249.0,2.0378944873809814,7.674433559145406
dbsf,DBSF,95,249.0,1.3181182146072388,3.736383685383843
dbsf,DBSF,96,249.0,1.287436604499817,3.6234862123645724
dbsf,DBSF,97,249.0,2.1921894550323486,8.954797794081639
dbsf,DBSF,98,166.0,1.7341468334197998,5.664093326657622
dbsf,DBSF,99,174.0,2.012659788131714,7.483194613162268
dbsf,DBSF,100,249.0,2.270753860473633,9.686700482875207
dbsf,DBSF,101,249.0,1.8181737661361694,6.160597478692805
dbsf,DBSF,102,249.0,1.3830705881118774,3.987125671074921
dbsf,DBSF,103,249.0,1.573480248451233,4.823405666878039
dbsf,DBSF,104,248.0,1.7781763076782227,5.919052039897034
dbsf,DBSF,105,249.0,2.303402900695801,10.008181421976518
dbsf,DBSF,106,249.0,1.7187683582305908,5.5776545597199245
dbsf,DBSF,107,249.0,2.3673510551452637,10.669092980056694
dbsf,DBSF,108,251.0,1.3023431301116943,3.6779043876957176
dbsf,DBSF,109,250.0,1.4446831941604614,4.240508512137391
dbsf,DBSF,110,117.0,2.2360832691192627,9.356612093258894
dbsf,DBSF,111,249.0,2.1863863468170166,8.902982623368429
dbsf,DBSF,112,250.0,1.1628526449203491,3.19904601459648
dbsf,DBSF,113,249.0,2.048753499984741,7.758224449688478
dbsf,DBSF,114,249.0,2.046806573867798,7.743134454206005
dbsf,DBSF,115,249.0,2.347100257873535,10.45520831787653
dbsf,DBSF,116,80.0,3.1567862033843994,23.494966421665925
dbsf,DBSF,117,249.0,1.0886176824569702,2.9701655216500034
dbsf,DBSF,118,247.0,1.8542728424072266,6.3870521681290455
dbsf,DBSF,119,249.0,0.7637144327163696,2.146233472837224
dbsf,DBSF,120,249.0,2.2985403537750244,9.95963429721198
dbsf,DBSF,121,249.0,0.9784555435180664,2.660344281405154
dbsf,DBSF,122,238.0,0.9443382620811462,2.571111413607069
dbsf,DBSF,123,249.0,1.8277592658996582,6.219933814256243
dbsf,DBSF,124,249.0,2.1428120136260986,8.523371799147718
dbsf,DBSF,125,249.0,2.3153584003448486,10.128552344963904
dbsf,DBSF,126,249.0,2.011166572570801,7.472028928981906
dbsf,DBSF,127,249.0,2.0884554386138916,8.072437155538271
dbsf,DBSF,128,249.0,1.3854739665985107,3.996719767640788
dbsf,DBSF,129,249.0,2.233055830001831,9.328328355051461
dbsf,DBSF,130,250.0,2.214893341064453,9.160432017573683
dbsf,DBSF,131,249.0,2.0382883548736572,7.677456864400799
dbsf,DBSF,132,249.0,1.3417248725891113,3.8256365532745455
dbsf,DBSF,133,210.0,2.454113245010376,11.636110593461229
dbsf,DBSF,134,250.0,1.1785606145858765,3.2496932737686564
dbsf,DBSF,135,249.0,2.0502076148986816,7.769514005733108
dbsf,DBSF,136,249.0,2.3205654621124268,10.181429891491197
dbsf,DBSF,137,250.0,1.4707424640655518,4.352465490928568
dbsf,DBSF,138,250.0,2.0959389209747314,8.133073699872755
dbsf,DBSF,139,249.0,1.434011697769165,4.195496540564888
dbsf,DBSF,140,249.0,1.5788522958755493,4.849386954739922
dbsf,DBSF,141,249.0,1.1803451776504517,3.2554977340284785
dbsf,DBSF,142,249.0,1.6605662107467651,5.262289565980095
dbsf,DBSF,143,249.0,1.8639216423034668,6.448977830151042
dbsf,DBSF,144,249.0,1.0700422525405884,2.915502684770067
dbsf,DBSF,145,249.0,2.1399857997894287,8.49931693593899
dbsf,DBSF,146,249.0,2.114712715148926,8.287204635754657
dbsf,DBSF,147,227.0,0.9205131530761719,2.510578370456222
dbsf,DBSF,148,250.0,1.394502878189087,4.032969197264884
dbsf,DBSF,149,250.0,1.3770501613616943,3.9631935859969336
dbsf,DBSF,150,249.0,1.572110652923584,4.8168040738367335
dbsf,DBSF,151,251.0,2.1000819206237793,8.16683891770306
dbsf,DBSF,152,249.0,2.1404409408569336,8.503186204587013
dbsf,DBSF,153,249.0,1.2203054428100586,3.3882224837813415
dbsf,DBSF,154,249.0,2.190608263015747,8.940649727651913
dbsf,DBSF,155,249.0,1.847517967224121,6.344053815692403
dbsf,DBSF,156,249.0,1.6553903818130493,5.235123220213167
dbsf,DBSF,157,250.0,1.8807824850082397,6.558634888319756
dbsf,DBSF,158,249.0,1.7297037839889526,5.638983303869992
dbsf,DBSF,159,249.0,2.0603017807006836,7.848337929893769
dbsf,DBSF,160,249.0,1.6127922534942627,5.016799865788505
dbsf,DBSF,161,248.0,1.2790899276733398,3.5933680122597575
dbsf,DBSF,162,249.0,2.007599353790283,7.445422051548788
dbsf,DBSF,163,249.0,1.3469493389129639,3.8456757641246337
dbsf,DBSF,164,249.0,1.7625925540924072,5.827526003322409
dbsf,DBSF,165,249.0,1.246311902999878,3.477493942841585
dbsf,DBSF,166,249.0,2.0314042568206787,7.6247860022479355
dbsf,DBSF,167,249.0,1.97062087059021,7.175129932853438
dbsf,DBSF,168,249.0,1.49326491355896,4.451605927050383
dbsf,DBSF,169,247.0,1.908832311630249,6.745207897395111
dbsf,DBSF,170,249.0,1.8768340349197388,6.532789503997541
dbsf,DBSF,171,220.0,1.8292171955108643,6.2290086535748435
dbsf,DBSF,172,249.0,1.8752301931381226,6.522320340925262
dbsf,DBSF,173,249.0,2.010058879852295,7.463756799279541
dbsf,DBSF,174,249.0,2.038550615310669,7.679470621646081
dbsf,DBSF,175,248.0,1.8116636276245117,6.12062140187897
dbsf,DBSF,176,130.0,2.0793914794921875,7.9995995125235355
dbsf,DBSF,177,249.0,2.1563563346862793,8.639600425399383
dbsf,DBSF,178,251.0,2.3706207275390625,10.704034511391379
dbsf,DBSF,179,249.0,2.0430402755737305,7.714026349431276
dbsf,DBSF,180,249.0,0.8539270162582397,2.348852747171504
dbsf,DBSF,181,249.0,1.4322068691253662,4.187931217343154
dbsf,DBSF,182,250.0,1.866112232208252,6.463120380490486
dbsf,DBSF,183,248.0,2.065215587615967,7.886998053489531
dbsf,DBSF,184,249.0,2.1644651889801025,8.709942497777481
dbsf,DBSF,185,249.0,2.0917491912841797,8.099069603245416
dbsf,DBSF,186,250.0,2.2769052982330322,9.746471267642702
dbsf,DBSF,187,249.0,1.45352303981781,4.278160124932849
dbsf,DBSF,188,249.0,1.3008379936218262,3.672372803534422
dbsf,DBSF,189,115.0,2.0133135318756104,7.488088304260664
dbsf,DBSF,190,249.0,1.5298439264297485,4.617456103199136
dbsf,DBSF,191,86.0,2.4866905212402344,12.021425561969284
dbsf,DBSF,192,250.0,1.6687254905700684,5.305401701872308
dbsf,DBSF,193,250.0,2.4225454330444336,11.27452135997769
dbsf,DBSF,194,249.0,1.8180434703826904,6.159794831294347
dbsf,DBSF,195,249.0,2.1224124431610107,8.35126014596869
dbsf,DBSF,196,249.0,2.0475802421569824,7.749127389765288
dbsf,DBSF,197,249.0,1.4003732204437256,4.056713732842334
dbsf,DBSF,198,65.0,2.4192967414855957,11.23795334886166
dbsf,DBSF,199,197.0,2.0822150707244873,8.02221903067742
dbsf,DBSF,200,249.0,1.0418975353240967,2.8345906502954605
dbsf,DBSF,201,250.0,1.463558316230774,4.321308786585807
dbsf,DBSF,202,212.0,1.6694365739822388,5.3091756266460415
dbsf,DBSF,203,250.0,1.466064453125,4.332152159780674
dbsf,DBSF,204,249.0,1.1117130517959595,3.039560862309075
dbsf,DBSF,205,249.0,1.9068340063095093,6.731742371161515
dbsf,DBSF,206,249.0,2.2887613773345947,9.862713931411365
dbsf,DBSF,207,249.0,1.6300793886184692,5.104279924183616
dbsf,DBSF,209,248.0,1.7995975017547607,6.047212981894541
dbsf,DBSF,210,249.0,1.9081281423568726,6.740459801179157
dbsf,DBSF,211,249.0,1.97761070728302,7.225458609035244
dbsf,DBSF,212,249.0,2.015403985977173,7.503758182042864
dbsf,DBSF,213,249.0,1.4595839977264404,4.304168611930037
dbsf,DBSF,214,249.0,1.4049385786056519,4.075276424419858
dbsf,DBSF,215,250.0,1.4817575216293335,4.4006731665919565
dbsf,DBSF,216,250.0,1.2844719886779785,3.612759875399421
dbsf,DBSF,217,250.0,2.0319273471832275,7.628775497664542
dbsf,DBSF,218,249.0,2.6123299598693848,13.630773035934496
dbsf,DBSF,219,63.0,3.2915799617767334,26.885307875746065
dbsf,DBSF,220,251.0,2.3049380779266357,10.023557553741462
dbsf,DBSF,221,249.0,2.3174755573272705,10.150018796188066
dbsf,DBSF,222,249.0,1.31682550907135,3.7315567620769676
dbsf,DBSF,223,133.0,2.6471240520477295,14.113390845412562
dbsf,DBSF,224,250.0,2.057598352432251,7.82714916533131
dbsf,DBSF,225,249.0,1.6682864427566528,5.30307288812351
dbsf,DBSF,226,249.0,0.7451746463775635,2.1068093494734277
dbsf,DBSF,227,250.0,1.86207115650177,6.437055123043242
dbsf,DBSF,228,249.0,2.1250245571136475,8.373103104847106
dbsf,DBSF,229,249.0,2.0605316162109375,7.850141963954134
dbsf,DBSF,230,249.0,1.9782105684280396,7.229794181150371
dbsf,DBSF,231,250.0,2.1350791454315186,8.45771586994488
dbsf,DBSF,232,250.0,1.7882275581359863,5.978845912615893
dbsf,DBSF,233,249.0,2.397871732711792,10.999741062095358
dbsf,DBSF,234,249.0,1.8803458213806152,6.5557715962104135
dbsf,DBSF,235,237.0,2.1711790561676025,8.768616639716951
dbsf,DBSF,236,250.0,1.486083745956421,4.419752707329412
dbsf,DBSF,237,249.0,2.090376853942871,8.087962570639988
dbsf,DBSF,238,249.0,1.667127013206482,5.296927911732295
dbsf,DBSF,239,249.0,2.271092176437378,9.689978202705788
dbsf,DBSF,240,250.0,1.2130571603775024,3.363752480156099
dbsf,DBSF,241,249.0,1.7708144187927246,5.8756366422219575
dbsf,DBSF,242,249.0,1.5150331258773804,4.549571832908167
dbsf,DBSF,243,249.0,1.8525805473327637,6.376252531867598
dbsf,DBSF,244,249.0,1.0981411933898926,2.998587047009221
dbsf,DBSF,245,249.0,1.3597553968429565,3.895240397159636
dbsf,DBSF,246,190.0,1.6580427885055542,5.2490273276007064
dbsf,DBSF,247,249.0,1.4157311916351318,4.119497507133215
dbsf,DBSF,248,250.0,1.7021836042404175,5.485913386207126
dbsf,DBSF,249,249.0,0.9824201464653015,2.670912425589091
dbsf,DBSF,250,250.0,1.0562776327133179,2.8756468283360386
dbsf,DBSF,251,249.0,1.3099911212921143,3.7061408063225154
dbsf,DBSF,252,250.0,2.5996172428131104,13.458585678620015
dbsf,DBSF,253,249.0,1.3814022541046143,3.9804793594021057
dbsf,DBSF,254,249.0,2.1913328170776367,8.947130059119756
dbsf,DBSF,255,249.0,1.4098966121673584,4.095531954009522
dbsf,DBSF,256,249.0,1.434715747833252,4.198451420242705
dbsf,DBSF,257,249.0,2.066014528274536,7.893301814738792
dbsf,DBSF,258,149.0,1.8132095336914062,6.130090625016232
dbsf,DBSF,259,249.0,1.6413905620574951,5.162343081849273
dbsf,DBSF,260,249.0,1.8278844356536865,6.220712410569184
dbsf,DBSF,261,249.0,2.116164445877075,8.299244162335725
dbsf,DBSF,262,138.0,2.3216538429260254,10.192517196950888
dbsf,DBSF,263,249.0,1.6849298477172852,5.392072652875915
dbsf,DBSF,264,249.0,0.9408705234527588,2.562210912465226
dbsf,DBSF,265,251.0,1.7109484672546387,5.534208004223719
dbsf,DBSF,266,249.0,1.143412470817566,3.1374565972536543
dbsf,DBSF,267,249.0,1.121375322341919,3.0690722656863634
dbsf,DBSF,268,249.0,0.9704633355140686,2.639166995906742
dbsf,DBSF,269,249.0,1.0963419675827026,2.993196762432821
dbsf,DBSF,270,249.0,1.273051142692566,3.571733823328844
dbsf,DBSF,271,249.0,2.1268393993377686,8.388312763299277
dbsf,DBSF,272,249.0,1.755618929862976,5.787028398448544
dbsf,DBSF,273,250.0,1.2162764072418213,3.374598678708434
dbsf,DBSF,274,249.0,1.4960315227508545,4.463938833226179
dbsf,DBSF,275,249.0,1.478193759918213,4.385018128039953
dbsf,DBSF,276,252.0,1.4949477910995483,4.459103741867113
dbsf,DBSF,277,250.0,0.9371137619018555,2.552603354974752
dbsf,DBSF,278,249.0,1.219172716140747,3.384386726654727
dbsf,DBSF,279,249.0,2.287675142288208,9.852006522320897
dbsf,DBSF,280,249.0,1.6308784484863281,5.10836017939234
dbsf,DBSF,281,249.0,1.211083173751831,3.3571190270760387
dbsf,DBSF,282,250.0,1.543335199356079,4.680173581735135
dbsf,DBSF,283,252.0,2.0099847316741943,7.463203395828271
dbsf,DBSF,284,249.0,2.1029443740844727,8.190249604041135
dbsf,DBSF,285,249.0,1.666239619255066,5.2922295349062445
dbsf,DBSF,286,249.0,1.941779613494873,6.971145883577999
dbsf,DBSF,287,249.0,1.3317878246307373,3.7878092763761315
dbsf,DBSF,288,249.0,1.3390949964523315,3.815588820931905
dbsf,DBSF,289,128.0,1.9460790157318115,7.001182166546946
dbsf,DBSF,290,249.0,1.6477148532867432,5.195094699144315
dbsf,DBSF,291,249.0,1.874637246131897,6.518454096957635
dbsf,DBSF,292,250.0,2.4408352375030518,11.48262745973269
dbsf,DBSF,293,248.0,2.5119752883911133,12.329259867294084
dbsf,DBSF,294,251.0,2.661268711090088,14.314438469924008
dbsf,DBSF,295,249.0,1.4135234355926514,4.110412693835674
dbsf,DBSF,296,249.0,1.9036046266555786,6.710038083867117
dbsf,DBSF,297,249.0,1.8133506774902344,6.1309559103576
dbsf,DBSF,298,249.0,2.387129306793213,10.882209575512267
dbsf,DBSF,299,249.0,1.436944603919983,4.207819600530115
dbsf,DBSF,300,249.0,2.4098551273345947,11.132348255272342
dbsf,DBSF,301,249.0,1.535799503326416,4.645037768930103
dbsf,DBSF,302,249.0,0.9386299848556519,2.5564766063878235
dbsf,DBSF,303,158.0,1.3020731210708618,3.676911454316249
dbsf,DBSF,304,139.0,2.2660715579986572,9.64145044109284
dbsf,DBSF,305,249.0,2.2863762378692627,9.839218014836032
dbsf,DBSF,306,249.0,1.4166570901870728,4.123313510253057
dbsf,DBSF,307,249.0,2.0212435722351074,7.5477052165694705
dbsf,DBSF,308,249.0,1.809403419494629,6.106803145576719
dbsf,DBSF,309,249.0,1.874136209487915,6.5151889306452375
dbsf,DBSF,310,251.0,1.9870338439941406,7.293866897440672
dbsf,DBSF,311,249.0,1.697378396987915,5.459615669009033
dbsf,DBSF,312,249.0,1.4953778982162476,4.4610220466292825
dbsf,DBSF,313,249.0,1.8404775857925415,6.299546116439651
dbsf,DBSF,314,249.0,1.7906204462051392,5.993169752505527
dbsf,DBSF,315,249.0,1.1186790466308594,3.060808346589566
dbsf,DBSF,316,249.0,1.861977219581604,6.436450474309909
dbsf,DBSF,317,250.0,1.7875674962997437,5.974900806754343
dbsf,DBSF,318,249.0,1.2953118085861206,3.6521345635356504
dbsf,DBSF,319,249.0,2.2384591102600098,9.378868345398798
dbsf,DBSF,320,249.0,1.9421566724777222,6.973774912372467
dbsf,DBSF,321,249.0,1.9681659936904907,7.157537474623413
dbsf,DBSF,322,249.0,2.4691920280456543,11.812898504076456
dbsf,DBSF,323,250.0,1.3676522970199585,3.926122497687521
dbsf,DBSF,324,249.0,2.038292646408081,7.6774898125419195
dbsf,DBSF,325,249.0,2.2324700355529785,9.32286547230341
dbsf,DBSF,326,251.0,2.3978734016418457,10.999759419909118
dbsf,DBSF,327,249.0,2.4515023231506348,11.605769244632043
dbsf,DBSF,328,249.0,1.9677083492279053,7.154262616649869
dbsf,DBSF,329,249.0,1.4592475891113281,4.3027208960537875
dbsf,DBSF,330,250.0,0.6664653420448303,1.9473419537051657
dbsf,DBSF,331,249.0,2.1811106204986572,8.856136605671173
dbsf,DBSF,332,109.0,1.8989313840866089,6.678753605168616
dbsf,DBSF,333,249.0,2.042654275894165,7.7110493123368835
dbsf,DBSF,334,249.0,2.0365638732910156,7.664228640628962
dbsf,DBSF,335,110.0,1.8403018712997437,6.298439292134328
dbsf,DBSF,336,249.0,1.9729753732681274,7.1920436994353905
dbsf,DBSF,337,248.0,1.497904896736145,4.472309298165872
dbsf,DBSF,338,249.0,1.9338234663009644,6.915902474574759
dbsf,DBSF,339,249.0,2.211671829223633,9.1309690604755
dbsf,DBSF,340,249.0,1.6421884298324585,5.166463592630379
dbsf,DBSF,341,249.0,1.119101643562317,3.0621021081551945
dbsf,DBSF,342,250.0,1.9291284084320068,6.883508018670544
dbsf,DBSF,343,249.0,1.9791101217269897,7.236300692394829
dbsf,DBSF,344,249.0,1.2092797756195068,3.351070260698952
dbsf,DBSF,345,131.0,1.3312890529632568,3.785920495501605
dbsf,DBSF,346,249.0,2.261301040649414,9.595565269515845
dbsf,DBSF,347,249.0,2.5697429180145264,13.062465884576099
dbsf,DBSF,348,250.0,1.7803945541381836,5.932196529599819
dbsf,DBSF,349,250.0,1.473402500152588,4.3640586184349015
dbsf,DBSF,350,112.0,1.2843215465545654,3.612216405013829
dbsf,DBSF,351,249.0,2.202207326889038,9.044956656841746
dbsf,DBSF,352,250.0,1.2495875358581543,3.488903613008538
dbsf,DBSF,353,249.0,1.3865050077438354,4.000842675246012
dbsf,DBSF,354,249.0,1.8000941276550293,6.0502169303433515
dbsf,DBSF,355,249.0,1.8032963275909424,6.0696219874645365
dbsf,DBSF,356,249.0,2.188762903213501,8.924166225712158
dbsf,DBSF,357,249.0,1.9688634872436523,7.162531552334512
dbsf,DBSF,358,249.0,1.3330732583999634,3.7926813850470147
dbsf,DBSF,359,247.0,1.9133015871047974,6.775421555911487
dbsf,DBSF,360,249.0,2.0411570072174072,7.699512438791573
dbsf,DBSF,361,251.0,1.570285677909851,4.808021543143013
dbsf,DBSF,362,250.0,1.727347731590271,5.625713202396495
dbsf,DBSF,363,92.0,3.3686957359313965,29.040625701848878
dbsf,DBSF,364,249.0,1.6902929544448853,5.421068598671623
dbsf,DBSF,365,249.0,2.0967609882354736,8.1397623823874
dbsf,DBSF,366,250.0,1.7692371606826782,5.866376551372751
dbsf,DBSF,367,174.0,1.9083576202392578,6.742006765110849
dbsf,DBSF,368,249.0,1.9183623790740967,6.809797466207124
dbsf,DBSF,369,132.0,2.4703369140625,11.82643067130859
dbsf,DBSF,370,249.0,2.3841733932495117,10.850090199278943
dbsf,DBSF,371,249.0,2.050534725189209,7.772055909435544
dbsf,DBSF,372,172.0,2.803382396697998,16.500363264557905
dbsf,DBSF,373,250.0,1.7391616106033325,5.692568832119966
dbsf,DBSF,374,250.0,2.354529857635498,10.533175605334078
dbsf,DBSF,375,249.0,1.9612770080566406,7.10839875409269
dbsf,DBSF,376,250.0,2.001528739929199,7.400360682710872
dbsf,DBSF,377,248.0,1.8318300247192383,6.2453052701908165
dbsf,DBSF,378,249.0,1.3398709297180176,3.818550612153812
dbsf,DBSF,379,134.0,1.9877889156341553,7.2993763692421645
dbsf,DBSF,380,249.0,0.7447240352630615,2.10586021162651
dbsf,DBSF,381,250.0,1.7871352434158325,5.972318696751992
dbsf,DBSF,382,71.0,3.1776256561279297,23.98972601840361
dbsf,DBSF,383,230.0,0.5963768362998962,1.8155289110285806
dbsf,DBSF,384,249.0,1.2327539920806885,3.430664561367699
dbsf,DBSF,385,249.0,1.1438095569610596,3.1387026851799877
dbsf,DBSF,386,250.0,2.2756028175354004,9.733784940588114
dbsf,DBSF,387,249.0,2.028907060623169,7.605769169899406
dbsf,DBSF,388,249.0,1.3044843673706055,3.685788091032862
dbsf,DBSF,389,249.0,2.029326915740967,7.608963161470112
dbsf,DBSF,390,249.0,1.1499640941619873,3.1580795141625324
dbsf,DBSF,391,249.0,1.2313523292541504,3.425859294850159
dbsf,DBSF,392,165.0,2.346954584121704,10.453685379383463
dbsf,DBSF,393,249.0,1.3623216152191162,3.905249271632418
dbsf,DBSF,394,249.0,1.4818884134292603,4.401249216322892
dbsf,DBSF,395,249.0,1.3999406099319458,4.054959135394239
dbsf,DBSF,396,251.0,1.4273085594177246,4.167467592707951
dbsf,DBSF,397,249.0,1.9637831449508667,7.1262357160676855
dbsf,DBSF,398,249.0,1.4014334678649902,4.061017134048274
dbsf,DBSF,399,249.0,1.4991285800933838,4.477785338408797
dbsf,DBSF,400,249.0,1.503676414489746,4.498195941432561
dbsf,DBSF,401,249.0,1.9717994928359985,7.183591686234555
dbsf,DBSF,402,249.0,1.4917352199554443,4.444801539579231
dbsf,DBSF,403,249.0,1.9648187160491943,7.133619262248782
dbsf,DBSF,404,250.0,2.118828535079956,8.321383566680415
dbsf,DBSF,405,249.0,2.1756739616394043,8.808119456835223
dbsf,DBSF,406,249.0,1.7778477668762207,5.917107709206226
dbsf,DBSF,407,248.0,0.8600395321846008,2.3632541164571705
dbsf,DBSF,408,249.0,2.0037059783935547,7.416490585590056
dbsf,DBSF,409,249.0,2.281799077987671,9.794285251539613
dbsf,DBSF,410,249.0,2.0558021068573,7.813102302862724
dbsf,DBSF,411,249.0,1.4530556201934814,4.276160896210204
dbsf,DBSF,412,249.0,2.097874402999878,8.148830361276689
dbsf,DBSF,413,249.0,1.1247562170028687,3.0794660359442245
dbsf,DBSF,414,249.0,1.770087480545044,5.871366969299551
dbsf,DBSF,415,247.0,2.177726984024048,8.826221298631806
dbsf,DBSF,416,250.0,2.0682270526885986,7.910785271867157
dbsf,DBSF,417,75.0,3.8778679370880127,48.32108158096214
dbsf,DBSF,418,248.0,2.3450701236724854,10.434004372601132
dbsf,DBSF,419,249.0,2.0282695293426514,7.600921799480517
dbsf,DBSF,420,112.0,2.639707565307617,14.009106259979802
dbsf,DBSF,421,249.0,0.779985249042511,2.1814400869308823
dbsf,DBSF,422,244.0,2.366964340209961,10.66496788012546
dbsf,DBSF,423,250.0,1.523274540901184,4.587221673443739
dbsf,DBSF,424,249.0,1.6817151308059692,5.374766497830383
dbsf,DBSF,425,67.0,2.666689157485962,14.39223978477411
dbsf,DBSF,426,249.0,1.0076349973678589,2.7391153337392344
dbsf,DBSF,427,249.0,1.7411925792694092,5.704142009449629
dbsf,DBSF,428,249.0,2.1568069458007812,8.643494402644746
dbsf,DBSF,429,249.0,1.99573814868927,7.357632050385494
dbsf,DBSF,430,249.0,1.6997848749160767,5.472769934989943
dbsf,DBSF,431,249.0,2.0597522258758545,7.84402602284069
dbsf,DBSF,432,251.0,2.090756893157959,8.091036897732419
dbsf,DBSF,433,250.0,2.2030177116394043,9.052289522604164
dbsf,DBSF,434,250.0,2.592116117477417,13.358008831964847
dbsf,DBSF,435,250.0,2.1425702571868896,8.521311468190675
dbsf,DBSF,436,249.0,2.364133834838867,10.634823313562922
dbsf,DBSF,437,249.0,1.4850387573242188,4.415136528340464
dbsf,DBSF,438,109.0,2.754279851913452,15.70972350087069
dbsf,DBSF,439,252.0,1.554449200630188,4.732479160618652
dbsf,DBSF,440,249.0,1.416923999786377,4.124414209096894
dbsf,DBSF,441,252.0,1.5613948106765747,4.765463531107297
dbsf,DBSF,442,250.0,2.2527260780334473,9.513635430727412
dbsf,DBSF,443,249.0,0.9581212401390076,2.606794329337466
dbsf,DBSF,444,250.0,0.7279160022735596,2.070760647362765
dbsf,DBSF,445,249.0,1.4628337621688843,4.318178898775198
dbsf,DBSF,446,249.0,1.770660400390625,5.8747317557413785
dbsf,DBSF,447,249.0,2.1833066940307617,8.87560670392638
dbsf,DBSF,448,249.0,1.3392893075942993,3.8163303043898953
dbsf,DBSF,449,128.0,2.1058478355407715,8.214064233783763
dbsf,DBSF,450,249.0,1.5461069345474243,4.693163777928752
dbsf,DBSF,451,117.0,2.9295785427093506,18.719739263289235
dbsf,DBSF,452,250.0,1.1909888982772827,3.2903334041072245
dbsf,DBSF,453,249.0,1.3410955667495728,3.8232298152182014
dbsf,DBSF,454,249.0,2.1271884441375732,8.391241171291503
dbsf,DBSF,455,249.0,1.4137705564498901,4.111428588063336
dbsf,DBSF,456,249.0,2.2386796474456787,9.38093696272359
dbsf,DBSF,457,249.0,1.4302244186401367,4.179637075148741
dbsf,DBSF,458,249.0,2.1732513904571533,8.786806986380952
dbsf,DBSF,459,249.0,1.8679993152618408,6.475328340528272
dbsf,DBSF,460,249.0,2.1341233253479004,8.449635677475136
dbsf,DBSF,461,248.0,2.1991031169891357,9.016922746925243
dbsf,DBSF,462,249.0,1.9679003953933716,7.155636697291372
dbsf,DBSF,463,249.0,2.4090442657470703,11.123325120444303
dbsf,DBSF,464,249.0,2.0775465965270996,7.984854792978398
dbsf,DBSF,465,249.0,1.0102241039276123,2.746216383938759
dbsf,DBSF,466,250.0,1.6252480745315552,5.079679019882118
dbsf,DBSF,467,250.0,2.3642661571502686,10.636230631072817
dbsf,DBSF,468,249.0,2.122244119644165,8.349854550791507
dbsf,DBSF,469,249.0,1.887894868850708,6.605448698678825
dbsf,DBSF,470,79.0,2.078143835067749,7.989625080360197
dbsf,DBSF,471,249.0,1.2129876613616943,3.363518710792771
dbsf,DBSF,472,113.0,1.4885774850845337,4.430788171657973
dbsf,DBSF,473,138.0,2.6133768558502197,13.645050509652416
dbsf,DBSF,474,249.0,1.8636940717697144,6.447510399802364
dbsf,DBSF,475,249.0,1.0369313955307007,2.8205485731874282
dbsf,DBSF,476,249.0,2.536135673522949,12.630767133634263
dbsf,DBSF,477,249.0,1.04025137424469,2.8299282960368086
dbsf,DBSF,478,249.0,2.557875156402588,12.908359908621259
dbsf,DBSF,479,204.0,2.3782010078430176,10.785482402288833
dbsf,DBSF,480,250.0,0.9721533060073853,2.6436308811114952
dbsf,DBSF,481,224.0,2.3763411045074463,10.765441090821405
dbsf,DBSF,482,249.0,1.5614657402038574,4.765801555170643
dbsf,DBSF,483,250.0,2.3095014095306396,10.069402894901204
dbsf,DBSF,484,249.0,0.7924475073814392,2.208795860155248
dbsf,DBSF,485,249.0,1.4693591594696045,4.3464488677819055
dbsf,DBSF,486,248.0,1.0676757097244263,2.9086111805721355
dbsf,DBSF,487,249.0,2.085948944091797,8.052228972457907
dbsf,DBSF,488,249.0,1.3927485942840576,4.025900426440938
dbsf,DBSF,489,249.0,1.5110135078430176,4.531320997187905
dbsf,DBSF,490,249.0,1.794417381286621,6.015968684630224
dbsf,DBSF,491,250.0,2.1254465579986572,8.376637307433489
dbsf,DBSF,492,248.0,1.797955870628357,6.037293832855012
dbsf,DBSF,493,249.0,1.3332480192184448,3.793344255070272
dbsf,DBSF,494,249.0,2.0769777297973633,7.980313766486802
dbsf,DBSF,495,249.0,2.2121214866638184,9.135075791891621
dbsf,DBSF,496,249.0,2.2093441486358643,9.109739798102058
dbsf,DBSF,497,249.0,1.8265085220336914,6.212159133272151
dbsf,DBSF,498,249.0,1.986053705215454,7.286721398010495
dbsf,DBSF,499,250.0,2.131165027618408,8.424676076603598
