method,display_name,sample_id,tokens,ce,ppl
vanilla,Vanilla,0,249.0,1.862208366394043,6.437938411279786
vanilla,Vanilla,1,249.0,1.489280104637146,4.433902424000038
vanilla,Vanilla,2,162.0,2.115438938140869,8.293225180164365
vanilla,Vanilla,3,249.0,1.7722501754760742,5.884078685709941
vanilla,Vanilla,4,94.0,2.4514782428741455,11.605489777864593
vanilla,Vanilla,5,250.0,1.740483283996582,5.700097523023908
vanilla,Vanilla,6,249.0,1.9390536546707153,6.952168704198344
vanilla,Vanilla,7,251.0,1.6937317848205566,5.439742824381889
vanilla,Vanilla,8,249.0,1.7081900835037231,5.518963569457093
vanilla,Vanilla,9,249.0,1.6096254587173462,5.000937819355747
vanilla,Vanilla,10,249.0,1.9440628290176392,6.987080696454462
vanilla,Vanilla,11,178.0,1.532991886138916,4.6320145716845245
vanilla,Vanilla,12,249.0,2.0057783126831055,7.431875969662057
vanilla,Vanilla,13,250.0,2.188786029815674,8.924372613740703
vanilla,Vanilla,14,249.0,1.9693212509155273,7.1658110496379255
vanilla,Vanilla,15,248.0,2.038794755935669,7.681345721288004
vanilla,Vanilla,16,249.0,1.896790862083435,6.6644728756834795
vanilla,Vanilla,17,59.0,2.4946935176849365,12.118018990885684
vanilla,Vanilla,18,249.0,2.0730769634246826,7.949245062176608
vanilla,Vanilla,19,249.0,1.651784062385559,5.216277695554337
vanilla,Vanilla,20,133.0,1.6281622648239136,5.0945037617379585
vanilla,Vanilla,21,249.0,2.0179076194763184,7.522568379491667
vanilla,Vanilla,22,249.0,1.3167707920074463,3.731352587833115
vanilla,Vanilla,23,249.0,2.1752796173095703,8.804646709645006
vanilla,Vanilla,24,249.0,1.6392160654067993,5.151129780169969
vanilla,Vanilla,25,250.0,1.8099682331085205,6.1102533253932405
vanilla,Vanilla,26,250.0,1.9167711734771729,6.798970294777341
vanilla,Vanilla,27,215.0,1.738863229751587,5.690870531965941
vanilla,Vanilla,28,239.0,1.645269751548767,5.182407680912453
vanilla,Vanilla,29,249.0,1.8338885307312012,6.258174509795202
vanilla,Vanilla,30,247.0,1.6087127923965454,4.996375713992232
vanilla,Vanilla,31,250.0,1.5883879661560059,4.895850287240571
vanilla,Vanilla,32,148.0,1.431198239326477,4.183709274668167
vanilla,Vanilla,33,249.0,1.8699498176574707,6.487970809543866
vanilla,Vanilla,34,250.0,1.6456120014190674,5.184181662824312
vanilla,Vanilla,35,249.0,1.4701271057128906,4.349787988830185
vanilla,Vanilla,36,250.0,1.3661127090454102,3.9200825374216324
vanilla,Vanilla,37,92.0,1.80824613571167,6.099739929191826
vanilla,Vanilla,38,249.0,1.876179814338684,6.52851701637938
vanilla,Vanilla,39,240.0,1.4790396690368652,4.388729024179078
vanilla,Vanilla,40,51.0,2.928098678588867,18.692057080795006
vanilla,Vanilla,41,249.0,1.429375171661377,4.1760890377836075
vanilla,Vanilla,42,210.0,1.719864010810852,5.5837690804135915
vanilla,Vanilla,43,249.0,1.496343731880188,4.4653327332655355
vanilla,Vanilla,44,249.0,1.7654170989990234,5.844009380273701
vanilla,Vanilla,45,249.0,2.0553393363952637,7.809487466384378
vanilla,Vanilla,46,249.0,1.508362889289856,4.5193260976568395
vanilla,Vanilla,47,84.0,3.1128032207489014,22.483983712800292
vanilla,Vanilla,48,249.0,1.2622274160385132,3.533282819707474
vanilla,Vanilla,49,250.0,1.2533584833145142,3.50208492260655
vanilla,Vanilla,50,163.0,1.2112889289855957,3.3578098429532846
vanilla,Vanilla,51,249.0,1.8272494077682495,6.216763338739264
vanilla,Vanilla,52,249.0,1.841606855392456,6.306664020622185
vanilla,Vanilla,53,249.0,1.7113544940948486,5.536455497453149
vanilla,Vanilla,54,249.0,2.020782947540283,7.544229357752126
vanilla,Vanilla,55,250.0,1.9214887619018555,6.831120815173665
vanilla,Vanilla,56,249.0,1.6707814931869507,5.316320842699626
vanilla,Vanilla,57,249.0,1.8403431177139282,6.298699085527824
vanilla,Vanilla,58,249.0,1.9600175619125366,7.099451744012416
vanilla,Vanilla,59,249.0,1.7132809162139893,5.54713132756112
vanilla,Vanilla,60,248.0,1.8103989362716675,6.112885597651419
vanilla,Vanilla,61,249.0,1.4560569524765015,4.2890143550572235
vanilla,Vanilla,62,249.0,1.1081019639968872,3.028604535200058
vanilla,Vanilla,63,210.0,1.5334974527359009,4.634356955594353
vanilla,Vanilla,64,249.0,1.7762757539749146,5.907813246970267
vanilla,Vanilla,65,251.0,1.8405632972717285,6.300086082995834
vanilla,Vanilla,66,198.0,2.161322593688965,8.682613637762715
vanilla,Vanilla,67,249.0,1.8538367748260498,6.384267588915725
vanilla,Vanilla,68,249.0,1.621179461479187,5.059053758076555
vanilla,Vanilla,69,249.0,1.2587621212005615,3.521060142811991
vanilla,Vanilla,70,249.0,1.825352430343628,6.204981457545896
vanilla,Vanilla,71,250.0,2.08858060836792,8.0734476437514
vanilla,Vanilla,72,249.0,1.8347256183624268,6.263415343483905
vanilla,Vanilla,73,249.0,1.8063381910324097,6.088113058089544
vanilla,Vanilla,74,249.0,1.8144880533218384,6.137933078513735
vanilla,Vanilla,75,249.0,1.7487850189208984,5.747615188328861
vanilla,Vanilla,76,249.0,1.6677199602127075,5.300069640627072
vanilla,Vanilla,77,115.0,1.9708629846572876,7.17686734306053
vanilla,Vanilla,78,157.0,1.7644495964050293,5.838358020332497
vanilla,Vanilla,79,249.0,1.349616527557373,3.8559465978895777
vanilla,Vanilla,80,250.0,2.0469934940338135,7.744581937461357
vanilla,Vanilla,81,249.0,1.8995414972305298,6.68282964382408
vanilla,Vanilla,82,176.0,1.929755449295044,6.887825612991863
vanilla,Vanilla,83,249.0,1.8381198644638062,6.2847110375626745
vanilla,Vanilla,84,249.0,1.5681493282318115,4.79776089193922
vanilla,Vanilla,85,249.0,1.8029515743255615,6.067529826125179
vanilla,Vanilla,86,249.0,1.7851697206497192,5.960591497201346
vanilla,Vanilla,87,248.0,1.861411213874817,6.432808437414062
vanilla,Vanilla,88,249.0,1.6434357166290283,5.1729116749224255
vanilla,Vanilla,89,231.0,2.026808738708496,7.589826549996175
vanilla,Vanilla,90,249.0,1.9030282497406006,6.706171687174889
vanilla,Vanilla,91,249.0,1.6244748830795288,5.07575297347326
vanilla,Vanilla,92,67.0,1.5097355842590332,4.52553401366791
vanilla,Vanilla,93,249.0,1.8881477117538452,6.607119050663746
vanilla,Vanilla,94,249.0,1.7093586921691895,5.5254168480529895
vanilla,Vanilla,95,160.0,2.1366050243377686,8.470631171272917
vanilla,Vanilla,96,249.0,1.7693016529083252,5.866754899253149
vanilla,Vanilla,97,246.0,1.953452229499817,7.052994154996355
vanilla,Vanilla,98,249.0,1.6482235193252563,5.197737939590961
vanilla,Vanilla,99,249.0,1.607364535331726,4.989643854295811
vanilla,Vanilla,100,249.0,1.9669955968856812,7.149165216020881
vanilla,Vanilla,101,249.0,1.6265994310379028,5.086548117430284
vanilla,Vanilla,102,249.0,1.942692756652832,6.977514445006344
vanilla,Vanilla,103,159.0,1.7115422487258911,5.537495090203479
vanilla,Vanilla,104,250.0,1.393518328666687,4.029000493381204
vanilla,Vanilla,105,250.0,1.8683046102523804,6.477305527630036
vanilla,Vanilla,106,248.0,1.995194911956787,7.353636199836295
vanilla,Vanilla,107,249.0,2.0474255084991455,7.747928431701201
vanilla,Vanilla,108,249.0,2.008108377456665,7.449212912316298
vanilla,Vanilla,109,250.0,1.7789900302886963,5.923870466539947
vanilla,Vanilla,110,249.0,2.0148565769195557,7.499651680918344
vanilla,Vanilla,111,250.0,2.1664626598358154,8.727357741502212
vanilla,Vanilla,112,249.0,1.8361878395080566,6.2725805409828
vanilla,Vanilla,113,112.0,2.0384743213653564,7.678884746884076
vanilla,Vanilla,114,249.0,1.7329812049865723,5.657494944805461
vanilla,Vanilla,115,249.0,1.9154407978057861,6.789931124186213
vanilla,Vanilla,116,56.0,3.5403170585632324,34.47784895533124
vanilla,Vanilla,117,249.0,1.8471226692199707,6.341546519478081
vanilla,Vanilla,118,249.0,2.0955419540405273,8.12984577927172
vanilla,Vanilla,119,249.0,1.0590323209762573,2.883579259573885
vanilla,Vanilla,120,249.0,1.7563107013702393,5.7910330848105716
vanilla,Vanilla,121,249.0,0.8667073249816895,2.379064456692387
vanilla,Vanilla,122,148.0,1.963199257850647,7.12207601347647
vanilla,Vanilla,123,249.0,1.6660418510437012,5.291183003625715
vanilla,Vanilla,124,246.0,2.056365966796875,7.817509040529773
vanilla,Vanilla,125,249.0,2.1433491706848145,8.527951418350964
vanilla,Vanilla,126,249.0,1.7357670068740845,5.673277578339424
vanilla,Vanilla,127,191.0,2.059053421020508,7.838546494154072
vanilla,Vanilla,128,249.0,1.8480461835861206,6.347405733910345
vanilla,Vanilla,129,69.0,2.9154305458068848,18.456757171739692
vanilla,Vanilla,130,249.0,1.5077533721923828,4.516572330450614
vanilla,Vanilla,131,249.0,1.6651432514190674,5.286430484190676
vanilla,Vanilla,132,249.0,1.628295660018921,5.095183389389245
vanilla,Vanilla,133,116.0,2.788491725921631,16.256482071115254
vanilla,Vanilla,134,249.0,2.1714417934417725,8.77092078483026
vanilla,Vanilla,135,249.0,1.7316038608551025,5.649707991232854
vanilla,Vanilla,136,249.0,2.0135645866394043,7.489968460502373
vanilla,Vanilla,137,250.0,1.475348949432373,4.37256130953369
vanilla,Vanilla,138,250.0,1.6426892280578613,5.169051596408938
vanilla,Vanilla,139,249.0,1.629597783088684,5.101822266604801
vanilla,Vanilla,140,249.0,1.3644951581954956,3.913746730208117
vanilla,Vanilla,141,249.0,1.4821208715438843,4.40227244134158
vanilla,Vanilla,142,249.0,1.9917075634002686,7.328036171305675
vanilla,Vanilla,143,250.0,1.8534762859344482,6.381966546144008
vanilla,Vanilla,144,116.0,1.8136253356933594,6.132640058963405
vanilla,Vanilla,145,249.0,1.8405250310897827,6.299845007368059
vanilla,Vanilla,146,171.0,1.7793514728546143,5.926011992477539
vanilla,Vanilla,147,225.0,1.9755522012710571,7.210600257299333
vanilla,Vanilla,148,251.0,1.807662844657898,6.096183042911612
vanilla,Vanilla,149,250.0,1.6976171731948853,5.460919450979857
vanilla,Vanilla,150,170.0,2.0580012798309326,7.83030357363968
vanilla,Vanilla,151,250.0,1.3916584253311157,4.021513906246897
vanilla,Vanilla,152,238.0,1.64907968044281,5.202189946259626
vanilla,Vanilla,153,59.0,2.3309624195098877,10.287837986002152
vanilla,Vanilla,154,249.0,1.9622224569320679,7.115122559707211
vanilla,Vanilla,155,249.0,1.4700424671173096,4.349419844463566
vanilla,Vanilla,156,249.0,1.5827523469924927,4.8683367402959306
vanilla,Vanilla,157,250.0,1.8871592283248901,6.600591249812043
vanilla,Vanilla,158,169.0,1.9037107229232788,6.7107500316307735
vanilla,Vanilla,159,249.0,2.2494068145751953,9.482109518635813
vanilla,Vanilla,160,86.0,1.874018669128418,6.514423178000441
vanilla,Vanilla,161,248.0,1.8407610654830933,6.301332162965354
vanilla,Vanilla,162,249.0,1.909306287765503,6.748405722752388
vanilla,Vanilla,163,249.0,1.5924128293991089,4.915595123583702
vanilla,Vanilla,164,249.0,1.2721704244613647,3.5685895170608117
vanilla,Vanilla,165,109.0,2.7671492099761963,15.913204081525947
vanilla,Vanilla,166,249.0,1.785390853881836,5.961909727811375
vanilla,Vanilla,167,249.0,1.7399564981460571,5.697095583061336
vanilla,Vanilla,168,250.0,1.9203234910964966,6.823165345558305
vanilla,Vanilla,169,126.0,1.8737213611602783,6.512486675964794
vanilla,Vanilla,170,249.0,1.3661060333251953,3.920056368134743
vanilla,Vanilla,171,103.0,2.6707751750946045,14.451167036872187
vanilla,Vanilla,172,78.0,2.6251437664031982,13.80655896271419
vanilla,Vanilla,173,249.0,1.9287397861480713,6.880833453794256
vanilla,Vanilla,174,249.0,1.569942831993103,4.806373415132434
vanilla,Vanilla,175,248.0,1.5522246360778809,4.721963156335289
vanilla,Vanilla,176,81.0,2.4238393306732178,11.289118878241613
vanilla,Vanilla,177,249.0,1.5434609651565552,4.680762224526799
vanilla,Vanilla,178,249.0,1.8679591417312622,6.475068208952415
vanilla,Vanilla,179,249.0,1.8510781526565552,6.3666800766130365
vanilla,Vanilla,180,249.0,1.6997891664505005,5.47279342162091
vanilla,Vanilla,181,233.0,1.7919175624847412,6.0009486345245024
vanilla,Vanilla,182,136.0,1.5853153467178345,4.880830289666841
vanilla,Vanilla,183,248.0,1.2977490425109863,3.661046525648772
vanilla,Vanilla,184,250.0,1.9127962589263916,6.771998609407207
vanilla,Vanilla,185,249.0,1.849642276763916,6.357544874252837
vanilla,Vanilla,186,250.0,1.522556185722351,4.583927602296354
vanilla,Vanilla,187,249.0,2.0747058391571045,7.962203945889814
vanilla,Vanilla,188,241.0,1.5389100313186646,4.659508783515667
vanilla,Vanilla,189,153.0,1.4011839628219604,4.060004016187762
vanilla,Vanilla,190,249.0,1.6687982082366943,5.305787512332029
vanilla,Vanilla,191,66.0,2.401120662689209,11.035536567634573
vanilla,Vanilla,192,249.0,1.6333078145980835,5.120785343023604
vanilla,Vanilla,193,249.0,2.317948818206787,10.154823539869591
vanilla,Vanilla,194,69.0,3.350139617919922,28.506713413967862
vanilla,Vanilla,195,249.0,1.7840855121612549,5.954132475399663
vanilla,Vanilla,196,231.0,1.4347819089889526,4.198729203829962
vanilla,Vanilla,197,250.0,2.065849781036377,7.892001522177602
vanilla,Vanilla,198,125.0,2.0933969020843506,8.112425528031054
vanilla,Vanilla,199,249.0,1.721034288406372,5.590307465383457
vanilla,Vanilla,200,249.0,1.8282825946807861,6.223189736522561
vanilla,Vanilla,201,110.0,2.0630877017974854,7.870233265284426
vanilla,Vanilla,202,249.0,1.21747624874115,3.3786500922877583
vanilla,Vanilla,203,162.0,1.4087369441986084,4.090785249619943
vanilla,Vanilla,204,226.0,1.448547124862671,4.256925239293378
vanilla,Vanilla,205,249.0,1.8099852800369263,6.110357487332037
vanilla,Vanilla,206,249.0,1.729832410812378,5.639708675029811
vanilla,Vanilla,207,225.0,2.1214635372161865,8.343339344211683
vanilla,Vanilla,209,248.0,1.8130347728729248,6.129019418966387
vanilla,Vanilla,210,178.0,2.0022592544555664,7.405768728777553
vanilla,Vanilla,211,249.0,2.0797011852264404,8.002077418055261
vanilla,Vanilla,212,231.0,1.7823164463043213,5.943608534446723
vanilla,Vanilla,213,249.0,1.669335961341858,5.308641483339234
vanilla,Vanilla,214,249.0,1.924464464187622,6.851478471137498
vanilla,Vanilla,215,249.0,1.2798255681991577,3.5960124119382835
vanilla,Vanilla,216,250.0,1.7895586490631104,5.986809599184476
vanilla,Vanilla,217,249.0,2.0106325149536133,7.46803950040372
vanilla,Vanilla,218,249.0,1.6994174718856812,5.470759592056827
vanilla,Vanilla,219,249.0,1.6699364185333252,5.311830052498665
vanilla,Vanilla,220,250.0,2.1198809146881104,8.330145430652458
vanilla,Vanilla,221,249.0,2.101011037826538,8.174430394373324
vanilla,Vanilla,222,132.0,1.6882696151733398,5.410111026863138
vanilla,Vanilla,223,249.0,2.010990858078003,7.470716100553348
vanilla,Vanilla,224,250.0,1.7464953660964966,5.73447019945251
vanilla,Vanilla,225,250.0,1.813779354095459,6.1335846711279
vanilla,Vanilla,226,166.0,2.0720114707946777,7.940779710834364
vanilla,Vanilla,227,249.0,1.7087064981460571,5.521814379091432
vanilla,Vanilla,228,249.0,1.7133545875549316,5.547540007218209
vanilla,Vanilla,229,250.0,1.959873914718628,7.098432000934468
vanilla,Vanilla,230,163.0,1.720984697341919,5.590030242959563
vanilla,Vanilla,231,249.0,2.043797731399536,7.719871597109055
vanilla,Vanilla,232,249.0,2.029517889022827,7.610416408897911
vanilla,Vanilla,233,251.0,2.4576916694641113,11.677824126005465
vanilla,Vanilla,234,249.0,1.5584664344787598,4.751528874048198
vanilla,Vanilla,235,155.0,1.3993045091629028,4.052380592963134
vanilla,Vanilla,236,250.0,1.722784399986267,5.600099693460297
vanilla,Vanilla,237,250.0,1.6346642971038818,5.127736312125515
vanilla,Vanilla,238,249.0,1.1014400720596313,3.008495356026912
vanilla,Vanilla,239,249.0,2.044022560119629,7.721607441085991
vanilla,Vanilla,240,249.0,1.7929481267929077,6.007136185789498
vanilla,Vanilla,241,249.0,1.333125114440918,3.7928780635876866
vanilla,Vanilla,242,249.0,1.1627804040908813,3.19881492120617
vanilla,Vanilla,243,54.0,3.5781540870666504,35.80738249411343
vanilla,Vanilla,244,249.0,1.101806402206421,3.0095976604636467
vanilla,Vanilla,245,249.0,1.215775728225708,3.372909510862935
vanilla,Vanilla,246,249.0,1.452865481376648,4.275347909329439
vanilla,Vanilla,247,249.0,1.7615798711776733,5.821627554436967
vanilla,Vanilla,248,250.0,1.6933114528656006,5.437456807122767
vanilla,Vanilla,249,249.0,1.3959027528762817,4.038618802205242
vanilla,Vanilla,250,99.0,2.55125093460083,12.823134656618167
vanilla,Vanilla,251,247.0,1.7313482761383057,5.648264196729694
vanilla,Vanilla,252,249.0,2.367887258529663,10.674815317852415
vanilla,Vanilla,253,249.0,1.7889772653579712,5.9833299772335025
vanilla,Vanilla,254,249.0,1.6213148832321167,5.059738910395856
vanilla,Vanilla,255,249.0,1.1304608583450317,3.097083488050536
vanilla,Vanilla,256,249.0,1.9741666316986084,7.200616387254259
vanilla,Vanilla,257,249.0,1.8822288513183594,6.568127940423032
vanilla,Vanilla,258,249.0,1.7155346870422363,5.559647389197006
vanilla,Vanilla,259,183.0,1.2702909708023071,3.561888817235132
vanilla,Vanilla,260,249.0,1.6696264743804932,5.310183936948178
vanilla,Vanilla,261,249.0,1.9162755012512207,6.795601069121918
vanilla,Vanilla,262,229.0,1.525397539138794,4.596970681874181
vanilla,Vanilla,263,248.0,1.736140489578247,5.675396845120956
vanilla,Vanilla,264,248.0,1.8482180833816528,6.348496945444997
vanilla,Vanilla,265,249.0,1.506534457206726,4.511070366647503
vanilla,Vanilla,266,249.0,1.9486430883407593,7.019156740178625
vanilla,Vanilla,267,249.0,1.668387532234192,5.303609000088305
vanilla,Vanilla,268,249.0,1.6399871110916138,5.155103068155319
vanilla,Vanilla,269,251.0,2.0538077354431152,7.797535603024115
vanilla,Vanilla,270,249.0,1.5947250127792358,4.926974030922617
vanilla,Vanilla,271,249.0,1.6039178371429443,4.972475661645918
vanilla,Vanilla,272,249.0,1.891343593597412,6.628268399885618
vanilla,Vanilla,273,250.0,1.4308366775512695,4.182196878744619
vanilla,Vanilla,274,249.0,1.9590092897415161,7.092297171873536
vanilla,Vanilla,275,249.0,1.928369402885437,6.878285380161039
vanilla,Vanilla,276,249.0,1.69978928565979,5.472794074028764
vanilla,Vanilla,277,250.0,1.4894108772277832,4.434482294821436
vanilla,Vanilla,278,248.0,1.558002233505249,4.74932372157576
vanilla,Vanilla,279,249.0,2.083258867263794,8.030596966808917
vanilla,Vanilla,280,250.0,1.6976712942123413,5.461215009494681
vanilla,Vanilla,281,249.0,1.4673000574111938,4.337508293907443
vanilla,Vanilla,282,249.0,1.936843991279602,6.936823711401881
vanilla,Vanilla,283,251.0,1.1962194442749023,3.307588732378892
vanilla,Vanilla,284,250.0,1.8303203582763672,6.235884055633975
vanilla,Vanilla,285,249.0,1.4634926319122314,4.321024953684736
vanilla,Vanilla,286,249.0,2.0359034538269043,7.659168705880898
vanilla,Vanilla,287,249.0,1.5168430805206299,4.557813808122575
vanilla,Vanilla,288,249.0,2.0858399868011475,8.05135167120043
vanilla,Vanilla,289,249.0,1.4452307224273682,4.242830946154962
vanilla,Vanilla,290,249.0,1.9536736011505127,7.054555660784975
vanilla,Vanilla,291,249.0,1.5688787698745728,4.801261855244789
vanilla,Vanilla,292,250.0,1.860877513885498,6.429376163603441
vanilla,Vanilla,293,248.0,2.168966054916382,8.749233135891581
vanilla,Vanilla,294,249.0,2.227818489074707,9.279600432929113
vanilla,Vanilla,295,249.0,1.327108383178711,3.770125851180397
vanilla,Vanilla,296,249.0,2.1007351875305176,8.172175786310685
vanilla,Vanilla,297,249.0,1.5162326097488403,4.555032245127297
vanilla,Vanilla,298,248.0,2.165715217590332,8.720836982883577
vanilla,Vanilla,299,251.0,2.079174280166626,7.997862193583734
vanilla,Vanilla,300,249.0,1.8905808925628662,6.623214940104251
vanilla,Vanilla,301,249.0,2.1605186462402344,8.675636077851886
vanilla,Vanilla,302,249.0,1.1495542526245117,3.1567854671941906
vanilla,Vanilla,303,57.0,1.65715491771698,5.244368937898194
vanilla,Vanilla,304,249.0,1.48419189453125,4.411399096258188
vanilla,Vanilla,305,248.0,1.3076504468917847,3.6974760820183143
vanilla,Vanilla,306,160.0,1.0322599411010742,2.8074032368863
vanilla,Vanilla,307,249.0,1.6817924976348877,5.375182342556584
vanilla,Vanilla,308,249.0,1.716680645942688,5.56602216852596
vanilla,Vanilla,309,249.0,1.7701354026794434,5.871648344478557
vanilla,Vanilla,310,251.0,1.7658385038375854,5.846472593071595
vanilla,Vanilla,311,249.0,2.1490671634674072,8.576853861679892
vanilla,Vanilla,312,249.0,0.6412367224693298,1.8988277507362332
vanilla,Vanilla,313,249.0,1.5787982940673828,4.8491250861466195
vanilla,Vanilla,314,119.0,1.6592172384262085,5.255195668824034
vanilla,Vanilla,315,249.0,1.38870370388031,4.009648990236419
vanilla,Vanilla,316,249.0,1.5946695804595947,4.926700924892792
vanilla,Vanilla,317,249.0,1.8703120946884155,6.4903216781527435
vanilla,Vanilla,318,249.0,1.6694108247756958,5.309038921346292
vanilla,Vanilla,319,132.0,2.373706340789795,10.737114031172444
vanilla,Vanilla,320,136.0,2.1798391342163086,8.844883305187135
vanilla,Vanilla,321,249.0,1.9250234365463257,6.85530932879114
vanilla,Vanilla,322,251.0,2.0693118572235107,7.919371583997932
vanilla,Vanilla,323,77.0,1.5104115009307861,4.528593931564596
vanilla,Vanilla,324,249.0,1.7210440635681152,5.590362111810214
vanilla,Vanilla,325,249.0,1.673495888710022,5.330771043101546
vanilla,Vanilla,326,249.0,1.8979928493499756,6.672488303474286
vanilla,Vanilla,327,249.0,1.9253212213516235,6.85735103972503
vanilla,Vanilla,328,249.0,1.6529929637908936,5.222587474172778
vanilla,Vanilla,329,249.0,1.6344852447509766,5.1268182610658055
vanilla,Vanilla,330,249.0,1.7331150770187378,5.658252375848974
vanilla,Vanilla,331,117.0,1.7136629819869995,5.549251101500523
vanilla,Vanilla,332,249.0,0.9629577398300171,2.619432627231802
vanilla,Vanilla,333,180.0,1.9785617589950562,7.2323336625631205
vanilla,Vanilla,334,249.0,2.1891579627990723,8.92769249962115
vanilla,Vanilla,335,249.0,1.542686104774475,4.67713669214318
vanilla,Vanilla,336,251.0,1.6145641803741455,5.025697148661109
vanilla,Vanilla,337,248.0,1.9579648971557617,7.08489389592745
vanilla,Vanilla,338,249.0,1.6494457721710205,5.204094773617027
vanilla,Vanilla,339,250.0,1.9547001123428345,7.061800959181363
vanilla,Vanilla,340,212.0,1.6347755193710327,5.128306662300734
vanilla,Vanilla,341,249.0,1.439661979675293,4.219269377122418
vanilla,Vanilla,342,250.0,1.4676063060760498,4.338836853455664
vanilla,Vanilla,343,249.0,1.6160849332809448,5.033345806593941
vanilla,Vanilla,344,249.0,1.564231038093567,4.7789986546999605
vanilla,Vanilla,345,77.0,1.8103529214859009,6.11260432100172
vanilla,Vanilla,346,249.0,2.0270793437957764,7.5918806735877915
vanilla,Vanilla,347,249.0,2.4264326095581055,11.318432704893201
vanilla,Vanilla,348,250.0,1.8425875902175903,6.312852219652773
vanilla,Vanilla,349,250.0,1.929910659790039,6.888894758783873
vanilla,Vanilla,350,97.0,1.1187307834625244,3.060966707212256
vanilla,Vanilla,351,249.0,1.7342631816864014,5.6647523724367215
vanilla,Vanilla,352,71.0,2.337254047393799,10.352769281926326
vanilla,Vanilla,353,249.0,1.8938117027282715,6.6446478945205705
vanilla,Vanilla,354,249.0,1.7254139184951782,5.614844636810729
vanilla,Vanilla,355,236.0,1.7760711908340454,5.906604849737779
vanilla,Vanilla,356,222.0,1.8268988132476807,6.2145841576038325
vanilla,Vanilla,357,249.0,2.0279247760772705,7.598301808521411
vanilla,Vanilla,358,249.0,1.6696993112564087,5.310570728242846
vanilla,Vanilla,359,214.0,1.7174856662750244,5.570504733577782
vanilla,Vanilla,360,134.0,2.384462833404541,10.853231105598583
vanilla,Vanilla,361,251.0,1.3229176998138428,3.75435950644551
vanilla,Vanilla,362,249.0,1.6797256469726562,5.364084116511031
vanilla,Vanilla,363,249.0,2.394780397415161,10.965789678888557
vanilla,Vanilla,364,249.0,1.7947033643722534,6.017689395953161
vanilla,Vanilla,365,249.0,1.7198481559753418,5.583680551375103
vanilla,Vanilla,366,250.0,2.1723568439483643,8.778950293480404
vanilla,Vanilla,367,249.0,1.5938221216201782,4.9225275172901855
vanilla,Vanilla,368,248.0,2.078582763671875,7.993132725090697
vanilla,Vanilla,369,249.0,1.568722128868103,4.800509839655236
vanilla,Vanilla,370,110.0,2.3943634033203125,10.961217962602701
vanilla,Vanilla,371,249.0,1.3171741962432861,3.7328581349240784
vanilla,Vanilla,372,63.0,3.356442928314209,28.686967579096454
vanilla,Vanilla,373,249.0,1.93804931640625,6.945189880284274
vanilla,Vanilla,374,250.0,2.127824306488037,8.396578542362812
vanilla,Vanilla,375,249.0,1.6649951934814453,5.28564784413527
vanilla,Vanilla,376,249.0,1.3890032768249512,4.010850352530237
vanilla,Vanilla,377,249.0,1.3827520608901978,3.9858558652570215
vanilla,Vanilla,378,249.0,1.8341310024261475,6.259692123957666
vanilla,Vanilla,379,155.0,1.875217318534851,6.522236369179016
vanilla,Vanilla,380,249.0,1.544326901435852,4.684817221783012
vanilla,Vanilla,381,250.0,1.7232836484909058,5.602896232884061
vanilla,Vanilla,382,227.0,2.222625732421875,9.231538620690756
vanilla,Vanilla,383,229.0,2.009125232696533,7.456791536027675
vanilla,Vanilla,384,249.0,1.429742455482483,4.177623129428959
vanilla,Vanilla,385,182.0,1.6413999795913696,5.162391698619043
vanilla,Vanilla,386,250.0,1.8962409496307373,6.660809006554435
vanilla,Vanilla,387,249.0,1.4937769174575806,4.453885750229529
vanilla,Vanilla,388,51.0,2.893254280090332,18.05196025180668
vanilla,Vanilla,389,111.0,2.959906578063965,19.296168985830235
vanilla,Vanilla,390,194.0,2.0622382164001465,7.863550455928271
vanilla,Vanilla,391,249.0,1.9880903959274292,7.301577319125518
vanilla,Vanilla,392,115.0,2.266245126724243,9.643124040596765
vanilla,Vanilla,393,250.0,1.6173871755599976,5.039904712023455
vanilla,Vanilla,394,249.0,1.7535781860351562,5.775230598201471
vanilla,Vanilla,395,249.0,1.550148606300354,4.712170388770041
vanilla,Vanilla,396,249.0,1.9517650604248047,7.041104594041925
vanilla,Vanilla,397,249.0,1.716363787651062,5.564258807633001
vanilla,Vanilla,398,133.0,1.7976709604263306,6.035573991261242
vanilla,Vanilla,399,249.0,1.392133116722107,4.023423337436363
vanilla,Vanilla,400,200.0,1.8625671863555908,6.440248886590511
vanilla,Vanilla,401,249.0,1.9406601190567017,6.963346091260314
vanilla,Vanilla,402,81.0,2.3037984371185303,10.012140805242721
vanilla,Vanilla,403,250.0,1.7837880849838257,5.952361817917347
vanilla,Vanilla,404,250.0,1.9251294136047363,6.856035872806119
vanilla,Vanilla,405,249.0,1.3641830682754517,3.9125254798838847
vanilla,Vanilla,406,250.0,1.756941318511963,5.794686161267396
vanilla,Vanilla,407,251.0,0.48124003410339355,1.6180796325853188
vanilla,Vanilla,408,72.0,2.3385140895843506,10.365822430042227
vanilla,Vanilla,409,249.0,1.6986274719238281,5.4664393988887
vanilla,Vanilla,410,249.0,1.6571930646896362,5.244568998512497
vanilla,Vanilla,411,249.0,1.6130788326263428,5.0182377819684065
vanilla,Vanilla,412,249.0,1.568138837814331,4.7977105616884845
vanilla,Vanilla,413,233.0,1.6171718835830688,5.038819777767483
vanilla,Vanilla,414,249.0,1.9722349643707275,7.186720617161757
vanilla,Vanilla,415,248.0,2.3675384521484375,10.67109252345611
vanilla,Vanilla,416,249.0,1.8172093629837036,6.154659043046574
vanilla,Vanilla,417,250.0,2.1747183799743652,8.799706599605033
vanilla,Vanilla,418,230.0,1.661072850227356,5.264956325118211
vanilla,Vanilla,419,249.0,1.8406639099121094,6.300719983179921
vanilla,Vanilla,420,251.0,1.935397982597351,6.926800252838542
vanilla,Vanilla,421,249.0,1.8288246393203735,6.226563897550713
vanilla,Vanilla,422,247.0,1.747604489326477,5.740833962008426
vanilla,Vanilla,423,250.0,1.1556826829910278,3.1761910091326455
vanilla,Vanilla,424,249.0,1.840180516242981,6.297674991053353
vanilla,Vanilla,425,250.0,1.8880934715270996,6.606760688747206
vanilla,Vanilla,426,249.0,1.4045250415802002,4.073591495143742
vanilla,Vanilla,427,249.0,1.5664942264556885,4.789826677143282
vanilla,Vanilla,428,249.0,0.7623241543769836,2.1432516841670592
vanilla,Vanilla,429,193.0,1.3256022930145264,3.7644519754749
vanilla,Vanilla,430,249.0,1.7346808910369873,5.667119086736377
vanilla,Vanilla,431,138.0,1.7421458959579468,5.709582456043262
vanilla,Vanilla,432,251.0,1.3503289222717285,3.858694532555601
vanilla,Vanilla,433,250.0,1.977020025253296,7.221191920730481
vanilla,Vanilla,434,251.0,2.1654052734375,8.718134429294908
vanilla,Vanilla,435,77.0,2.9238264560699463,18.61237079358685
vanilla,Vanilla,436,248.0,1.4029172658920288,4.067047335954021
vanilla,Vanilla,437,250.0,1.787868618965149,5.976700255724643
vanilla,Vanilla,438,249.0,2.042612314224243,7.71072575061953
vanilla,Vanilla,439,250.0,1.5700441598892212,4.806860459513722
vanilla,Vanilla,440,249.0,1.90239679813385,6.701938400986222
vanilla,Vanilla,441,249.0,1.773807406425476,5.8932486932047015
vanilla,Vanilla,442,249.0,1.7439669370651245,5.719989313181934
vanilla,Vanilla,443,68.0,2.6766107082366943,14.535743836405267
vanilla,Vanilla,444,250.0,0.895031213760376,2.4474121812074334
vanilla,Vanilla,445,249.0,1.2670515775680542,3.5503691271760878
vanilla,Vanilla,446,249.0,1.8741235733032227,6.515106604034752
vanilla,Vanilla,447,250.0,1.8554288148880005,6.394439693734174
vanilla,Vanilla,448,90.0,1.9867767095565796,7.2919916341860676
vanilla,Vanilla,449,151.0,1.9285365343093872,6.879435053861586
vanilla,Vanilla,450,249.0,1.806736707687378,6.090539756048182
vanilla,Vanilla,451,249.0,1.6417876482009888,5.164393383801342
vanilla,Vanilla,452,250.0,1.8032699823379517,6.069462083844079
vanilla,Vanilla,453,250.0,1.5001299381256104,4.482271450451304
vanilla,Vanilla,454,249.0,1.4817982912063599,4.400852583832947
vanilla,Vanilla,455,249.0,1.8178973197937012,6.158894639435088
vanilla,Vanilla,456,249.0,2.0992069244384766,8.159696090233206
vanilla,Vanilla,457,249.0,1.5534131526947021,4.727578624388136
vanilla,Vanilla,458,249.0,1.821594476699829,6.181707184078552
vanilla,Vanilla,459,249.0,1.7204294204711914,5.58692709009322
vanilla,Vanilla,460,249.0,1.9903241395950317,7.317905400810929
vanilla,Vanilla,461,248.0,1.8391720056533813,6.291326920721144
vanilla,Vanilla,462,127.0,1.8198121786117554,6.170699351716568
vanilla,Vanilla,463,249.0,1.9129266738891602,6.772881836945513
vanilla,Vanilla,464,248.0,2.033128261566162,7.637942507178935
vanilla,Vanilla,465,249.0,1.6259852647781372,5.083425090324989
vanilla,Vanilla,466,249.0,1.4417917728424072,4.228265124352113
vanilla,Vanilla,467,250.0,2.3833086490631104,10.840711702441917
vanilla,Vanilla,468,249.0,1.6273722648620605,5.090480693281722
vanilla,Vanilla,469,249.0,1.854499340057373,6.388498984280534
vanilla,Vanilla,470,246.0,0.609366774559021,1.839266359702674
vanilla,Vanilla,471,250.0,1.4681257009506226,4.34109100842655
vanilla,Vanilla,472,243.0,1.2988150119781494,3.6649511702091835
vanilla,Vanilla,473,249.0,2.106220245361328,8.217123801642304
vanilla,Vanilla,474,249.0,1.5717353820800781,4.814996806837457
vanilla,Vanilla,475,115.0,1.5493652820587158,4.708480676782876
vanilla,Vanilla,476,249.0,1.7390854358673096,5.69213521870729
vanilla,Vanilla,477,249.0,1.5615944862365723,4.766415172713143
vanilla,Vanilla,478,249.0,2.2701339721679688,9.680697671253984
vanilla,Vanilla,479,249.0,1.4064034223556519,4.08125044205265
vanilla,Vanilla,480,250.0,1.7116211652755737,5.537932107453603
vanilla,Vanilla,481,85.0,2.4913158416748047,12.077157296480522
vanilla,Vanilla,482,212.0,1.7620528936386108,5.824381966427438
vanilla,Vanilla,483,250.0,1.5231667757034302,4.58672735722848
vanilla,Vanilla,484,249.0,1.2326339483261108,3.430252756230868
vanilla,Vanilla,485,89.0,2.4946322441101074,12.117276499290055
vanilla,Vanilla,486,196.0,1.5238053798675537,4.589657395886373
vanilla,Vanilla,487,250.0,1.2018519639968872,3.3262713568791136
vanilla,Vanilla,488,180.0,2.0941617488861084,8.118632664202197
vanilla,Vanilla,489,249.0,2.2050743103027344,9.070925606039976
vanilla,Vanilla,490,249.0,1.7463959455490112,5.733900103625831
vanilla,Vanilla,491,249.0,1.6022926568984985,4.9644010555569995
vanilla,Vanilla,492,247.0,1.9687831401824951,7.161956087092616
vanilla,Vanilla,493,249.0,1.759657859802246,5.810449066085954
vanilla,Vanilla,494,199.0,1.6330115795135498,5.119268611410285
vanilla,Vanilla,495,249.0,1.8726186752319336,6.505309406412992
vanilla,Vanilla,496,249.0,1.6979254484176636,5.462603176652301
vanilla,Vanilla,497,249.0,0.9954622983932495,2.705975020067731
vanilla,Vanilla,498,249.0,1.8092783689498901,6.106039534262753
vanilla,Vanilla,499,250.0,1.3535890579223633,3.871294928505862
kgw,KGW,0,249.0,2.1072816848754883,8.225850412103375
kgw,KGW,1,249.0,1.883112907409668,6.573937101370969
kgw,KGW,2,249.0,2.356062412261963,10.549330648420431
kgw,KGW,3,249.0,2.1736247539520264,8.790088271864153
kgw,KGW,4,250.0,2.1914262771606445,8.947966297714618
kgw,KGW,5,249.0,2.170560121536255,8.763191118404336
kgw,KGW,6,249.0,2.063781499862671,7.875695512525616
kgw,KGW,7,249.0,2.128648281097412,8.403499961032365
kgw,KGW,8,250.0,1.972757339477539,7.190475761823427
kgw,KGW,9,249.0,1.5828266143798828,4.868698312372909
kgw,KGW,10,249.0,2.318613290786743,10.161573383960935
kgw,KGW,11,249.0,1.748132586479187,5.74386648073972
kgw,KGW,12,249.0,1.8918004035949707,6.631296950840699
kgw,KGW,13,249.0,1.3171467781066895,3.732755788312922
kgw,KGW,14,248.0,2.200517177581787,9.029682241271598
kgw,KGW,15,249.0,2.1848607063293457,8.889410228547282
kgw,KGW,16,249.0,2.1069023609161377,8.222730741676305
kgw,KGW,17,249.0,1.634908676147461,5.128989576550742
kgw,KGW,18,249.0,2.405170202255249,11.080316016478635
kgw,KGW,19,249.0,1.955207347869873,7.065383864124253
kgw,KGW,20,249.0,1.692489504814148,5.432989336361256
kgw,KGW,21,249.0,2.3579657077789307,10.569428261932408
kgw,KGW,22,249.0,1.9446449279785156,6.991149052845565
kgw,KGW,23,249.0,2.386122703552246,10.87126101943516
kgw,KGW,24,249.0,1.6260241270065308,5.0836226473906
kgw,KGW,25,250.0,1.6881556510925293,5.409494503664296
kgw,KGW,26,250.0,2.1350414752960205,8.457397272642893
kgw,KGW,27,249.0,1.7436572313308716,5.718218073987401
kgw,KGW,28,129.0,2.146169900894165,8.552040426865544
kgw,KGW,29,249.0,1.6017460823059082,4.961688381479501
kgw,KGW,30,249.0,2.365307569503784,10.647313102756701
kgw,KGW,31,249.0,1.938069224357605,6.945328146162852
kgw,KGW,32,141.0,1.7817034721374512,5.939966372346799
kgw,KGW,33,249.0,2.103139638900757,8.191849027775898
kgw,KGW,34,249.0,2.0000855922698975,7.389688572081577
kgw,KGW,35,249.0,1.6575278043746948,5.2463248577488155
kgw,KGW,36,249.0,1.6326066255569458,5.117195963023082
kgw,KGW,37,249.0,1.6922922134399414,5.431917560158613
kgw,KGW,38,249.0,2.140162706375122,8.500820654083752
kgw,KGW,39,249.0,1.083756685256958,2.955762590031738
kgw,KGW,40,52.0,2.7675693035125732,15.919890520070116
kgw,KGW,41,105.0,1.7153387069702148,5.558557915862275
kgw,KGW,42,248.0,1.7700976133346558,5.871426462927202
kgw,KGW,43,249.0,2.0893044471740723,8.079293633977432
kgw,KGW,44,249.0,2.0299415588378906,7.6136413957269715
kgw,KGW,45,249.0,2.0293543338775635,7.609171787921493
kgw,KGW,46,249.0,1.3219064474105835,3.7505648203879955
kgw,KGW,47,249.0,2.1386525630950928,8.487992885220573
kgw,KGW,48,249.0,1.565598487854004,4.785538165472649
kgw,KGW,49,249.0,0.8005685806274414,2.2268066877589856
kgw,KGW,50,250.0,0.803667426109314,2.233717920492894
kgw,KGW,51,249.0,2.2483479976654053,9.472075014026048
kgw,KGW,52,249.0,2.193164110183716,8.963529888580277
kgw,KGW,53,249.0,1.756860375404358,5.794217140344169
kgw,KGW,54,249.0,2.1716599464416504,8.772834396233607
kgw,KGW,55,250.0,2.4049172401428223,11.07751347081663
kgw,KGW,56,249.0,1.8433831930160522,6.317876741041607
kgw,KGW,57,249.0,1.7174333333969116,5.570213220660454
kgw,KGW,58,249.0,1.486642599105835,4.4222233903597274
kgw,KGW,59,249.0,2.0706002712249756,7.929581589173976
kgw,KGW,60,248.0,1.8518801927566528,6.371788457628345
kgw,KGW,61,106.0,2.7751362323760986,16.04081212475993
kgw,KGW,62,249.0,1.2824549674987793,3.605480206306783
kgw,KGW,63,249.0,1.7023677825927734,5.486923865747137
kgw,KGW,64,248.0,2.1056504249572754,8.21244285061486
kgw,KGW,65,249.0,2.2733747959136963,9.71212199899198
kgw,KGW,66,250.0,2.282515525817871,9.80130486024789
kgw,KGW,67,249.0,2.4954419136047363,12.127091461330997
kgw,KGW,68,249.0,1.5976197719573975,4.9412570972639855
kgw,KGW,69,249.0,2.1998424530029297,9.023591747658068
kgw,KGW,70,249.0,1.8432308435440063,6.316914289172037
kgw,KGW,71,249.0,1.8371564149856567,6.278658951900748
kgw,KGW,72,249.0,2.216247320175171,9.172843451685774
kgw,KGW,73,249.0,1.9942306280136108,7.346548624291675
kgw,KGW,74,249.0,1.955174207687378,7.065149719893411
kgw,KGW,75,249.0,2.003044366836548,7.411585372557943
kgw,KGW,76,249.0,2.1435818672180176,8.529936073983627
kgw,KGW,77,249.0,1.9278287887573242,6.874567886862572
kgw,KGW,78,247.0,2.3427276611328125,10.409591712253663
kgw,KGW,79,236.0,1.7099506855010986,5.528688826382175
kgw,KGW,80,250.0,2.6013593673706055,13.48205264649522
kgw,KGW,81,249.0,2.1555848121643066,8.632937349777311
kgw,KGW,82,66.0,2.7792141437530518,16.1063586907295
kgw,KGW,83,249.0,2.0570731163024902,7.823039143257182
kgw,KGW,84,249.0,1.7424689531326294,5.71142727559518
kgw,KGW,85,249.0,1.3746061325073242,3.953519253506801
kgw,KGW,86,249.0,2.097719669342041,8.14756956049447
kgw,KGW,87,248.0,2.2332773208618164,9.330394723353447
kgw,KGW,88,249.0,1.3114135265350342,3.711416191414689
kgw,KGW,89,85.0,2.638651132583618,13.994314396372866
kgw,KGW,90,249.0,2.3676745891571045,10.67254535296115
kgw,KGW,91,249.0,1.7753708362579346,5.90246958024847
kgw,KGW,92,249.0,1.850432276725769,6.362569318855185
kgw,KGW,93,243.0,1.9912052154541016,7.324355871858411
kgw,KGW,94,250.0,2.2733466625213623,9.711848767896864
kgw,KGW,95,153.0,1.7345479726791382,5.666365872632732
kgw,KGW,96,249.0,1.97662353515625,7.218329357171596
kgw,KGW,97,247.0,2.2483935356140137,9.472506362712545
kgw,KGW,98,105.0,2.683311939239502,14.633478318579154
kgw,KGW,99,251.0,1.9557099342346191,7.068935722199013
kgw,KGW,100,249.0,1.8935816287994385,6.643119310124217
kgw,KGW,101,249.0,1.9662189483642578,7.143614982995567
kgw,KGW,102,249.0,2.1465470790863037,8.55526667841046
kgw,KGW,103,220.0,1.903532862663269,6.709556562023841
kgw,KGW,104,250.0,1.719409465789795,5.581231582726517
kgw,KGW,105,249.0,2.0538527965545654,7.797886976561542
kgw,KGW,106,247.0,2.158041000366211,8.654167530630255
kgw,KGW,107,249.0,1.9497549533843994,7.026965435497087
kgw,KGW,108,251.0,1.0574686527252197,2.879073821659456
kgw,KGW,109,250.0,1.424216389656067,4.1546009785647104
kgw,KGW,110,147.0,2.1531176567077637,8.611664803418469
kgw,KGW,111,249.0,2.2333171367645264,9.330766228837861
kgw,KGW,112,249.0,2.0728278160095215,7.947264775018842
kgw,KGW,113,249.0,2.3116729259490967,10.091292526857451
kgw,KGW,114,248.0,1.341400384902954,3.8243953827044685
kgw,KGW,115,249.0,1.5725116729736328,4.818736096211461
kgw,KGW,116,155.0,1.7828541994094849,5.946805587927673
kgw,KGW,117,249.0,1.312812089920044,3.716610473626331
kgw,KGW,118,85.0,2.623751401901245,13.787348577153411
kgw,KGW,119,111.0,1.748136281967163,5.743887707168456
kgw,KGW,120,249.0,2.037821054458618,7.673870023752953
kgw,KGW,121,176.0,2.5063223838806152,12.259760360689539
kgw,KGW,122,52.0,2.633592367172241,13.923699206182734
kgw,KGW,123,249.0,1.8242003917694092,6.197837195577328
kgw,KGW,124,246.0,2.2319259643554688,9.317794549318332
kgw,KGW,125,249.0,2.431006669998169,11.370322483193336
kgw,KGW,126,249.0,1.8240013122558594,6.196603455973587
kgw,KGW,127,249.0,2.0521740913391113,7.784807604301209
kgw,KGW,128,249.0,1.9219541549682617,6.834300711330247
kgw,KGW,129,194.0,2.5900611877441406,13.330587246803525
kgw,KGW,130,249.0,1.9566667079925537,7.075702330935186
kgw,KGW,131,249.0,1.721372127532959,5.592196409036486
kgw,KGW,132,249.0,2.0631301403045654,7.870567273321928
kgw,KGW,133,147.0,2.3787949085235596,10.791889810121129
kgw,KGW,134,250.0,2.4040350914001465,11.067745765154434
kgw,KGW,135,249.0,1.8688844442367554,6.481062378571805
kgw,KGW,136,249.0,2.5823311805725098,13.227938958912638
kgw,KGW,137,250.0,1.3137779235839844,3.7202018351872814
kgw,KGW,138,249.0,1.7411208152770996,5.703732672134346
kgw,KGW,139,249.0,1.947326898574829,7.0099242750826045
kgw,KGW,140,249.0,1.7566449642181396,5.792969135578681
kgw,KGW,141,249.0,2.0369534492492676,7.667215021519226
kgw,KGW,142,169.0,2.576446294784546,13.150322654472491
kgw,KGW,143,249.0,1.3022549152374268,3.677579956132644
kgw,KGW,144,250.0,1.5880141258239746,4.894020363014667
kgw,KGW,145,249.0,1.8688560724258423,6.480878501703955
kgw,KGW,146,249.0,1.8860455751419067,6.593244571942008
kgw,KGW,147,223.0,2.384209394454956,10.85048082263671
kgw,KGW,148,251.0,2.2212016582489014,9.21840158124366
kgw,KGW,149,250.0,2.014617681503296,7.497860262497572
kgw,KGW,150,249.0,1.9593387842178345,7.094634429651695
kgw,KGW,151,250.0,2.1542716026306152,8.621607934721903
kgw,KGW,152,249.0,2.153294801712036,8.613190451943382
kgw,KGW,153,249.0,2.2220115661621094,9.225870661856906
kgw,KGW,154,249.0,2.5553884506225586,12.876300493113213
kgw,KGW,155,249.0,1.6718796491622925,5.322162198972988
kgw,KGW,156,249.0,1.7770179510116577,5.912199636036928
kgw,KGW,157,250.0,2.1369242668151855,8.473335788244661
kgw,KGW,158,249.0,0.8574706315994263,2.357190942754091
kgw,KGW,159,249.0,2.383403778076172,10.84174301770028
kgw,KGW,160,186.0,1.834908127784729,6.264558580122438
kgw,KGW,161,248.0,2.2746469974517822,9.724485638390163
kgw,KGW,162,249.0,2.0893259048461914,8.07946699867118
kgw,KGW,163,250.0,1.9066742658615112,6.7306671255017365
kgw,KGW,164,249.0,1.685160756111145,5.393317871471947
kgw,KGW,165,116.0,2.7126615047454834,15.069329280979941
kgw,KGW,166,249.0,1.8966505527496338,6.6635378535318575
kgw,KGW,167,92.0,2.3961610794067383,10.98094040398147
kgw,KGW,168,249.0,2.2862260341644287,9.837740238824027
kgw,KGW,169,249.0,1.0058199167251587,2.7341481278222077
kgw,KGW,170,249.0,2.038888454437256,7.682065485592152
kgw,KGW,171,249.0,2.119072675704956,8.32341540248199
kgw,KGW,172,75.0,2.665872097015381,14.380485257296655
kgw,KGW,173,249.0,2.3011529445648193,9.985688766059427
kgw,KGW,174,94.0,2.147684335708618,8.56500174668234
kgw,KGW,175,248.0,1.5507093667984009,4.714813528799127
kgw,KGW,176,249.0,1.7247989177703857,5.611392564911658
kgw,KGW,177,249.0,1.9987331628799438,7.379701295139802
kgw,KGW,178,249.0,1.8245134353637695,6.199777692524515
kgw,KGW,179,248.0,2.0030364990234375,7.411527059818778
kgw,KGW,180,249.0,1.0574045181274414,2.8788891793389735
kgw,KGW,181,249.0,1.7302520275115967,5.6420756875528415
kgw,KGW,182,159.0,1.8762165307998657,6.528756724821582
kgw,KGW,183,248.0,1.9241952896118164,6.8496344755158916
kgw,KGW,184,249.0,2.064899206161499,7.884503148265666
kgw,KGW,185,249.0,2.3224146366119385,10.200274550176397
kgw,KGW,186,250.0,1.7533687353134155,5.774021098654157
kgw,KGW,187,249.0,2.1170167922973633,8.306321008922575
kgw,KGW,188,176.0,1.8406486511230469,6.300623842556253
kgw,KGW,189,249.0,1.9383928775787354,6.9475763877948635
kgw,KGW,190,229.0,2.0622804164886475,7.863882305455434
kgw,KGW,191,103.0,2.1604464054107666,8.67500936534285
kgw,KGW,192,249.0,2.246431589126587,9.453940031157096
kgw,KGW,193,250.0,2.0638341903686523,7.876110497839924
kgw,KGW,194,250.0,2.4298698902130127,11.357404274414183
kgw,KGW,195,249.0,1.978730320930481,7.233552861475298
kgw,KGW,196,249.0,1.7975716590881348,6.034974680443805
kgw,KGW,197,250.0,1.950480580329895,7.032066241379433
kgw,KGW,198,74.0,2.3090434074401855,10.064792143273255
kgw,KGW,199,249.0,1.9229662418365479,6.8412211187701235
kgw,KGW,200,249.0,2.3477108478546143,10.461594112678286
kgw,KGW,201,250.0,1.5190231800079346,4.567761134809967
kgw,KGW,202,197.0,2.436647415161133,11.434640805835441
kgw,KGW,203,249.0,2.233701467514038,9.334353018428724
kgw,KGW,204,249.0,1.5993387699127197,4.949758412889577
kgw,KGW,205,249.0,2.146899700164795,8.558283977723786
kgw,KGW,206,249.0,2.0454652309417725,7.732755218194187
kgw,KGW,207,249.0,1.6712027788162231,5.31856100411203
kgw,KGW,209,248.0,2.1692638397216797,8.751838912538549
kgw,KGW,210,249.0,1.7897964715957642,5.988233566724943
kgw,KGW,211,174.0,2.3281617164611816,10.259065117727824
kgw,KGW,212,250.0,2.136329174041748,8.468294867406712
kgw,KGW,213,250.0,1.8648773431777954,6.455144069972903
kgw,KGW,214,249.0,2.4715540409088135,11.840833700953677
kgw,KGW,215,249.0,1.2695720195770264,3.5593289132389905
kgw,KGW,216,151.0,2.068016290664673,7.909118154441108
kgw,KGW,217,250.0,1.4644548892974854,4.325184893003464
kgw,KGW,218,249.0,2.179086923599243,8.838232591740494
kgw,KGW,219,159.0,2.2175512313842773,9.184811826234967
kgw,KGW,220,250.0,2.356440544128418,10.55332044079465
kgw,KGW,221,119.0,2.9611644744873047,19.320456840381794
kgw,KGW,222,199.0,1.8847366571426392,6.584620200976734
kgw,KGW,223,249.0,2.4723563194274902,11.850337159175625
kgw,KGW,224,249.0,2.14658522605896,8.555593042159364
kgw,KGW,225,249.0,1.7509510517120361,5.760078204075288
kgw,KGW,226,249.0,1.5918039083480835,4.912602825363781
kgw,KGW,227,250.0,2.101449489593506,8.178015273664593
kgw,KGW,228,249.0,1.9553958177566528,7.0667156017134545
kgw,KGW,229,250.0,1.3338212966918945,3.7955195173355967
kgw,KGW,230,249.0,1.9043177366256714,6.714824785443887
kgw,KGW,231,249.0,2.2735462188720703,9.713787022384677
kgw,KGW,232,249.0,2.2045795917510986,9.066439160717529
kgw,KGW,233,249.0,2.648545503616333,14.133466611952711
kgw,KGW,234,249.0,1.665769100189209,5.289740025735874
kgw,KGW,235,238.0,1.3905880451202393,4.017211660274123
kgw,KGW,236,250.0,2.179119110107422,8.83851706816422
kgw,KGW,237,249.0,2.2398619651794434,9.392034770128417
kgw,KGW,238,250.0,1.940431833267212,6.961756639731881
kgw,KGW,239,249.0,2.12083101272583,8.338063646425036
kgw,KGW,240,250.0,1.6233664751052856,5.070130085204946
kgw,KGW,241,249.0,2.0898590087890625,8.083775342680022
kgw,KGW,242,249.0,1.6669524908065796,5.296003559823434
kgw,KGW,243,61.0,3.406160593032837,30.14926645519188
kgw,KGW,244,81.0,2.2412259578704834,9.404854177710472
kgw,KGW,245,249.0,0.8777177333831787,2.40540366460275
kgw,KGW,246,249.0,1.8479377031326294,6.34671720180465
kgw,KGW,247,249.0,1.8397356271743774,6.294873847437505
kgw,KGW,248,250.0,1.8361318111419678,6.2722291083891175
kgw,KGW,249,249.0,2.2749383449554443,9.727319255768936
kgw,KGW,250,249.0,2.209993839263916,9.115660233690384
kgw,KGW,251,247.0,1.766477108001709,5.850207367209197
kgw,KGW,252,249.0,2.284344434738159,9.819246956365859
kgw,KGW,253,249.0,1.0937800407409668,2.9855382257987135
kgw,KGW,254,249.0,1.8222755193710327,6.185918624374291
kgw,KGW,255,249.0,2.021441698074341,7.549200760147811
kgw,KGW,256,249.0,2.2242977619171143,9.24698693697218
kgw,KGW,257,249.0,1.9595355987548828,7.096030894260254
kgw,KGW,258,175.0,1.948495626449585,7.018121758363333
kgw,KGW,259,249.0,1.506094217300415,4.509084850535709
kgw,KGW,260,249.0,2.0659966468811035,7.893160672765472
kgw,KGW,261,249.0,2.322384834289551,10.199970562835597
kgw,KGW,262,148.0,1.874654769897461,6.518568325819927
kgw,KGW,263,249.0,1.9872828722000122,7.295683502211533
kgw,KGW,264,249.0,1.938055396080017,6.945232104901352
kgw,KGW,265,249.0,1.8480839729309082,6.347645602746345
kgw,KGW,266,249.0,1.863753318786621,6.4478924068763055
kgw,KGW,267,249.0,2.0197808742523193,7.536673273541812
kgw,KGW,268,249.0,2.3819494247436523,10.82598675297745
kgw,KGW,269,251.0,2.109388589859009,8.243199767634259
kgw,KGW,270,249.0,2.0881242752075195,8.06976430235213
kgw,KGW,271,249.0,2.036144733428955,7.661016930018718
kgw,KGW,272,249.0,2.0470340251922607,7.74489584070036
kgw,KGW,273,250.0,1.881421685218811,6.562828509260339
kgw,KGW,274,226.0,2.055955648422241,7.814302030919058
kgw,KGW,275,249.0,2.7241485118865967,15.243428800872042
kgw,KGW,276,252.0,2.0098249912261963,7.462011315588572
kgw,KGW,277,250.0,2.0561330318450928,7.8156882815058
kgw,KGW,278,82.0,3.72493052482605,41.46835162380623
kgw,KGW,279,250.0,2.1877169609069824,8.914836942502797
kgw,KGW,280,250.0,1.928682804107666,6.880441381035029
kgw,KGW,281,249.0,1.757447600364685,5.797620648489199
kgw,KGW,282,249.0,1.8439555168151855,6.3214936471825
kgw,KGW,283,252.0,2.2001090049743652,9.025997324419206
kgw,KGW,284,249.0,2.1564555168151855,8.64045736185816
kgw,KGW,285,249.0,1.7179268598556519,5.57296294674115
kgw,KGW,286,249.0,1.559457540512085,4.756240477446383
kgw,KGW,287,249.0,1.5656211376190186,4.7856465580150935
kgw,KGW,288,249.0,2.1360044479370117,8.465545437430663
kgw,KGW,289,88.0,1.794058918952942,6.013812572921695
kgw,KGW,290,249.0,1.4120573997497559,4.104391096514669
kgw,KGW,291,249.0,1.8248134851455688,6.201638213578871
kgw,KGW,292,249.0,2.025592565536499,7.580601617260845
kgw,KGW,293,248.0,2.3381175994873047,10.361713298769738
kgw,KGW,294,157.0,1.6855360269546509,5.395342206232018
kgw,KGW,295,249.0,1.2560943365097046,3.5116792311573803
kgw,KGW,296,249.0,2.185420036315918,8.894383733036486
kgw,KGW,297,249.0,1.401932716369629,4.0630450969663645
kgw,KGW,298,249.0,2.219081401824951,9.198876912039536
kgw,KGW,299,249.0,2.4674575328826904,11.79242684788724
kgw,KGW,300,249.0,2.256833076477051,9.552788261908807
kgw,KGW,301,249.0,2.268998384475708,9.669710629681306
kgw,KGW,302,249.0,0.9973974823951721,2.7112166497593324
kgw,KGW,303,137.0,1.8946728706359863,6.650372516622029
kgw,KGW,304,249.0,2.253958225250244,9.525364854849691
kgw,KGW,305,249.0,2.1067402362823486,8.221397742524985
kgw,KGW,306,249.0,1.7293674945831299,5.637087292347452
kgw,KGW,307,249.0,2.17753529548645,8.824529575325721
kgw,KGW,308,249.0,1.9876420497894287,7.298304418884093
kgw,KGW,309,249.0,1.604675531387329,4.976244705546208
kgw,KGW,310,251.0,1.8364421129226685,6.274175694249323
kgw,KGW,311,249.0,1.555908203125,4.739388898957655
kgw,KGW,312,249.0,0.8943015933036804,2.4456271504907097
kgw,KGW,313,249.0,1.8768953084945679,6.533189803627826
kgw,KGW,314,156.0,1.5288382768630981,4.612814894575798
kgw,KGW,315,249.0,1.8172987699508667,6.155209337045228
kgw,KGW,316,249.0,1.9688822031021118,7.162665606515723
kgw,KGW,317,250.0,2.1603662967681885,8.674314449952975
kgw,KGW,318,249.0,1.4773883819580078,4.381487952837998
kgw,KGW,319,249.0,2.2922935485839844,9.897612323265664
kgw,KGW,320,151.0,2.3593673706054688,10.584253424137101
kgw,KGW,321,249.0,2.0453433990478516,7.73181317936708
kgw,KGW,322,249.0,2.1744189262390137,8.797071889100422
kgw,KGW,323,222.0,1.7961571216583252,6.026444017763624
kgw,KGW,324,51.0,2.884587526321411,17.896184367932285
kgw,KGW,325,249.0,2.310811996459961,10.082608374295491
kgw,KGW,326,249.0,2.4123032093048096,11.159634542228329
kgw,KGW,327,249.0,2.1802964210510254,8.848928878800482
kgw,KGW,328,249.0,1.898779273033142,6.677737770183712
kgw,KGW,329,249.0,2.096330165863037,8.136256345940447
kgw,KGW,330,144.0,2.328075885772705,10.258184612893352
kgw,KGW,331,147.0,1.619791030883789,5.052034487068001
kgw,KGW,332,92.0,2.3437676429748535,10.420423129880058
kgw,KGW,333,249.0,1.416220784187317,4.121514876235599
kgw,KGW,334,249.0,2.210094928741455,9.116581777599242
kgw,KGW,335,248.0,1.735032081604004,5.669109675019253
kgw,KGW,336,249.0,1.8647830486297607,6.454535413777258
kgw,KGW,337,248.0,1.9565391540527344,7.074799854784304
kgw,KGW,338,249.0,1.8218801021575928,6.18347308920449
kgw,KGW,339,249.0,1.6931594610214233,5.436630420838597
kgw,KGW,340,249.0,1.6655244827270508,5.288446221205343
kgw,KGW,341,116.0,2.1351006031036377,8.457897354786006
kgw,KGW,342,250.0,1.9323680400848389,6.905844210111496
kgw,KGW,343,249.0,1.641188621520996,5.161300700770772
kgw,KGW,344,239.0,1.889573097229004,6.6165434573017246
kgw,KGW,345,249.0,1.0651044845581055,2.9011420927738327
kgw,KGW,346,249.0,2.2808871269226074,9.785357414167075
kgw,KGW,347,250.0,2.7660679817199707,15.896007573976156
kgw,KGW,348,249.0,1.902527093887329,6.702811691991768
kgw,KGW,349,250.0,1.8910216093063354,6.626134545136105
kgw,KGW,350,99.0,1.2999494075775146,3.6691110337078863
kgw,KGW,351,249.0,1.9990699291229248,7.3821869479377735
kgw,KGW,352,131.0,1.8595813512802124,6.421048045108709
kgw,KGW,353,250.0,2.287381410598755,9.849113100766196
kgw,KGW,354,249.0,1.8071595430374146,6.093115596097579
kgw,KGW,355,82.0,2.73569655418396,15.420480896370725
kgw,KGW,356,235.0,1.9754605293273926,7.209939277855857
kgw,KGW,357,249.0,2.064419746398926,7.880723752364723
kgw,KGW,358,249.0,1.4926711320877075,4.448963430543954
kgw,KGW,359,247.0,1.8776603937149048,6.538190163194923
kgw,KGW,360,249.0,1.2855639457702637,3.6167070088260527
kgw,KGW,361,251.0,1.6390455961227417,5.150251745605344
kgw,KGW,362,250.0,1.8510968685150146,6.366799235611285
kgw,KGW,363,249.0,1.8088724613189697,6.103561549171646
kgw,KGW,364,249.0,2.3517417907714844,10.503849308291404
kgw,KGW,365,248.0,1.7971628904342651,6.032508276096279
kgw,KGW,366,250.0,2.555868625640869,12.882484855607627
kgw,KGW,367,249.0,1.7277841567993164,5.628168941291083
kgw,KGW,368,249.0,2.1685359477996826,8.745470837607806
kgw,KGW,369,249.0,1.8202435970306396,6.173362079407881
kgw,KGW,370,115.0,2.4827327728271484,11.973941810380826
kgw,KGW,371,249.0,1.8592582941055298,6.418974014502027
kgw,KGW,372,60.0,3.3165969848632812,27.566381945868486
kgw,KGW,373,166.0,1.6535217761993408,5.225349973590931
kgw,KGW,374,250.0,2.347757339477539,10.462080500473357
kgw,KGW,375,249.0,1.7049663066864014,5.501200310421644
kgw,KGW,376,249.0,1.6772695779800415,5.350925721416371
kgw,KGW,377,248.0,1.5706895589828491,4.809963804237702
kgw,KGW,378,249.0,2.1324174404144287,8.435233858694936
kgw,KGW,379,248.0,1.877827525138855,6.53928299154739
kgw,KGW,380,249.0,1.8037587404251099,6.0724293075904905
kgw,KGW,381,250.0,2.1208980083465576,8.33862227888745
kgw,KGW,382,249.0,2.12198805809021,8.347716747776195
kgw,KGW,383,229.0,1.5991309881210327,4.948730050059364
kgw,KGW,384,249.0,1.522686243057251,4.584523814473727
kgw,KGW,385,249.0,1.3577337265014648,3.8873734600318994
kgw,KGW,386,250.0,2.1266093254089355,8.386383053222048
kgw,KGW,387,249.0,1.7484984397888184,5.745968277753032
kgw,KGW,388,249.0,2.1677703857421875,8.738778199101528
kgw,KGW,389,123.0,2.8728880882263184,17.688029090967635
kgw,KGW,390,249.0,1.9885674715042114,7.30506155439215
kgw,KGW,391,249.0,2.2552170753479004,9.537363411935296
kgw,KGW,392,128.0,2.4776358604431152,11.913066946791348
kgw,KGW,393,250.0,1.9865269660949707,7.290170734341702
kgw,KGW,394,249.0,2.036044120788574,7.660246173651954
kgw,KGW,395,249.0,1.1493453979492188,3.156126226635603
kgw,KGW,396,249.0,1.8016297817230225,6.059515108149688
kgw,KGW,397,87.0,2.0013444423675537,7.398996939952843
kgw,KGW,398,249.0,1.2729507684707642,3.5713753313178236
kgw,KGW,399,249.0,1.4882582426071167,4.42937390162469
kgw,KGW,400,249.0,1.9343239068984985,6.919364339098149
kgw,KGW,401,249.0,2.2490973472595215,9.479175569660226
kgw,KGW,402,249.0,1.1018266677856445,3.0096586523214817
kgw,KGW,403,249.0,1.8586149215698242,6.414845551126072
kgw,KGW,404,250.0,2.306483745574951,10.039062622127688
kgw,KGW,405,103.0,2.806976556777954,16.55977491504282
kgw,KGW,406,249.0,1.8927745819091797,6.637760164175279
kgw,KGW,407,251.0,1.2533941268920898,3.5022097516668294
kgw,KGW,408,249.0,2.07183837890625,7.9394053452278275
kgw,KGW,409,249.0,2.401154041290283,11.035904924554888
kgw,KGW,410,249.0,1.96728515625,7.1512356234947125
kgw,KGW,411,249.0,1.5480129718780518,4.702117653788284
kgw,KGW,412,249.0,1.741289496421814,5.7046948654402785
kgw,KGW,413,249.0,1.8261839151382446,6.210142950832943
kgw,KGW,414,249.0,1.9853371381759644,7.281501843934282
kgw,KGW,415,249.0,1.0763733386993408,2.934019537508118
kgw,KGW,416,249.0,2.043256998062134,7.715698333589073
kgw,KGW,417,249.0,3.1394591331481934,23.091374121747954
kgw,KGW,418,105.0,2.500295877456665,12.186099019333893
kgw,KGW,419,249.0,1.8879159688949585,6.605588075409083
kgw,KGW,420,142.0,2.384207248687744,10.850457540055707
kgw,KGW,421,249.0,0.7692388892173767,2.1581230578076256
kgw,KGW,422,247.0,1.9972281455993652,7.368603070769701
kgw,KGW,423,250.0,1.468214988708496,4.34147863201418
kgw,KGW,424,249.0,1.8559376001358032,6.397693918098786
kgw,KGW,425,250.0,2.155801296234131,8.634806445496752
kgw,KGW,426,249.0,1.7845252752304077,5.956751458795068
kgw,KGW,427,249.0,1.9726903438568115,7.18999404757299
kgw,KGW,428,233.0,2.0427331924438477,7.711657865755197
kgw,KGW,429,249.0,1.533382534980774,4.633824416296256
kgw,KGW,430,249.0,1.8200945854187012,6.172442245308032
kgw,KGW,431,249.0,1.849381446838379,6.355886852536927
kgw,KGW,432,251.0,2.1892309188842773,8.928343852875638
kgw,KGW,433,250.0,2.126701593399048,8.38715688363002
kgw,KGW,434,251.0,2.4579086303710938,11.680358032188776
kgw,KGW,435,250.0,2.009270668029785,7.457876095854456
kgw,KGW,436,248.0,1.605453372001648,4.980116936579017
kgw,KGW,437,249.0,1.9272010326385498,6.870253689081369
kgw,KGW,438,249.0,2.0927629470825195,8.107284245133771
kgw,KGW,439,250.0,1.9121934175491333,6.767917398723654
kgw,KGW,440,249.0,2.1183841228485107,8.31768626366503
kgw,KGW,441,252.0,1.9030022621154785,6.705997411963588
kgw,KGW,442,232.0,2.2463788986206055,9.453441911396542
kgw,KGW,443,249.0,1.7664777040481567,5.850210854205557
kgw,KGW,444,250.0,0.6160471439361572,1.8515944706884546
kgw,KGW,445,137.0,1.978026270866394,7.228461870486161
kgw,KGW,446,249.0,1.445163369178772,4.242545187330994
kgw,KGW,447,249.0,1.5291619300842285,4.614308088600398
kgw,KGW,448,250.0,1.3938995599746704,4.030536767328418
kgw,KGW,449,250.0,2.218079090118408,9.189661389208274
kgw,KGW,450,249.0,2.079511880874634,8.000562733349255
kgw,KGW,451,249.0,2.310164451599121,10.076081546493821
kgw,KGW,452,251.0,1.8379902839660645,6.283896714339608
kgw,KGW,453,249.0,2.161524772644043,8.684369256983995
kgw,KGW,454,249.0,2.297595977783203,9.950233097526715
kgw,KGW,455,249.0,2.0062944889068604,7.435713117572554
kgw,KGW,456,249.0,2.423964500427246,11.290532022914439
kgw,KGW,457,249.0,2.27382755279541,9.716520224651404
kgw,KGW,458,249.0,1.9800829887390137,7.2433440762099
kgw,KGW,459,249.0,1.8340632915496826,6.2592682890668305
kgw,KGW,460,249.0,1.7220577001571655,5.596031580297706
kgw,KGW,461,248.0,2.308697462081909,10.061310877347886
kgw,KGW,462,184.0,1.8120203018188477,6.122804858954569
kgw,KGW,463,249.0,2.03059983253479,7.618654905545185
kgw,KGW,464,248.0,2.0476083755493164,7.7493454020730885
kgw,KGW,465,249.0,1.9488704204559326,7.020752601315474
kgw,KGW,466,250.0,1.8093737363815308,6.106621879338567
kgw,KGW,467,250.0,2.656278371810913,14.243182508955421
kgw,KGW,468,249.0,2.068685293197632,7.914411144834479
kgw,KGW,469,249.0,2.0703954696655273,7.9279577647853
kgw,KGW,470,148.0,1.5348716974258423,4.640730074141038
kgw,KGW,471,250.0,1.9094765186309814,6.749554607484218
kgw,KGW,472,243.0,1.0437506437301636,2.8398483240724426
kgw,KGW,473,79.0,3.064390182495117,21.421394861739966
kgw,KGW,474,153.0,2.0810024738311768,8.012497208320397
kgw,KGW,475,143.0,1.767467975616455,5.856007021099005
kgw,KGW,476,249.0,2.4475152492523193,11.559588309584509
kgw,KGW,477,249.0,1.825417160987854,6.205383122992946
kgw,KGW,478,249.0,2.4947216510772705,12.118359916663943
kgw,KGW,479,249.0,1.8088873624801636,6.103652500003781
kgw,KGW,480,247.0,1.951074481010437,7.036243830719588
kgw,KGW,481,249.0,1.8897701501846313,6.617847395214214
kgw,KGW,482,249.0,1.887149453163147,6.60052672828033
kgw,KGW,483,250.0,2.0019304752349854,7.403334266129398
kgw,KGW,484,249.0,0.6967344880104065,2.0071874990775607
kgw,KGW,485,219.0,2.2884228229522705,9.859375431552042
kgw,KGW,486,52.0,2.5072875022888184,12.271598192629693
kgw,KGW,487,249.0,2.1608734130859375,8.678714451917935
kgw,KGW,488,249.0,2.2074623107910156,9.092612865102929
kgw,KGW,489,246.0,2.473424196243286,11.862998618723607
kgw,KGW,490,249.0,2.089509963989258,8.08095423530894
kgw,KGW,491,249.0,1.5496422052383423,4.709784744778094
kgw,KGW,492,247.0,0.8600493669509888,2.3632773586236118
kgw,KGW,493,249.0,1.933469295501709,6.913453497571437
kgw,KGW,494,163.0,1.8709628582000732,6.4945467172813505
kgw,KGW,495,249.0,2.167534589767456,8.736717873295921
kgw,KGW,496,249.0,2.0486292839050293,7.757260813312619
kgw,KGW,497,249.0,1.5292328596115112,4.614635390899421
kgw,KGW,498,249.0,2.0753800868988037,7.967574254174946
kgw,KGW,499,160.0,1.844054937362671,6.3221221647850925
dip,DIP,0,143.0,1.9607138633728027,7.104396824062295
dip,DIP,1,249.0,1.707841157913208,5.5170381977598515
dip,DIP,2,249.0,1.9896825551986694,7.313211852706328
dip,DIP,3,249.0,2.0143425464630127,7.495797622177538
dip,DIP,4,250.0,2.14509916305542,8.54288833420237
dip,DIP,5,252.0,2.0180790424346924,7.523858030952627
dip,DIP,6,249.0,1.735561728477478,5.6721130965402065
dip,DIP,7,251.0,0.6255366206169128,1.8692487657701948
dip,DIP,8,249.0,2.1291871070861816,8.40802920533568
dip,DIP,9,249.0,1.596187949180603,4.934187155465825
dip,DIP,10,249.0,2.096670389175415,8.139024960971803
dip,DIP,11,226.0,1.6590371131896973,5.254249160708832
dip,DIP,12,249.0,2.1312191486358643,8.425132040983119
dip,DIP,13,249.0,2.005782127380371,7.4319043200730714
dip,DIP,14,249.0,2.2785229682922363,9.762250601832477
dip,DIP,15,77.0,2.755063533782959,15.722039751734195
dip,DIP,16,249.0,2.115060806274414,8.29008984027138
dip,DIP,17,93.0,1.9785513877868652,7.23225865491396
dip,DIP,18,250.0,1.9747682809829712,7.204949936458288
dip,DIP,19,249.0,2.0227761268615723,7.559281355385104
dip,DIP,20,249.0,1.8186084032058716,6.163275684710205
dip,DIP,21,187.0,2.1647512912750244,8.712434788822826
dip,DIP,22,251.0,1.9102634191513062,6.754867925769097
dip,DIP,23,194.0,2.5182108879089355,12.406380390639086
dip,DIP,24,249.0,1.9851062297821045,7.279820678143727
dip,DIP,25,250.0,1.8744865655899048,6.517471966757168
dip,DIP,26,249.0,2.211198329925537,9.126646576461765
dip,DIP,27,249.0,1.6586540937423706,5.252237066459393
dip,DIP,28,187.0,2.0539207458496094,7.7984168554866775
dip,DIP,29,249.0,2.2355308532714844,9.351444779841382
dip,DIP,30,249.0,2.4996814727783203,12.178614122698855
dip,DIP,31,249.0,1.6674751043319702,5.298772046275534
dip,DIP,32,78.0,2.39251971244812,10.941027483317404
dip,DIP,33,249.0,1.8773176670074463,6.535949734756814
dip,DIP,34,250.0,1.8563088178634644,6.400069296361317
dip,DIP,35,184.0,1.7061415910720825,5.507669586123682
dip,DIP,36,250.0,1.4382764101028442,4.213427334068692
dip,DIP,37,129.0,1.7119700908660889,5.539864770842677
dip,DIP,38,209.0,2.1487650871276855,8.574263388339078
dip,DIP,39,105.0,2.2460391521453857,9.450230683361042
dip,DIP,40,57.0,2.9787545204162598,19.663311134806882
dip,DIP,41,249.0,1.58401358127594,4.8744807271851665
dip,DIP,42,250.0,1.3212471008300781,3.7480927133759216
dip,DIP,43,207.0,1.2715044021606445,3.5662135481722945
dip,DIP,44,249.0,1.9397826194763184,6.957238438110617
dip,DIP,45,249.0,2.240220069885254,9.395398704261108
dip,DIP,46,249.0,1.4227768182754517,4.148624436759492
dip,DIP,47,249.0,2.189847469329834,8.933850324590574
dip,DIP,48,249.0,1.560170292854309,4.759631707396842
dip,DIP,49,249.0,1.430042028427124,4.178874819768362
dip,DIP,50,249.0,1.3915890455245972,4.02123490406884
dip,DIP,51,249.0,1.9582291841506958,7.086766588697903
dip,DIP,52,249.0,1.9834680557250977,7.267904827552578
dip,DIP,53,249.0,1.87855863571167,6.544065678604638
dip,DIP,54,249.0,2.0835988521575928,8.033327712645681
dip,DIP,55,250.0,2.2664432525634766,9.645034781917504
dip,DIP,56,249.0,1.7791069746017456,5.9245632700111726
dip,DIP,57,64.0,3.0202155113220215,20.49570826544827
dip,DIP,58,210.0,1.7216384410858154,5.59368588505547
dip,DIP,59,249.0,1.9766682386398315,7.218652048852168
dip,DIP,60,248.0,1.6329914331436157,5.119165477769935
dip,DIP,61,249.0,2.0952980518341064,8.127863133743933
dip,DIP,62,178.0,1.5170073509216309,4.558562583523657
dip,DIP,63,159.0,1.9363330602645874,6.933280378298508
dip,DIP,64,249.0,1.6386921405792236,5.148431682250036
dip,DIP,65,248.0,2.039979934692383,7.690454885987832
dip,DIP,66,249.0,2.2035117149353027,9.056762488202667
dip,DIP,67,249.0,1.9954866170883179,7.355781606149
dip,DIP,68,249.0,1.7570146322250366,5.795111006799287
dip,DIP,69,249.0,2.0367610454559326,7.665739962172828
dip,DIP,70,249.0,2.1569132804870605,8.644413554778419
dip,DIP,71,249.0,2.228012800216675,9.28140373788169
dip,DIP,72,249.0,1.96025550365448,7.101141200915418
dip,DIP,73,250.0,2.1361708641052246,8.466954358294547
dip,DIP,74,250.0,1.6968467235565186,5.456713707928348
dip,DIP,75,249.0,1.847809910774231,6.345906191666897
dip,DIP,76,249.0,2.0516774654388428,7.7809424270693075
dip,DIP,77,249.0,1.7568533420562744,5.794176387741463
dip,DIP,78,247.0,2.0706734657287598,7.9301620122052405
dip,DIP,79,249.0,1.4486874341964722,4.2575225675421295
dip,DIP,80,250.0,2.453521251678467,11.629224132151247
dip,DIP,81,249.0,2.22796368598938,9.280947900103042
dip,DIP,82,175.0,1.9243736267089844,6.850856128374692
dip,DIP,83,172.0,2.008103370666504,7.449175615763749
dip,DIP,84,249.0,2.0111196041107178,7.471677987531071
dip,DIP,85,247.0,1.7162033319473267,5.563366062195221
dip,DIP,86,249.0,1.6739565134048462,5.333227093501759
dip,DIP,87,248.0,1.9390000104904175,6.9517957708098574
dip,DIP,88,249.0,1.730161190032959,5.641563198900043
dip,DIP,89,232.0,1.557982325553894,4.749229173211277
dip,DIP,90,249.0,2.172498941421509,8.780197848769097
dip,DIP,91,249.0,2.2467849254608154,9.457281041887203
dip,DIP,92,67.0,1.5097355842590332,4.52553401366791
dip,DIP,93,249.0,1.667798638343811,5.300486656605919
dip,DIP,94,249.0,1.7629117965698242,5.829386694150894
dip,DIP,95,116.0,2.422330379486084,11.272096994734067
dip,DIP,96,249.0,1.7271666526794434,5.624694596603974
dip,DIP,97,247.0,2.130160093307495,8.416214083141817
dip,DIP,98,118.0,2.2048449516296387,9.068845349150823
dip,DIP,99,249.0,1.697805643081665,5.461948766844972
dip,DIP,100,249.0,2.0367136001586914,7.665376267489618
dip,DIP,101,249.0,1.7994968891143799,6.046604586436137
dip,DIP,102,249.0,1.777673363685608,5.916075836726083
dip,DIP,103,194.0,1.7549360990524292,5.7830781859734515
dip,DIP,104,250.0,1.5917524099349976,4.912349840628365
dip,DIP,105,249.0,2.132929801940918,8.439556855365087
dip,DIP,106,224.0,2.0030319690704346,7.41149348602556
dip,DIP,107,249.0,2.184661626815796,8.887640705227003
dip,DIP,108,249.0,2.1720778942108154,8.776501749126362
dip,DIP,109,250.0,1.9384530782699585,6.947994649285423
dip,DIP,110,249.0,2.052516222000122,7.787471481343732
dip,DIP,111,250.0,2.1566622257232666,8.642243605974677
dip,DIP,112,249.0,2.1178479194641113,8.313227487652304
dip,DIP,113,249.0,2.271514654159546,9.694072867516152
dip,DIP,114,191.0,1.647836446762085,5.195726427169738
dip,DIP,115,249.0,1.8803341388702393,6.555695008788086
dip,DIP,116,124.0,2.7005369663238525,14.887723785258663
dip,DIP,117,249.0,1.8403079509735107,6.298477584706869
dip,DIP,118,208.0,2.129734754562378,8.412635102398603
dip,DIP,119,174.0,0.7864303588867188,2.1955451133056716
dip,DIP,120,249.0,1.9541672468185425,7.058038971316638
dip,DIP,121,100.0,3.2391302585601807,25.51152366612991
dip,DIP,123,249.0,1.8560396432876587,6.398346792260898
dip,DIP,124,247.0,1.9133553504943848,6.775785835332576
dip,DIP,125,249.0,1.967048168182373,7.149541066785946
dip,DIP,126,250.0,1.6789182424545288,5.359754878718008
dip,DIP,127,249.0,1.9536681175231934,7.054516976336894
dip,DIP,128,249.0,2.0453100204467773,7.731555106566464
dip,DIP,129,160.0,2.329171895980835,10.26943385146003
dip,DIP,130,250.0,1.416368842124939,4.122125144404461
dip,DIP,131,166.0,2.049922466278076,7.767298855370144
dip,DIP,132,250.0,1.8588974475860596,6.416658167928041
dip,DIP,133,178.0,2.3701963424682617,10.699492842723762
dip,DIP,134,250.0,2.2363247871398926,9.358872156603487
dip,DIP,135,249.0,1.8934427499771118,6.642196785598895
dip,DIP,136,249.0,1.9564350843429565,7.074063620727177
dip,DIP,137,89.0,2.199164390563965,9.017475262943048
dip,DIP,138,249.0,1.9760701656341553,7.214336058691633
dip,DIP,139,178.0,2.0233511924743652,7.563629688318551
dip,DIP,140,155.0,0.878292441368103,2.406786466611381
dip,DIP,141,249.0,1.7743151187896729,5.896241528116883
dip,DIP,142,243.0,2.0252106189727783,7.57770678539293
dip,DIP,143,249.0,1.8232955932617188,6.19223193792864
dip,DIP,144,250.0,1.8268429040908813,6.214236715156421
dip,DIP,145,249.0,1.9598950147628784,7.098581779743961
dip,DIP,146,249.0,1.9586942195892334,7.090062952709928
dip,DIP,147,226.0,1.6510536670684814,5.212469141797156
dip,DIP,148,248.0,1.7905982732772827,5.9930368678582004
dip,DIP,149,250.0,1.234325647354126,3.4360606226803427
dip,DIP,150,249.0,2.040130376815796,7.691611941383646
dip,DIP,151,250.0,1.845245122909546,6.329651142762825
dip,DIP,152,207.0,1.9785772562026978,7.232445744408098
dip,DIP,153,249.0,2.0749247074127197,7.963946810300193
dip,DIP,154,249.0,2.2206926345825195,9.213710390737385
dip,DIP,155,249.0,1.629475474357605,5.101198307355792
dip,DIP,156,249.0,1.7467762231826782,5.736080992234219
dip,DIP,157,249.0,1.8290685415267944,6.228082755442612
dip,DIP,158,249.0,1.9562439918518066,7.0727119494385695
dip,DIP,159,249.0,1.5473530292510986,4.699015549629571
dip,DIP,160,249.0,1.6060038805007935,4.982859288053981
dip,DIP,161,231.0,2.0481491088867188,7.753536864604667
dip,DIP,162,249.0,2.018202781677246,7.5247890850492345
dip,DIP,163,249.0,1.5810813903808594,4.860208753479908
dip,DIP,164,249.0,1.5512813329696655,4.717511014003024
dip,DIP,165,126.0,2.726456880569458,15.278656898611256
dip,DIP,166,184.0,1.70827317237854,5.519422152981566
dip,DIP,167,225.0,1.8844127655029297,6.582487842888096
dip,DIP,168,250.0,2.063728094100952,7.875274916238937
dip,DIP,169,249.0,1.394792914390564,4.03413907397663
dip,DIP,170,249.0,1.8903924226760864,6.621966781158253
dip,DIP,171,109.0,2.7183918952941895,15.15593031496123
dip,DIP,172,58.0,2.9366071224212646,18.85177591439039
dip,DIP,173,249.0,2.098381280899048,8.15296187028775
dip,DIP,174,250.0,2.05582857131958,7.813309075149957
dip,DIP,175,248.0,1.3235899209976196,3.7568841148898264
dip,DIP,176,95.0,2.225660800933838,9.259599534733113
dip,DIP,177,249.0,1.600569486618042,4.9558539134033985
dip,DIP,178,249.0,1.4762787818908691,4.376628949784957
dip,DIP,179,249.0,1.7757424116134644,5.904663200003536
dip,DIP,180,249.0,1.22968590259552,3.4201551057189548
dip,DIP,181,249.0,1.9697368144989014,7.168789518584245
dip,DIP,182,113.0,1.8284960985183716,6.22451855326202
dip,DIP,183,175.0,2.2944979667663574,9.919454866037121
dip,DIP,184,249.0,2.144658327102661,8.5391231518591
dip,DIP,185,249.0,2.204878568649292,9.069150221827586
dip,DIP,186,249.0,1.8615281581878662,6.433560761766923
dip,DIP,187,144.0,2.2536566257476807,9.52249244272854
dip,DIP,188,207.0,1.6777249574661255,5.353362978117698
dip,DIP,189,249.0,1.719868779182434,5.583795705962875
dip,DIP,190,249.0,2.058994770050049,7.838086769276989
dip,DIP,191,70.0,2.341801166534424,10.399951748137742
dip,DIP,192,249.0,1.7821794748306274,5.942794485378723
dip,DIP,193,249.0,2.141813278198242,8.514863455266587
dip,DIP,194,248.0,2.3765361309051514,10.767540840763731
dip,DIP,195,249.0,1.2672834396362305,3.5511924185460355
dip,DIP,196,249.0,1.6894962787628174,5.416751485046297
dip,DIP,197,102.0,2.758174419403076,15.771025373945337
dip,DIP,198,55.0,2.5687289237976074,13.049227332752238
dip,DIP,199,249.0,1.63479745388031,5.1284191504244765
dip,DIP,200,249.0,2.0886411666870117,8.073936572974198
dip,DIP,201,200.0,1.9463289976119995,7.002932554001936
dip,DIP,202,96.0,3.527937650680542,34.05366459297966
dip,DIP,203,250.0,2.0530037879943848,7.791269313390969
dip,DIP,204,211.0,1.6806377172470093,5.368978769977485
dip,DIP,205,249.0,1.5973014831542969,4.939684600723981
dip,DIP,206,250.0,2.0483274459838867,7.754919731166425
dip,DIP,207,249.0,2.045274257659912,7.731278609553232
dip,DIP,209,248.0,2.0205771923065186,7.542677252759386
dip,DIP,210,58.0,3.1810853481292725,24.07286681947686
dip,DIP,211,159.0,2.154679298400879,8.625123644431053
dip,DIP,212,250.0,1.9933208227157593,7.339867735047425
dip,DIP,213,249.0,1.83397376537323,6.2587079457925885
dip,DIP,214,153.0,2.2916905879974365,9.891646251967481
dip,DIP,215,249.0,1.6642385721206665,5.281650122642298
dip,DIP,216,250.0,1.636157512664795,5.135398847263634
dip,DIP,217,249.0,2.0632152557373047,7.87123720857181
dip,DIP,218,249.0,1.943934679031372,6.986185359529097
dip,DIP,219,69.0,2.927238702774048,18.675989273729293
dip,DIP,220,252.0,1.8419233560562134,6.308660399881822
dip,DIP,221,182.0,2.2331361770629883,9.32907788893132
dip,DIP,222,198.0,1.6215794086456299,5.061077516963319
dip,DIP,223,249.0,2.2893600463867188,9.868620200785996
dip,DIP,224,143.0,2.1978919506073,9.006008364127531
dip,DIP,225,250.0,1.6313613653182983,5.1108276882595645
dip,DIP,226,249.0,1.8857733011245728,6.591449647121924
dip,DIP,227,249.0,2.068007707595825,7.909050270226793
dip,DIP,228,249.0,1.7470102310180664,5.737423437196016
dip,DIP,229,250.0,2.212075710296631,9.134657630878904
dip,DIP,230,249.0,1.8111339807510376,6.117380492234339
dip,DIP,231,249.0,1.841501235961914,6.305997949535351
dip,DIP,232,249.0,2.1755290031433105,8.806842737623231
dip,DIP,233,251.0,2.723412275314331,15.232210161395201
dip,DIP,234,249.0,1.86528480052948,6.457774801799512
dip,DIP,235,237.0,1.3524556159973145,3.866909526298515
dip,DIP,236,250.0,2.309858798980713,10.073002236409408
dip,DIP,237,250.0,1.7594465017318726,5.809221110557068
dip,DIP,238,249.0,2.2315797805786133,9.314569438282055
dip,DIP,239,249.0,1.9779465198516846,7.227885416303909
dip,DIP,240,250.0,1.589816927909851,4.902851270931262
dip,DIP,241,249.0,1.6958822011947632,5.451453122919121
dip,DIP,242,249.0,1.5903446674346924,4.905439382195588
dip,DIP,243,90.0,2.883622646331787,17.87892502568106
dip,DIP,244,249.0,1.6925320625305176,5.4332205569005465
dip,DIP,245,58.0,2.4364867210388184,11.43280347389534
dip,DIP,246,89.0,1.7777568101882935,5.9165695331626145
dip,DIP,247,249.0,2.024383068084717,7.5714384414577385
dip,DIP,248,250.0,1.7150121927261353,5.5567432637972
dip,DIP,249,249.0,1.9836156368255615,7.268977512097131
dip,DIP,250,250.0,2.062623977661133,7.866584494237577
dip,DIP,251,249.0,1.9262382984161377,6.863642643588733
dip,DIP,252,249.0,2.446850061416626,11.551901568901982
dip,DIP,253,249.0,1.9141335487365723,6.781060792173936
dip,DIP,254,249.0,1.8914035558700562,6.628665857838692
dip,DIP,255,249.0,1.5680723190307617,4.797391434432099
dip,DIP,256,249.0,2.108889102935791,8.239083425260027
dip,DIP,257,249.0,1.9316003322601318,6.900544574021522
dip,DIP,258,136.0,1.7207921743392944,5.588954137143312
dip,DIP,259,161.0,1.3750112056732178,3.9551210424662
dip,DIP,260,249.0,1.9908993244171143,7.32211575967809
dip,DIP,261,249.0,2.1597111225128174,8.668633123774924
dip,DIP,262,132.0,1.952518343925476,7.046410540149048
dip,DIP,263,249.0,1.966893196105957,7.148433173409891
dip,DIP,264,249.0,2.0242908000946045,7.570739872278769
dip,DIP,265,249.0,1.668566346168518,5.304557444074712
dip,DIP,266,249.0,2.166006088256836,8.723373987501486
dip,DIP,267,249.0,1.7012677192687988,5.480891220795079
dip,DIP,268,109.0,2.1827476024627686,8.870645813982485
dip,DIP,269,251.0,2.0369181632995605,7.666944481328745
dip,DIP,270,249.0,1.7657605409622192,5.846016803025071
dip,DIP,271,249.0,1.9731831550598145,7.193538230423936
dip,DIP,272,164.0,2.141860246658325,8.515263394683094
dip,DIP,273,250.0,1.734253168106079,5.664695648267841
dip,DIP,274,249.0,1.9642753601074219,7.129744220695061
dip,DIP,275,249.0,2.2872633934020996,9.847950804635317
dip,DIP,276,252.0,2.024430751800537,7.571799484384598
dip,DIP,277,250.0,1.6641950607299805,5.28142031569999
dip,DIP,278,249.0,2.1473276615142822,8.56194737632478
dip,DIP,279,250.0,2.111685037612915,8.262151597840786
dip,DIP,280,249.0,1.9805728197097778,7.246892959575862
dip,DIP,281,249.0,1.550155758857727,4.712204092959634
dip,DIP,282,250.0,2.3002071380615234,9.976248701625483
dip,DIP,283,252.0,1.4657551050186157,4.330812223977464
dip,DIP,284,250.0,2.0836074352264404,8.03339666354642
dip,DIP,285,249.0,1.8128782510757446,6.128060168905709
dip,DIP,286,249.0,2.02785062789917,7.597738429172685
dip,DIP,287,249.0,2.0888352394104004,8.075503655892488
dip,DIP,288,141.0,2.468366861343384,11.803154914169435
dip,DIP,289,249.0,1.631585955619812,5.1119756594978325
dip,DIP,290,249.0,2.057356357574463,7.825255264648515
dip,DIP,291,249.0,1.2580275535583496,3.5184746356959917
dip,DIP,292,250.0,1.979529619216919,7.239336939176088
dip,DIP,293,248.0,2.1044795513153076,8.202832744952527
dip,DIP,294,233.0,2.3899459838867188,10.912904454437937
dip,DIP,295,249.0,1.8789052963256836,6.546334641688274
dip,DIP,296,249.0,2.015331506729126,7.503214335001354
dip,DIP,297,249.0,1.8756606578826904,6.525128574264167
dip,DIP,298,249.0,2.0826914310455322,8.026041407852494
dip,DIP,299,165.0,2.366004705429077,10.654738315118902
dip,DIP,300,249.0,2.185664415359497,8.896557599639294
dip,DIP,301,249.0,2.2002103328704834,9.026911956076527
dip,DIP,302,208.0,1.2352544069290161,3.4392533793056983
dip,DIP,303,103.0,1.4376612901687622,4.2108363678838705
dip,DIP,304,249.0,1.8095794916152954,6.107878478022307
dip,DIP,305,128.0,2.4385485649108887,11.45640044795714
dip,DIP,306,197.0,1.7773892879486084,5.914395461810791
dip,DIP,307,249.0,1.9258819818496704,6.861197449665933
dip,DIP,308,174.0,2.384282350540161,10.851272460117157
dip,DIP,309,249.0,1.8787744045257568,6.545477836239728
dip,DIP,310,250.0,1.6585278511047363,5.251574052049867
dip,DIP,311,249.0,2.2932114601135254,9.906701626682125
dip,DIP,312,249.0,1.6014095544815063,4.960018916209635
dip,DIP,313,249.0,1.7513267993927002,5.762242946773968
dip,DIP,314,180.0,1.2335537672042847,3.4334094190294118
dip,DIP,315,208.0,1.8226479291915894,6.188222750232091
dip,DIP,316,249.0,1.765734076499939,5.8458620933810606
dip,DIP,317,249.0,2.1473395824432373,8.562049443299536
dip,DIP,318,249.0,1.352335810661316,3.8664462776538246
dip,DIP,319,249.0,2.149679660797119,8.582108770912154
dip,DIP,320,249.0,2.3478753566741943,10.463315278746306
dip,DIP,321,249.0,2.0288333892822266,7.6052088633252835
dip,DIP,322,251.0,2.0821945667266846,8.022054544802357
dip,DIP,323,206.0,1.7013306617736816,5.481236212674718
dip,DIP,324,249.0,2.2215628623962402,9.22173190755427
dip,DIP,325,249.0,2.082794666290283,8.026870020971918
dip,DIP,326,249.0,1.8441981077194214,6.32302737006858
dip,DIP,327,249.0,2.0895485877990723,8.0812663585761
dip,DIP,328,232.0,1.9100712537765503,6.753569998755024
dip,DIP,329,249.0,1.7052881717681885,5.502971239694344
dip,DIP,330,144.0,1.8368325233459473,6.276625676055939
dip,DIP,331,80.0,1.7471415996551514,5.738177204202928
dip,DIP,332,249.0,1.686617374420166,5.401179601409743
dip,DIP,333,251.0,1.8595948219299316,6.421134541380335
dip,DIP,334,60.0,3.3155272006988525,27.53690763537847
dip,DIP,335,249.0,1.6957414150238037,5.450685687731179
dip,DIP,336,249.0,1.647807002067566,5.195573442844585
dip,DIP,337,248.0,1.9140689373016357,6.7806226722596925
dip,DIP,338,249.0,1.758868932723999,5.805866853234508
dip,DIP,339,193.0,2.2069735527038574,9.088169862896788
dip,DIP,340,111.0,2.0242013931274414,7.570063025645461
dip,DIP,341,247.0,1.9836816787719727,7.269457585372761
dip,DIP,342,250.0,1.8435492515563965,6.318925965545233
dip,DIP,343,144.0,1.9433484077453613,6.98209076004439
dip,DIP,344,249.0,2.1326091289520264,8.436850951321713
dip,DIP,345,249.0,1.367920994758606,3.927177579667026
dip,DIP,346,250.0,2.2103936672210693,9.119305658222482
dip,DIP,347,249.0,2.3422651290893555,10.404778055848427
dip,DIP,348,250.0,2.0549023151397705,7.806075300015983
dip,DIP,349,250.0,2.0472774505615234,7.746781374314331
dip,DIP,350,109.0,1.048905372619629,2.8545247663130655
dip,DIP,351,249.0,1.9239040613174438,6.847639958594489
dip,DIP,352,121.0,1.9070676565170288,6.7333154279288685
dip,DIP,353,181.0,2.1131715774536133,8.2744427487402
dip,DIP,354,249.0,1.6126328706741333,5.016000337795076
dip,DIP,355,133.0,2.198251485824585,9.009246923454779
dip,DIP,356,250.0,2.006093740463257,7.434220559556482
dip,DIP,357,249.0,2.3314075469970703,10.292418404832937
dip,DIP,358,249.0,1.5990586280822754,4.948371972716544
dip,DIP,359,247.0,1.7556419372558594,5.787161544416199
dip,DIP,360,249.0,2.122610569000244,8.35291491031414
dip,DIP,361,251.0,1.5214130878448486,4.578690718089397
dip,DIP,362,250.0,1.7056864500045776,5.505163389888469
dip,DIP,363,152.0,2.9638283252716064,19.37199226535519
dip,DIP,364,249.0,2.0022196769714355,7.405475632883251
dip,DIP,365,249.0,1.785618782043457,5.963268769811475
dip,DIP,366,249.0,2.3563849925994873,10.552734203992195
dip,DIP,367,171.0,1.7250396013259888,5.61274329736909
dip,DIP,368,249.0,2.125497579574585,8.377064707573112
dip,DIP,369,249.0,1.9457917213439941,6.999171055106758
dip,DIP,370,248.0,1.9824068546295166,7.260196209907167
dip,DIP,371,195.0,1.4226999282836914,4.1483054613239005
dip,DIP,372,218.0,2.082123279571533,8.021482695738378
dip,DIP,373,250.0,2.2564315795898438,9.54895361700801
dip,DIP,374,250.0,2.063244104385376,7.8714642863993545
dip,DIP,375,249.0,1.768595814704895,5.86261538060216
dip,DIP,376,249.0,1.8206058740615845,6.175598951852246
dip,DIP,377,249.0,1.4155417680740356,4.118717251147253
dip,DIP,378,249.0,1.9955343008041382,7.356132365511432
dip,DIP,379,157.0,1.6851822137832642,5.393433600760103
dip,DIP,380,249.0,1.7532861232757568,5.773544114708292
dip,DIP,381,250.0,1.929256796836853,6.884391838019671
dip,DIP,382,249.0,2.2599363327026367,9.58247905679897
dip,DIP,383,231.0,0.7603940367698669,2.139118945973335
dip,DIP,384,249.0,1.544314980506897,4.684761374742618
dip,DIP,385,248.0,1.522959589958191,4.585777151140741
dip,DIP,386,249.0,2.2143449783325195,9.155410155073794
dip,DIP,387,249.0,1.4774940013885498,4.381950747540129
dip,DIP,388,68.0,2.5716257095336914,13.087082951693464
dip,DIP,389,249.0,2.1764280796051025,8.814764323153268
dip,DIP,390,249.0,1.8978557586669922,6.671573630193589
dip,DIP,391,249.0,1.978358268737793,7.230862102854622
dip,DIP,392,51.0,2.89418888092041,18.068839515300752
dip,DIP,393,250.0,1.753717064857483,5.776032711122574
dip,DIP,394,249.0,1.8223974704742432,6.186673049975486
dip,DIP,395,248.0,1.6858079433441162,5.396809487684564
dip,DIP,396,249.0,1.5863515138626099,4.885890266690474
dip,DIP,397,249.0,2.0301566123962402,7.6152789124717115
dip,DIP,398,249.0,1.3034271001815796,3.681893287505305
dip,DIP,399,249.0,1.5959526300430298,4.933026183404605
dip,DIP,400,249.0,2.0264813899993896,7.587342436680519
dip,DIP,401,249.0,2.007479190826416,7.444527441318416
dip,DIP,402,249.0,2.1131999492645264,8.274677512995606
dip,DIP,403,241.0,2.164283037185669,8.708356110608118
dip,DIP,404,250.0,2.0027148723602295,7.409143698398088
dip,DIP,405,249.0,2.209399700164795,9.110245872132467
dip,DIP,406,197.0,2.068031072616577,7.909235067509372
dip,DIP,407,251.0,0.5798887014389038,1.7858396583044172
dip,DIP,408,107.0,2.3701627254486084,10.69913316370829
dip,DIP,409,249.0,1.8167903423309326,6.1520806540336235
dip,DIP,410,249.0,2.0416159629821777,7.703046985449517
dip,DIP,411,66.0,2.131971597671509,8.4314739091296
dip,DIP,412,249.0,1.8231449127197266,6.191298959356716
dip,DIP,413,249.0,1.667709469795227,5.3000140409754986
dip,DIP,414,249.0,1.8669105768203735,6.468282238020157
dip,DIP,415,248.0,2.267756223678589,9.657706751134764
dip,DIP,416,249.0,2.057189702987671,7.823951258628154
dip,DIP,417,55.0,4.483906269073486,88.580015109839
dip,DIP,418,248.0,2.0141217708587646,7.494142915594325
dip,DIP,419,249.0,1.9665307998657227,7.145843077453145
dip,DIP,420,126.0,2.4581642150878906,11.683343734722234
dip,DIP,421,249.0,0.8048518896102905,2.23636524536153
dip,DIP,422,247.0,1.938717007637024,6.9498286711310495
dip,DIP,423,250.0,2.1640233993530273,8.706095385399285
dip,DIP,424,249.0,1.7837305068969727,5.952019102178168
dip,DIP,425,250.0,2.141247034072876,8.510043328669722
dip,DIP,426,249.0,1.1873221397399902,3.278290638457087
dip,DIP,427,205.0,1.758334755897522,5.802766321893621
dip,DIP,428,249.0,0.8615396618843079,2.366801964596068
dip,DIP,429,157.0,1.3948861360549927,4.034515160665085
dip,DIP,430,249.0,1.9907618761062622,7.3211094163967365
dip,DIP,431,249.0,2.1051862239837646,8.208631511330847
dip,DIP,432,251.0,1.7502424716949463,5.755998173447802
dip,DIP,433,250.0,2.253596544265747,9.521920334457608
dip,DIP,434,251.0,2.279770612716675,9.774438020567413
dip,DIP,435,250.0,2.3421630859375,10.40371637367087
dip,DIP,436,100.0,2.7760467529296875,16.05542426521338
dip,DIP,437,249.0,1.9785798788070679,7.232464712276786
dip,DIP,438,249.0,2.240715742111206,9.400056896823523
dip,DIP,439,161.0,1.635083556175232,5.1298866128249045
dip,DIP,440,249.0,2.089589834213257,8.081599688709751
dip,DIP,441,151.0,2.0029361248016357,7.410783170892047
dip,DIP,442,59.0,2.7989325523376465,16.42710233689156
dip,DIP,443,248.0,1.0610194206237793,2.8893149156769957
dip,DIP,444,250.0,0.5668236613273621,1.7626593471134995
dip,DIP,445,249.0,2.122497320175171,8.351969006076894
dip,DIP,446,249.0,1.2927478551864624,3.6427826547577915
dip,DIP,447,249.0,1.9998486042022705,7.387937511564934
dip,DIP,448,245.0,1.7749943733215332,5.900247937427598
dip,DIP,449,151.0,2.1596615314483643,8.668203247690057
dip,DIP,450,250.0,1.96229887008667,7.115666269440402
dip,DIP,451,52.0,3.391974925994873,29.724598222316203
dip,DIP,452,250.0,1.8864704370498657,6.596046385560277
dip,DIP,453,249.0,1.9488098621368408,7.020327449212557
dip,DIP,454,249.0,2.2651240825653076,9.632319729903378
dip,DIP,455,249.0,1.6190773248672485,5.04843010604602
dip,DIP,456,249.0,2.1568713188171387,8.644050828360522
dip,DIP,457,152.0,2.290299415588379,9.877894834135951
dip,DIP,458,118.0,2.0747230052948,7.96234062735225
dip,DIP,459,249.0,1.7966893911361694,6.029652563804029
dip,DIP,460,249.0,2.107933282852173,8.231212106233228
dip,DIP,461,248.0,1.8060977458953857,6.08664937688564
dip,DIP,462,192.0,1.718830943107605,5.5780036474682655
dip,DIP,463,249.0,2.130136251449585,8.41601342735352
dip,DIP,464,248.0,2.0432615280151367,7.715733285419074
dip,DIP,465,249.0,1.8630354404449463,6.443265265628918
dip,DIP,466,249.0,1.446516990661621,4.248291876181798
dip,DIP,467,250.0,2.336364984512329,10.3435691094093
dip,DIP,468,249.0,1.7872260808944702,5.972861231764909
dip,DIP,469,249.0,1.7309563159942627,5.646050736104062
dip,DIP,470,247.0,0.8263469338417053,2.284956378613681
dip,DIP,471,249.0,1.5041903257369995,4.5005082090184825
dip,DIP,472,66.0,2.8363633155822754,17.053633944293928
dip,DIP,473,249.0,1.8545467853546143,6.388802095704317
dip,DIP,474,249.0,1.7759994268417358,5.906180983402119
dip,DIP,475,249.0,1.8312829732894897,6.241889701344633
dip,DIP,476,249.0,2.0667221546173096,7.898889299726992
dip,DIP,477,222.0,1.7328871488571167,5.656962847752426
dip,DIP,478,249.0,2.428995132446289,11.347473640897961
dip,DIP,479,249.0,1.5713591575622559,4.813185627711849
dip,DIP,480,250.0,1.899446964263916,6.6821979259720266
dip,DIP,481,249.0,2.0328805446624756,7.636050694037242
dip,DIP,482,249.0,1.2259315252304077,3.4073386268084236
dip,DIP,483,249.0,1.7823245525360107,5.943656714909856
dip,DIP,484,249.0,1.0480537414550781,2.852094798926935
dip,DIP,485,141.0,1.980488657951355,7.246283073986164
dip,DIP,487,249.0,1.8104543685913086,6.113224458471632
dip,DIP,488,249.0,2.2055470943450928,9.075215208863911
dip,DIP,489,249.0,2.3569326400756836,10.558514965011094
dip,DIP,490,249.0,2.0694985389709473,7.920850124127765
dip,DIP,491,249.0,1.6938362121582031,5.4403109119039375
dip,DIP,492,247.0,2.123861789703369,8.363372791575776
dip,DIP,493,249.0,1.7483723163604736,5.745243622233661
dip,DIP,494,249.0,1.7158949375152588,5.561650615608769
dip,DIP,495,248.0,2.297987699508667,9.954131583515423
dip,DIP,496,249.0,1.744390845298767,5.722414577756632
dip,DIP,497,249.0,2.2598650455474854,9.581795973475536
dip,DIP,498,249.0,2.0998711585998535,8.165117839579015
dip,DIP,499,139.0,1.837754726409912,6.282416669311203
ewd,EWD,0,249.0,1.708438515663147,5.52033482781972
ewd,EWD,1,249.0,1.7412773370742798,5.704625500494551
ewd,EWD,2,249.0,2.0816025733947754,8.017306947415271
ewd,EWD,3,249.0,2.205388069152832,9.073772135766042
ewd,EWD,4,156.0,2.2087438106536865,9.104272516566088
ewd,EWD,5,249.0,2.137599468231201,8.479058928486026
ewd,EWD,6,250.0,1.9581725597381592,7.086365316064055
ewd,EWD,7,98.0,2.129025459289551,8.406670175785656
ewd,EWD,8,249.0,1.9688739776611328,7.162606690674829
ewd,EWD,9,249.0,1.7987457513809204,6.042064458915968
ewd,EWD,10,249.0,1.579911470413208,4.854526023030338
ewd,EWD,11,249.0,1.8405472040176392,6.299984694925549
ewd,EWD,12,249.0,2.186582088470459,8.9047254784768
ewd,EWD,13,249.0,2.416672945022583,11.20850589556909
ewd,EWD,14,149.0,2.2389416694641113,9.383395296816117
ewd,EWD,15,95.0,2.216419219970703,9.174420397133984
ewd,EWD,16,249.0,2.1298532485961914,8.413632008529435
ewd,EWD,17,249.0,1.9452346563339233,6.9952731476071985
ewd,EWD,18,249.0,2.1224277019500732,8.351387577057883
ewd,EWD,19,249.0,2.011720657348633,7.47617021367643
ewd,EWD,20,190.0,2.0112977027893066,7.473008802012124
ewd,EWD,21,249.0,2.3101017475128174,10.075449754815093
ewd,EWD,22,249.0,1.9215489625930786,6.831532065747227
ewd,EWD,23,127.0,2.904287576675415,18.252235700736318
ewd,EWD,24,249.0,2.0012543201446533,7.398330155947861
ewd,EWD,25,250.0,1.1747946739196777,3.237478136893217
ewd,EWD,26,249.0,2.1399950981140137,8.499395965714033
ewd,EWD,27,249.0,1.9149318933486938,6.7864765770655335
ewd,EWD,28,59.0,2.9808552265167236,19.704661389622924
ewd,EWD,29,249.0,2.1063289642333984,8.218017206637793
ewd,EWD,30,249.0,2.500551223754883,12.189211091919393
ewd,EWD,31,249.0,2.0942623615264893,8.11944954236427
ewd,EWD,32,239.0,1.3469325304031372,3.845611124589011
ewd,EWD,33,249.0,2.028618097305298,7.603571699114625
ewd,EWD,34,130.0,1.8415617942810059,6.306379841734629
ewd,EWD,35,249.0,1.815712809562683,6.145455155772789
ewd,EWD,36,250.0,2.017796039581299,7.521729058928127
ewd,EWD,37,249.0,1.8996449708938599,6.683521176465828
ewd,EWD,38,69.0,3.1761183738708496,23.953593967464204
ewd,EWD,39,249.0,1.6685980558395386,5.304725652513076
ewd,EWD,40,106.0,2.501072645187378,12.19556846511921
ewd,EWD,41,249.0,1.890023946762085,6.61952719538798
ewd,EWD,42,234.0,1.817392110824585,6.155783896477189
ewd,EWD,43,249.0,2.022033929824829,7.553672960687644
ewd,EWD,44,249.0,1.9370394945144653,6.938180015453731
ewd,EWD,45,250.0,1.9455617666244507,6.997561747730749
ewd,EWD,46,249.0,1.6871892213821411,5.40426913284128
ewd,EWD,47,249.0,1.7558691501617432,5.788476611601985
ewd,EWD,48,249.0,1.3241443634033203,3.7589676683082347
ewd,EWD,49,250.0,1.1669859886169434,3.212296136064716
ewd,EWD,50,250.0,0.8228381276130676,2.2769529588760697
ewd,EWD,51,249.0,1.7719390392303467,5.882248220334932
ewd,EWD,52,249.0,2.1750926971435547,8.803001097424175
ewd,EWD,53,249.0,2.030851125717163,7.620569662154367
ewd,EWD,54,249.0,2.0310001373291016,7.621705300133135
ewd,EWD,55,250.0,2.4228827953338623,11.278325599983383
ewd,EWD,56,250.0,1.8149347305297852,6.140675365736815
ewd,EWD,57,81.0,3.00555157661438,20.19735341197794
ewd,EWD,58,249.0,0.9900702238082886,2.691423467718818
ewd,EWD,59,249.0,2.288078546524048,9.855981665224357
ewd,EWD,60,248.0,1.918868064880371,6.813241954970525
ewd,EWD,61,249.0,2.0839412212371826,8.036078546534066
ewd,EWD,62,225.0,1.4132801294326782,4.1094127267612395
ewd,EWD,63,249.0,1.708611249923706,5.521288461134444
ewd,EWD,64,249.0,1.8188647031784058,6.1648555345480025
ewd,EWD,65,249.0,2.076704740524292,7.9781355237647835
ewd,EWD,66,120.0,2.5647919178009033,12.997953445520414
ewd,EWD,67,249.0,2.1470186710357666,8.559302224792308
ewd,EWD,68,249.0,2.099342107772827,8.160799219718651
ewd,EWD,69,249.0,2.0507521629333496,7.77374603148133
ewd,EWD,70,249.0,2.4058678150177,11.088048483163853
ewd,EWD,71,249.0,1.8811944723129272,6.561337519316427
ewd,EWD,72,249.0,2.24326753616333,9.424074537105398
ewd,EWD,73,251.0,1.9521037340164185,7.043489634075957
ewd,EWD,74,249.0,2.2743096351623535,9.721205516977424
ewd,EWD,75,249.0,1.8957535028457642,6.657563007808968
ewd,EWD,76,120.0,2.2944843769073486,9.919320062960027
ewd,EWD,77,250.0,2.0916988849639893,8.098662179104801
ewd,EWD,78,249.0,1.8264250755310059,6.211640771946374
ewd,EWD,79,249.0,1.4399725198745728,4.220579833339742
ewd,EWD,80,250.0,2.546943187713623,12.768014644983179
ewd,EWD,81,249.0,2.179128646850586,8.838601359233381
ewd,EWD,82,249.0,2.1792032718658447,8.839260964605904
ewd,EWD,83,249.0,1.5022917985916138,4.4919719777130585
ewd,EWD,84,249.0,1.9397965669631958,6.957335474779144
ewd,EWD,85,249.0,1.493666648864746,4.45339465359197
ewd,EWD,86,249.0,2.032207489013672,7.630912936175497
ewd,EWD,87,248.0,1.2051104307174683,3.3371275791129675
ewd,EWD,88,249.0,1.9476587772369385,7.012251105463827
ewd,EWD,89,231.0,2.157705307006836,8.65126287162395
ewd,EWD,90,249.0,2.446728229522705,11.55049426458447
ewd,EWD,91,249.0,1.994686484336853,7.349898358376788
ewd,EWD,92,249.0,2.15960431098938,8.667707263312016
ewd,EWD,93,249.0,1.8697633743286133,6.486761283426147
ewd,EWD,94,249.0,2.0020291805267334,7.404065050463592
ewd,EWD,95,249.0,1.1888959407806396,3.2834540777227312
ewd,EWD,96,249.0,2.022322177886963,7.555850606116514
ewd,EWD,97,247.0,2.098933458328247,8.157464994961131
ewd,EWD,98,249.0,1.9050889015197754,6.720005019739174
ewd,EWD,99,195.0,1.8170510530471802,6.15368477648422
ewd,EWD,100,249.0,2.2843494415283203,9.819296119397984
ewd,EWD,101,249.0,1.6603084802627563,5.260933488302045
ewd,EWD,102,250.0,1.900374412536621,6.688398193665689
ewd,EWD,103,249.0,1.7418526411056519,5.707908338766955
ewd,EWD,104,250.0,1.7181061506271362,5.573962217144629
ewd,EWD,105,249.0,1.9207792282104492,6.826275623921721
ewd,EWD,106,248.0,2.2447495460510254,9.438051463164886
ewd,EWD,107,249.0,2.100804090499878,8.172738892888132
ewd,EWD,108,249.0,1.9497323036193848,7.026806278183652
ewd,EWD,109,249.0,1.8634415864944458,6.445882703857549
ewd,EWD,110,249.0,1.8946902751922607,6.650488264412007
ewd,EWD,111,249.0,2.0569989681243896,7.822459100662316
ewd,EWD,112,249.0,2.0078911781311035,7.447595123993405
ewd,EWD,113,249.0,2.1181094646453857,8.315402056604157
ewd,EWD,114,249.0,2.0107369422912598,7.468819408607346
ewd,EWD,115,103.0,2.8830454349517822,17.868608084508352
ewd,EWD,116,61.0,3.564470052719116,35.320730318602536
ewd,EWD,117,249.0,2.0749151706695557,7.963870860547048
ewd,EWD,118,249.0,1.5448065996170044,4.687065059181984
ewd,EWD,119,204.0,0.8542248606681824,2.3495524440272537
ewd,EWD,120,249.0,2.014549493789673,7.497349017979704
ewd,EWD,121,249.0,2.466339588165283,11.779250932931767
ewd,EWD,122,46.0,2.86741042137146,17.5914048396172
ewd,EWD,123,249.0,2.0361709594726562,7.661217850818188
ewd,EWD,124,249.0,2.160188674926758,8.672773839074347
ewd,EWD,125,249.0,2.497685194015503,12.154326464499082
ewd,EWD,126,250.0,1.930937647819519,6.8959732053553005
ewd,EWD,127,249.0,2.396803617477417,10.987998343497477
ewd,EWD,128,249.0,1.2070300579071045,3.343539772490433
ewd,EWD,129,238.0,2.1605193614959717,8.675642283152584
ewd,EWD,130,249.0,1.7018237113952637,5.483939400463275
ewd,EWD,131,249.0,1.982224702835083,7.258873872576307
ewd,EWD,132,250.0,2.2017838954925537,9.041127548952861
ewd,EWD,133,91.0,3.042919874191284,20.96637311762952
ewd,EWD,134,249.0,2.398296356201172,11.004412802322545
ewd,EWD,135,249.0,1.6051335334777832,4.9785243580269105
ewd,EWD,136,249.0,2.486285448074341,12.016556991188605
ewd,EWD,137,250.0,2.143730401992798,8.531203160218121
ewd,EWD,138,249.0,1.9999805688858032,7.388912522732713
ewd,EWD,139,209.0,1.9291296005249023,6.88351622445644
ewd,EWD,140,249.0,1.875160813331604,6.521867839299375
ewd,EWD,141,249.0,1.7950173616409302,6.019579230673179
ewd,EWD,142,249.0,2.44244384765625,11.501113395195322
ewd,EWD,143,249.0,2.158628225326538,8.65925096622915
ewd,EWD,144,249.0,1.721663475036621,5.59382591886553
ewd,EWD,145,249.0,2.0191245079040527,7.5317280779347096
ewd,EWD,146,249.0,1.909571647644043,6.750196716493747
ewd,EWD,147,226.0,1.3674092292785645,3.9251682999316166
ewd,EWD,148,250.0,2.2125401496887207,9.138901111059338
ewd,EWD,149,249.0,1.9021694660186768,6.700415008318364
ewd,EWD,150,249.0,1.3559637069702148,3.880498819001663
ewd,EWD,151,250.0,1.8754745721817017,6.523914454108088
ewd,EWD,152,249.0,1.6466933488845825,5.189790596582779
ewd,EWD,153,249.0,1.9211080074310303,6.828520330487042
ewd,EWD,154,249.0,2.358778238296509,10.578019734892887
ewd,EWD,155,249.0,1.8680027723312378,6.475350726226408
ewd,EWD,156,249.0,1.8243695497512817,6.198885697888074
ewd,EWD,157,249.0,2.182201862335205,8.865806067346483
ewd,EWD,158,249.0,1.0071539878845215,2.737798110111677
ewd,EWD,159,249.0,2.1201345920562744,8.332258868076018
ewd,EWD,160,251.0,0.5896300673484802,1.8033211846028756
ewd,EWD,161,248.0,2.184861421585083,8.889416586751222
ewd,EWD,162,249.0,1.9405637979507446,6.962675406364716
ewd,EWD,163,250.0,2.1220576763153076,8.34829792122969
ewd,EWD,164,249.0,1.1426568031311035,3.1350866182564827
ewd,EWD,165,65.0,3.0762648582458496,21.677283268932733
ewd,EWD,166,249.0,1.8000447750091553,6.049918343497813
ewd,EWD,167,248.0,2.0229861736297607,7.56086932477171
ewd,EWD,168,250.0,2.1925759315490723,8.95825928198987
ewd,EWD,169,118.0,2.1930084228515625,8.962134489151074
ewd,EWD,170,249.0,1.8598331212997437,6.422664876026673
ewd,EWD,171,139.0,2.8051960468292236,16.53031630451492
ewd,EWD,172,59.0,2.9625585079193115,19.347408984869432
ewd,EWD,173,249.0,2.175382614135742,8.805553607014637
ewd,EWD,174,249.0,1.729138731956482,5.635797884941546
ewd,EWD,175,248.0,1.8957839012145996,6.657765389940852
ewd,EWD,176,249.0,1.9935104846954346,7.341259960914591
ewd,EWD,177,249.0,1.9358404874801636,6.9298660740430895
ewd,EWD,178,249.0,1.662925124168396,5.274717503917686
ewd,EWD,179,249.0,2.2340264320373535,9.337386844924108
ewd,EWD,180,249.0,1.650695562362671,5.210602866249558
ewd,EWD,181,249.0,1.7961183786392212,6.0262105396507675
ewd,EWD,182,142.0,1.9829518795013428,7.2641542759401405
ewd,EWD,183,248.0,1.7151496410369873,5.557507081264156
ewd,EWD,184,249.0,2.192389726638794,8.956591365415964
ewd,EWD,185,249.0,1.5539231300354004,4.729990197234431
ewd,EWD,186,250.0,2.041865825653076,7.704971929819214
ewd,EWD,187,249.0,2.562535285949707,12.968654920200887
ewd,EWD,188,153.0,1.689812183380127,5.418462932164032
ewd,EWD,189,249.0,1.7276746034622192,5.6275523903750395
ewd,EWD,190,249.0,2.089310884475708,8.079345642994957
ewd,EWD,191,79.0,2.57818865776062,13.173255262450995
ewd,EWD,192,249.0,2.22389554977417,9.243268434404055
ewd,EWD,193,249.0,2.294893741607666,9.923381513695517
ewd,EWD,194,249.0,2.5262928009033203,12.507053947016587
ewd,EWD,195,249.0,2.3369596004486084,10.349721389380347
ewd,EWD,196,249.0,1.7402039766311646,5.698505666121157
ewd,EWD,197,117.0,2.600053548812866,13.464459021494019
ewd,EWD,198,135.0,2.360504150390625,10.596292230910272
ewd,EWD,199,249.0,1.5984591245651245,4.945406295370552
ewd,EWD,200,249.0,1.6549324989318848,5.232726695615508
ewd,EWD,201,101.0,2.7316246032714844,15.357817123601805
ewd,EWD,202,249.0,2.422945737838745,11.279035508389002
ewd,EWD,203,250.0,2.466413974761963,11.780127183910365
ewd,EWD,204,156.0,1.5981090068817139,4.943675124249388
ewd,EWD,205,249.0,1.8990713357925415,6.679688373538851
ewd,EWD,206,249.0,0.9739739894866943,2.6484484805131294
ewd,EWD,207,249.0,2.269670248031616,9.676209538795193
ewd,EWD,209,248.0,1.992268681526184,7.33214921907367
ewd,EWD,210,249.0,2.1839282512664795,8.881125116321506
ewd,EWD,211,249.0,2.505955934524536,12.255268602450903
ewd,EWD,212,250.0,2.022002935409546,7.553438842639181
ewd,EWD,213,249.0,1.8202145099639893,6.173182517025105
ewd,EWD,214,249.0,2.237091302871704,9.366048629431821
ewd,EWD,215,249.0,2.0508408546447754,7.774435528896952
ewd,EWD,216,250.0,2.1342735290527344,8.450904939379924
ewd,EWD,217,250.0,2.0956873893737793,8.131028232085042
ewd,EWD,218,249.0,1.8889583349227905,6.612477105834623
ewd,EWD,219,249.0,1.9400032758712769,6.958773766647038
ewd,EWD,220,250.0,2.4132273197174072,11.169952043230396
ewd,EWD,221,136.0,2.1727235317230225,8.782170017507998
ewd,EWD,222,179.0,1.8267457485198975,6.213632996767908
ewd,EWD,223,249.0,2.404925584793091,11.077605909178072
ewd,EWD,224,250.0,2.1212995052337646,8.34197088195789
ewd,EWD,225,250.0,1.8970597982406616,6.666265434439734
ewd,EWD,226,249.0,2.109497308731079,8.24409600773347
ewd,EWD,227,249.0,2.0540449619293213,7.799385604422277
ewd,EWD,228,249.0,2.0233945846557617,7.563957897830814
ewd,EWD,229,251.0,2.0219242572784424,7.552844575565856
ewd,EWD,230,249.0,2.0761046409606934,7.973349284372362
ewd,EWD,231,249.0,2.0352628231048584,7.654263578457998
ewd,EWD,232,249.0,2.170149803161621,8.75959615765769
ewd,EWD,233,164.0,2.9355785846710205,18.832396119337176
ewd,EWD,234,249.0,1.8505959510803223,6.3636107935107695
ewd,EWD,235,236.0,1.0605602264404297,2.887988463646688
ewd,EWD,236,250.0,1.8335609436035156,6.256124748139081
ewd,EWD,237,250.0,1.8172332048416138,6.154805783302237
ewd,EWD,238,250.0,0.9805352687835693,2.6658828239492585
ewd,EWD,239,249.0,2.270921230316162,9.688321880092367
ewd,EWD,240,250.0,1.5555058717727661,4.737482477745403
ewd,EWD,241,249.0,1.3411833047866821,3.8235652726135783
ewd,EWD,242,249.0,1.6679195165634155,5.301127408721714
ewd,EWD,243,73.0,3.365675926208496,28.95306081918119
ewd,EWD,244,251.0,1.9575399160385132,7.08188358951097
ewd,EWD,245,122.0,1.880104660987854,6.554190794378475
ewd,EWD,246,249.0,1.9428585767745972,6.978671553234495
ewd,EWD,247,249.0,1.910021424293518,6.753233480237706
ewd,EWD,248,249.0,1.855888843536377,6.3973819959033635
ewd,EWD,249,249.0,2.084949254989624,8.044183269176942
ewd,EWD,250,249.0,2.3427624702453613,10.409954067209753
ewd,EWD,251,247.0,2.276008129119873,9.737730956014163
ewd,EWD,252,249.0,2.0611252784729004,7.8548036805948955
ewd,EWD,253,249.0,1.9980461597442627,7.37463315832193
ewd,EWD,254,249.0,1.8128433227539062,6.12784612978592
ewd,EWD,255,249.0,1.6545896530151367,5.2309329841353565
ewd,EWD,256,134.0,2.38952374458313,10.90829756993326
ewd,EWD,257,249.0,2.1485469341278076,8.572393091072065
ewd,EWD,258,249.0,1.5235916376113892,4.5886764969930605
ewd,EWD,259,233.0,1.745729923248291,5.730082469742486
ewd,EWD,260,249.0,2.0952701568603516,8.12763641037737
ewd,EWD,261,249.0,2.2295796871185303,9.295958047330096
ewd,EWD,262,201.0,2.117790699005127,8.312751814569063
ewd,EWD,263,249.0,1.0461088418960571,2.8465531517306455
ewd,EWD,264,249.0,1.0231263637542725,2.781878346503863
ewd,EWD,265,249.0,1.9154078960418701,6.789707727150456
ewd,EWD,266,249.0,2.146512985229492,8.554975001345568
ewd,EWD,267,249.0,1.8961917161941528,6.6604810801091485
ewd,EWD,268,248.0,2.2475743293762207,9.464749604039017
ewd,EWD,269,250.0,2.0095605850219727,7.460038574314752
ewd,EWD,270,249.0,1.5010044574737549,4.486192998043053
ewd,EWD,271,250.0,1.9056743383407593,6.72394030993442
ewd,EWD,272,249.0,1.8444081544876099,6.324355641027458
ewd,EWD,273,250.0,2.1240835189819336,8.365227401794312
ewd,EWD,274,249.0,1.3981026411056519,4.0475130918056275
ewd,EWD,275,249.0,2.436357259750366,11.431323464231037
ewd,EWD,276,250.0,2.166792869567871,8.730240075824819
ewd,EWD,277,250.0,1.7801851034164429,5.930954156867661
ewd,EWD,278,92.0,3.5209741592407227,33.81735591271546
ewd,EWD,279,249.0,2.6137936115264893,13.650738347042232
ewd,EWD,280,250.0,2.0479342937469482,7.751871466382162
ewd,EWD,281,249.0,2.0361061096191406,7.6607210380721025
ewd,EWD,282,249.0,1.8971339464187622,6.666759744202291
ewd,EWD,283,252.0,1.361478567123413,3.9019583460699
ewd,EWD,284,250.0,2.332254409790039,10.301138362812495
ewd,EWD,285,249.0,1.5742489099502563,4.827114658405215
ewd,EWD,286,249.0,2.221090316772461,9.217375247938977
ewd,EWD,287,249.0,1.5909600257873535,4.908458914244746
ewd,EWD,288,249.0,1.7639403343200684,5.835385522908674
ewd,EWD,289,249.0,1.705584168434143,5.504600341926658
ewd,EWD,290,249.0,1.551985740661621,4.72083523571439
ewd,EWD,291,249.0,1.3307892084121704,3.7840285966381413
ewd,EWD,292,250.0,2.163459062576294,8.701183601672012
ewd,EWD,293,248.0,2.303011417388916,10.004264152840308
ewd,EWD,294,249.0,2.545217514038086,12.746000218542708
ewd,EWD,295,249.0,1.7190319299697876,5.579124865589895
ewd,EWD,296,249.0,0.8401394486427307,2.316690013535065
ewd,EWD,297,248.0,1.6476929187774658,5.19498074854117
ewd,EWD,298,249.0,2.1004791259765625,8.17008347417143
ewd,EWD,299,108.0,3.0395662784576416,20.896178146757606
ewd,EWD,300,249.0,2.1506900787353516,8.590784669966027
ewd,EWD,301,249.0,2.1484668254852295,8.571706395803375
ewd,EWD,302,249.0,1.5136620998382568,4.543338525448207
ewd,EWD,303,62.0,1.6447476148605347,5.179702462037342
ewd,EWD,304,249.0,0.6874393224716187,1.9886168015689936
ewd,EWD,305,248.0,1.303666114807129,3.682773419028694
ewd,EWD,306,197.0,1.7540574073791504,5.777998875226357
ewd,EWD,307,249.0,1.7947455644607544,6.01794334833661
ewd,EWD,308,249.0,2.3744239807128906,10.744822178366313
ewd,EWD,309,249.0,1.6074718236923218,4.990179213723299
ewd,EWD,310,251.0,1.4529061317443848,4.275521707326609
ewd,EWD,311,249.0,2.8317787647247314,16.97562963615445
ewd,EWD,312,249.0,1.023668646812439,2.7833873211097555
ewd,EWD,313,249.0,1.8437265157699585,6.320046184271485
ewd,EWD,314,249.0,1.8170359134674072,6.153591612987879
ewd,EWD,315,249.0,1.7886651754379272,5.981462931617524
ewd,EWD,316,250.0,1.9927061796188354,7.335357722177867
ewd,EWD,317,142.0,2.408262252807617,11.11462993658664
ewd,EWD,318,249.0,1.623127818107605,5.068920207559587
ewd,EWD,319,249.0,2.2240114212036133,9.244339527183605
ewd,EWD,320,249.0,2.0069494247436523,7.4405846276544905
ewd,EWD,321,249.0,2.203402042388916,9.05576926446425
ewd,EWD,322,249.0,2.4217724800109863,11.26581005164165
ewd,EWD,323,250.0,1.6425710916519165,5.16844097929996
ewd,EWD,324,249.0,1.9894734621047974,7.311682870469287
ewd,EWD,325,249.0,2.0607593059539795,7.8519295642621545
ewd,EWD,326,249.0,2.3819828033447266,10.826348115301363
ewd,EWD,327,249.0,2.059326648712158,7.840688494732175
ewd,EWD,328,249.0,2.01608943939209,7.508903421923123
ewd,EWD,329,249.0,1.9472365379333496,7.009290882445699
ewd,EWD,330,250.0,2.3150267601013184,10.12519386633173
ewd,EWD,331,88.0,1.821560025215149,6.1814942187567095
ewd,EWD,332,157.0,1.9572762250900269,7.080016407100552
ewd,EWD,333,249.0,1.9064711332321167,6.729300046244857
ewd,EWD,334,249.0,1.0206183195114136,2.7749100146276353
ewd,EWD,335,249.0,1.6108136177062988,5.006883259943905
ewd,EWD,336,251.0,1.6897863149642944,5.418322766924664
ewd,EWD,337,248.0,2.187117099761963,8.909490881814156
ewd,EWD,338,249.0,1.6556456089019775,5.236459535997581
ewd,EWD,339,250.0,2.084296941757202,8.03893765306484
ewd,EWD,340,223.0,1.9273699522018433,6.87141430735705
ewd,EWD,341,247.0,2.037264823913574,7.669602769745578
ewd,EWD,342,246.0,1.9555739164352417,7.067974286505805
ewd,EWD,343,249.0,1.8962746858596802,6.661033720922511
ewd,EWD,344,249.0,2.1823718547821045,8.86731331552038
ewd,EWD,345,249.0,0.5921465158462524,1.8078648640587989
ewd,EWD,346,250.0,2.2144951820373535,9.156785434881836
ewd,EWD,347,81.0,3.6028637886047363,36.703194270074874
ewd,EWD,348,249.0,2.1577210426330566,8.65139900573391
ewd,EWD,349,250.0,2.010805130004883,7.469328707690055
ewd,EWD,350,102.0,1.4979047775268555,4.4723087650250894
ewd,EWD,351,249.0,1.8801504373550415,6.554490828290075
ewd,EWD,352,250.0,1.9707282781600952,7.175900637512153
ewd,EWD,353,249.0,2.3229074478149414,10.205302598585963
ewd,EWD,354,56.0,2.445814371109009,11.53994356987327
ewd,EWD,355,249.0,2.18045973777771,8.850374174916935
ewd,EWD,356,250.0,1.5517667531967163,4.719801545160656
ewd,EWD,357,249.0,2.2048466205596924,9.06886048443201
ewd,EWD,358,249.0,1.6335735321044922,5.122146206130375
ewd,EWD,359,249.0,2.1009092330932617,8.173598241026633
ewd,EWD,360,249.0,1.7369437217712402,5.679957337897081
ewd,EWD,361,251.0,1.4430431127548218,4.233559433061542
ewd,EWD,362,250.0,1.7984999418258667,6.0405794442625895
ewd,EWD,363,249.0,1.8486075401306152,6.350969891947763
ewd,EWD,364,249.0,0.6870480179786682,1.9878387991076396
ewd,EWD,365,249.0,1.8860976696014404,6.593588052401193
ewd,EWD,366,250.0,2.4229066371917725,11.27859449942532
ewd,EWD,367,249.0,1.8834604024887085,6.576221909120351
ewd,EWD,368,249.0,1.8396544456481934,6.294362840713867
ewd,EWD,369,249.0,1.9347903728485107,6.922592739869044
ewd,EWD,370,90.0,2.490320920944214,12.065147457729097
ewd,EWD,371,249.0,2.024934768676758,7.575616761013198
ewd,EWD,372,249.0,1.4036959409713745,4.070215477677472
ewd,EWD,373,249.0,1.9179880619049072,6.807248919109044
ewd,EWD,374,249.0,1.7244638204574585,5.609512517358411
ewd,EWD,375,249.0,1.9669839143753052,7.149081696311926
ewd,EWD,376,249.0,1.818915843963623,6.165170818162648
ewd,EWD,377,249.0,1.4140881299972534,4.112734476371594
ewd,EWD,378,249.0,1.4570780992507935,4.293396305157117
ewd,EWD,379,249.0,2.158524751663208,8.65835500816481
ewd,EWD,380,249.0,0.9866229891777039,2.6821614728420906
ewd,EWD,381,250.0,2.012610673904419,7.482827090866506
ewd,EWD,382,249.0,1.8161591291427612,6.148198604919296
ewd,EWD,383,101.0,1.636926293373108,5.139348360787284
ewd,EWD,384,249.0,1.5693657398223877,4.803600494857274
ewd,EWD,385,249.0,1.9340577125549316,6.917522688579353
ewd,EWD,386,250.0,2.0537309646606445,7.796937003092315
ewd,EWD,387,249.0,1.7759708166122437,5.906012008625977
ewd,EWD,388,249.0,1.9192017316818237,6.815515686934504
ewd,EWD,389,249.0,2.4909780025482178,12.073077849345054
ewd,EWD,390,249.0,1.4427545070648193,4.232337780016687
ewd,EWD,391,249.0,2.290203809738159,9.876950494744857
ewd,EWD,392,83.0,2.467650890350342,11.794707222136603
ewd,EWD,393,250.0,1.8546044826507568,6.389170722945124
ewd,EWD,394,249.0,2.0060105323791504,7.433601998041913
ewd,EWD,395,249.0,1.8885990381240845,6.610101690744052
ewd,EWD,396,226.0,1.6328704357147217,5.118546109380789
ewd,EWD,397,221.0,2.0298900604248047,7.613249315373131
ewd,EWD,398,249.0,2.091719388961792,8.098828235758733
ewd,EWD,399,249.0,1.7838562726974487,5.952767709698628
ewd,EWD,400,249.0,2.2534217834472656,9.520256421264094
ewd,EWD,401,249.0,2.271866798400879,9.69748718058157
ewd,EWD,402,249.0,2.0680465698242188,7.90935763951726
ewd,EWD,403,250.0,0.881787121295929,2.4152121288881623
ewd,EWD,404,249.0,1.6626513004302979,5.273273358782984
ewd,EWD,405,242.0,2.357605218887329,10.56561878713133
ewd,EWD,406,249.0,1.9893347024917603,7.310668374570688
ewd,EWD,407,251.0,1.7863205671310425,5.967455171712787
ewd,EWD,408,64.0,2.5177035331726074,12.400087551273122
ewd,EWD,409,249.0,2.092195987701416,8.102689047044143
ewd,EWD,410,249.0,1.4710718393325806,4.353899321533082
ewd,EWD,411,249.0,1.901955008506775,6.698978208058781
ewd,EWD,412,249.0,1.9582639932632446,7.0870132770471725
ewd,EWD,413,250.0,1.642454981803894,5.167840907241152
ewd,EWD,414,249.0,1.838958978652954,6.28998684096017
ewd,EWD,415,246.0,2.2954163551330566,9.928568962489567
ewd,EWD,416,249.0,2.210887908935547,9.12381391347798
ewd,EWD,417,250.0,2.1484453678131104,8.57152246891136
ewd,EWD,418,248.0,2.0258090496063232,7.582242874397267
ewd,EWD,419,249.0,1.8516515493392944,6.370331756679596
ewd,EWD,420,249.0,1.6276222467422485,5.0917533802842065
ewd,EWD,421,249.0,1.9900617599487305,7.315985583251738
ewd,EWD,422,247.0,2.0370194911956787,7.667721396043595
ewd,EWD,423,206.0,2.509398937225342,12.297536247401778
ewd,EWD,424,249.0,1.974959135055542,7.206325161725827
ewd,EWD,425,170.0,2.2086615562438965,9.103523680801615
ewd,EWD,426,249.0,1.3998851776123047,4.054734365833121
ewd,EWD,427,249.0,2.1061246395111084,8.216338234087912
ewd,EWD,428,58.0,3.112543821334839,22.478152136985777
ewd,EWD,429,208.0,1.5634821653366089,4.775421132523557
ewd,EWD,430,249.0,2.226085901260376,9.263536630289952
ewd,EWD,431,249.0,2.114654064178467,8.286718597413827
ewd,EWD,432,251.0,2.059370279312134,7.841030596138412
ewd,EWD,433,249.0,2.292886972427368,9.90348754548692
ewd,EWD,434,250.0,2.5265116691589355,12.509791643683373
ewd,EWD,435,249.0,2.053501844406128,7.7951507715404444
ewd,EWD,436,249.0,1.9716010093688965,7.182166003542328
ewd,EWD,437,249.0,2.0450642108917236,7.729654850006024
ewd,EWD,438,249.0,2.170168876647949,8.759763235288615
ewd,EWD,439,249.0,1.8933026790618896,6.641266472172497
ewd,EWD,440,249.0,1.3244445323944092,3.76009616320188
ewd,EWD,441,251.0,1.886163592338562,6.594022734100606
ewd,EWD,442,166.0,2.3755199909210205,10.75660506906308
ewd,EWD,443,249.0,2.01944899559021,7.534172427510705
ewd,EWD,444,250.0,0.6741445660591125,1.9623535939037997
ewd,EWD,445,249.0,2.17545485496521,8.80618975048862
ewd,EWD,446,249.0,1.7662968635559082,5.84915299484971
ewd,EWD,447,249.0,2.331496477127075,10.293333751640095
ewd,EWD,448,249.0,1.087180256843567,2.9658991966501387
ewd,EWD,449,206.0,1.8955049514770508,6.655908467038786
ewd,EWD,450,249.0,2.307518243789673,10.049453388175548
ewd,EWD,451,58.0,3.1560490131378174,23.47765254417101
ewd,EWD,452,250.0,1.9775073528289795,7.224711864295877
ewd,EWD,453,249.0,2.156048536300659,8.636941579551262
ewd,EWD,454,249.0,2.030226945877075,7.615814540381221
ewd,EWD,455,249.0,1.9447180032730103,6.991659951788276
ewd,EWD,456,249.0,2.42269229888916,11.276177323680388
ewd,EWD,457,249.0,2.3088574409484863,10.062920603215952
ewd,EWD,458,249.0,1.858279824256897,6.412696313740994
ewd,EWD,459,249.0,1.8821415901184082,6.567554822703352
ewd,EWD,460,249.0,2.2130212783813477,9.143299156531043
ewd,EWD,461,248.0,2.257781505584717,9.561852702165796
ewd,EWD,462,249.0,1.5824536085128784,4.866882597994829
ewd,EWD,463,249.0,1.9225820302963257,6.8385931475478445
ewd,EWD,464,248.0,2.124516725540161,8.368852058221616
ewd,EWD,465,249.0,1.9743577241897583,7.201992502455967
ewd,EWD,466,249.0,1.8161349296569824,6.148049823474816
ewd,EWD,467,251.0,2.791499614715576,16.305453374561477
ewd,EWD,468,249.0,1.9729892015457153,7.192143153699729
ewd,EWD,469,249.0,2.0562078952789307,7.816273412670551
ewd,EWD,470,246.0,1.6670697927474976,5.2966248277573635
ewd,EWD,471,250.0,1.881406307220459,6.562727586870333
ewd,EWD,472,243.0,0.7751603126525879,2.170940128458796
ewd,EWD,473,249.0,2.2682220935821533,9.662207034239405
ewd,EWD,474,250.0,1.963634967803955,7.125179849020674
ewd,EWD,475,234.0,1.696711778640747,5.455977401838141
ewd,EWD,476,249.0,2.2485692501068115,9.474170965606737
ewd,EWD,477,249.0,1.935031771659851,6.924264047245533
ewd,EWD,478,249.0,2.350440740585327,10.490192159438003
ewd,EWD,479,88.0,2.767012119293213,15.911022679038352
ewd,EWD,480,249.0,1.4895120859146118,4.434931125663667
ewd,EWD,481,203.0,2.398833990097046,11.010330738348214
ewd,EWD,482,101.0,2.23478627204895,9.344484461237581
ewd,EWD,483,251.0,2.2032864093780518,9.054722179138489
ewd,EWD,484,249.0,0.627666175365448,1.8732336748906397
ewd,EWD,485,249.0,2.0149941444396973,7.500683460370057
ewd,EWD,486,178.0,1.8223955631256104,6.186661249844356
ewd,EWD,487,250.0,1.886738657951355,6.597815820357167
ewd,EWD,488,249.0,2.2596592903137207,9.579824671614922
ewd,EWD,489,249.0,2.112640619277954,8.270050531858649
ewd,EWD,490,249.0,1.4743378162384033,4.368142302129984
ewd,EWD,491,249.0,1.9714629650115967,7.181174614481756
ewd,EWD,492,246.0,2.0929019451141357,8.108411220007428
ewd,EWD,493,249.0,1.8150688409805298,6.141498949702364
ewd,EWD,494,249.0,1.7620296478271484,5.824246575516004
ewd,EWD,495,249.0,2.382350206375122,10.830326479193765
ewd,EWD,496,249.0,1.8563071489334106,6.400058615102235
ewd,EWD,497,249.0,1.7694803476333618,5.867803351080344
ewd,EWD,498,249.0,2.1627695560455322,8.69518614663312
ewd,EWD,499,250.0,2.1685659885406494,8.745733561978069
morphmark,MorphMark,0,249.0,1.8816646337509155,6.564423132510964
morphmark,MorphMark,1,249.0,1.5692832469940186,4.803204248610059
morphmark,MorphMark,2,249.0,2.07833194732666,7.991128168152104
morphmark,MorphMark,3,249.0,1.7979577779769897,6.037305348090132
morphmark,MorphMark,4,250.0,1.8674163818359375,6.471554755176257
morphmark,MorphMark,5,250.0,1.6087499856948853,4.9965615491406705
morphmark,MorphMark,6,249.0,1.8292686939239502,6.2293294458956785
morphmark,MorphMark,7,251.0,2.069239854812622,7.918801390679054
morphmark,MorphMark,8,250.0,1.6841788291931152,5.388024626691528
morphmark,MorphMark,9,249.0,1.241695761680603,3.4614783329631527
morphmark,MorphMark,10,249.0,2.071786642074585,7.93899459617548
morphmark,MorphMark,11,249.0,1.3328779935836792,3.791940880112772
morphmark,MorphMark,12,223.0,1.9277178049087524,6.873804963198105
morphmark,MorphMark,13,249.0,2.129108428955078,8.407367703334753
morphmark,MorphMark,14,248.0,1.584581732749939,4.877250957475989
morphmark,MorphMark,15,110.0,2.0768589973449707,7.979366300511037
morphmark,MorphMark,16,249.0,1.7702077627182007,5.872073232552607
morphmark,MorphMark,17,249.0,1.597025752067566,4.9383227638799205
morphmark,MorphMark,18,249.0,2.1547553539276123,8.625779657699372
morphmark,MorphMark,19,249.0,1.7442032098770142,5.721340950812262
morphmark,MorphMark,20,249.0,2.1095848083496094,8.244817394549347
morphmark,MorphMark,21,249.0,2.091008424758911,8.093072305170583
morphmark,MorphMark,22,249.0,1.721722960472107,5.594158679933466
morphmark,MorphMark,23,197.0,1.477482557296753,4.38190060038047
morphmark,MorphMark,24,249.0,1.57133948802948,4.813090955530471
morphmark,MorphMark,25,250.0,1.7282593250274658,5.6308439038329166
morphmark,MorphMark,26,250.0,1.7771437168121338,5.912943235315428
morphmark,MorphMark,27,249.0,1.8433837890625,6.317880506790718
morphmark,MorphMark,29,249.0,2.0743820667266846,7.9596264210550105
morphmark,MorphMark,30,249.0,1.117087483406067,3.055940751157436
morphmark,MorphMark,31,250.0,1.8311941623687744,6.241335377988602
morphmark,MorphMark,32,95.0,1.7933928966522217,6.009808573160353
morphmark,MorphMark,33,249.0,1.9410672187805176,6.966181444627528
morphmark,MorphMark,34,250.0,1.7182480096817017,5.574752990242772
morphmark,MorphMark,35,249.0,1.6125988960266113,5.015829923846523
morphmark,MorphMark,36,249.0,1.4783766269683838,4.385820076692731
morphmark,MorphMark,37,89.0,1.7299166917800903,5.640184015165341
morphmark,MorphMark,38,249.0,2.054206609725952,7.80064645982481
morphmark,MorphMark,39,249.0,1.0899174213409424,2.974028471139341
morphmark,MorphMark,40,250.0,1.7702851295471191,5.872527553812257
morphmark,MorphMark,41,249.0,1.4986474514007568,4.47563146558962
morphmark,MorphMark,42,184.0,1.755393624305725,5.785724695661661
morphmark,MorphMark,43,249.0,1.7144603729248047,5.553677788706042
morphmark,MorphMark,44,249.0,1.7782381772994995,5.919418260733916
morphmark,MorphMark,45,250.0,1.9960603713989258,7.360003228524625
morphmark,MorphMark,46,249.0,1.6060314178466797,4.982996504662981
morphmark,MorphMark,47,249.0,1.9911211729049683,7.323740340185969
morphmark,MorphMark,48,249.0,1.4004144668579102,4.05688106118801
morphmark,MorphMark,49,249.0,1.425264835357666,4.158959136349223
morphmark,MorphMark,50,73.0,2.7632155418395996,15.850729774833354
morphmark,MorphMark,51,249.0,1.6496539115905762,5.205178063616286
morphmark,MorphMark,52,249.0,2.031494140625,7.625471377822573
morphmark,MorphMark,53,249.0,1.523560881614685,4.588535369844107
morphmark,MorphMark,54,249.0,1.955987572669983,7.07089860292557
morphmark,MorphMark,55,250.0,2.0582144260406494,7.831972751050434
morphmark,MorphMark,56,250.0,1.7931303977966309,6.008231212324344
morphmark,MorphMark,57,155.0,2.3005549907684326,9.979719570381691
morphmark,MorphMark,58,249.0,1.10076105594635,3.0064532325992563
morphmark,MorphMark,59,210.0,1.658876895904541,5.253407406606348
morphmark,MorphMark,60,248.0,1.5200860500335693,4.572618652201942
morphmark,MorphMark,61,249.0,1.6694194078445435,5.309084489388425
morphmark,MorphMark,62,249.0,1.3973438739776611,4.044443136759228
morphmark,MorphMark,63,249.0,1.05814528465271,2.881022554141751
morphmark,MorphMark,64,249.0,1.8595774173736572,6.421022785355398
morphmark,MorphMark,65,249.0,1.7050656080245972,5.501746614098046
morphmark,MorphMark,66,147.0,2.1372087001800537,8.475746230443411
morphmark,MorphMark,67,249.0,1.8621376752853394,6.437483322361287
morphmark,MorphMark,68,249.0,1.4768497943878174,4.379128773257087
morphmark,MorphMark,69,249.0,1.4210245609283447,4.14136134437168
morphmark,MorphMark,70,249.0,0.8815001845359802,2.414519215161274
morphmark,MorphMark,71,249.0,1.8583285808563232,6.4130089826286785
morphmark,MorphMark,72,249.0,1.7446503639221191,5.723899843628843
morphmark,MorphMark,73,249.0,1.486547827720642,4.421804309982119
morphmark,MorphMark,74,249.0,1.583438754081726,4.8716795482795465
morphmark,MorphMark,75,124.0,1.7162690162658691,5.563731500105457
morphmark,MorphMark,76,249.0,1.8062314987182617,6.087463537868606
morphmark,MorphMark,77,249.0,1.4931292533874512,4.451002062387947
morphmark,MorphMark,78,247.0,2.139669179916382,8.496626309265164
morphmark,MorphMark,79,249.0,1.5410962104797363,4.669706447417635
morphmark,MorphMark,80,250.0,2.140268564224243,8.501720580305244
morphmark,MorphMark,81,249.0,2.1461470127105713,8.55184468843421
morphmark,MorphMark,82,222.0,1.9854676723480225,7.282452390786893
morphmark,MorphMark,83,249.0,1.8150948286056519,6.141658554748626
morphmark,MorphMark,84,249.0,1.3544920682907104,3.874792326821047
morphmark,MorphMark,85,98.0,1.77335524559021,5.890584599298004
morphmark,MorphMark,86,249.0,1.8483405113220215,6.349274226429949
morphmark,MorphMark,87,248.0,1.7853972911834717,5.961948106546146
morphmark,MorphMark,88,249.0,1.3688355684280396,3.9307709158114217
morphmark,MorphMark,89,231.0,1.505998969078064,4.50865538867233
morphmark,MorphMark,90,249.0,2.066176414489746,7.894579734931131
morphmark,MorphMark,91,249.0,1.7029224634170532,5.489968201439011
morphmark,MorphMark,92,67.0,1.5097354650497437,4.5255334741822475
morphmark,MorphMark,93,249.0,1.5173933506011963,4.5603225268671075
morphmark,MorphMark,94,250.0,2.1819350719451904,8.86344107098116
morphmark,MorphMark,95,211.0,1.3474570512771606,3.8476287569961336
morphmark,MorphMark,96,249.0,1.707953691482544,5.517659084695064
morphmark,MorphMark,97,247.0,2.106506109237671,8.219473116280726
morphmark,MorphMark,98,249.0,1.8174138069152832,6.155917454371763
morphmark,MorphMark,99,251.0,1.6026922464370728,4.966385174674308
morphmark,MorphMark,100,249.0,1.8511717319488525,6.367275893906535
morphmark,MorphMark,101,249.0,1.1755694150924683,3.2399873163586923
morphmark,MorphMark,102,249.0,1.5699553489685059,4.806433576766768
morphmark,MorphMark,103,174.0,1.5421403646469116,4.67458488734265
morphmark,MorphMark,104,250.0,1.3651831150054932,3.9164401452941653
morphmark,MorphMark,105,249.0,1.7448066473007202,5.7247944639405
morphmark,MorphMark,106,248.0,1.5414583683013916,4.671397924404725
morphmark,MorphMark,107,249.0,2.0966708660125732,8.13902884196226
morphmark,MorphMark,108,251.0,2.0163583755493164,7.510923109125685
morphmark,MorphMark,109,250.0,1.4694174528121948,4.346702244199814
morphmark,MorphMark,110,132.0,2.009192943572998,7.457296459012391
morphmark,MorphMark,111,250.0,2.055513858795166,7.810850515816888
morphmark,MorphMark,112,249.0,1.7911666631698608,5.996444217699611
morphmark,MorphMark,113,249.0,2.065603256225586,7.890056187792033
morphmark,MorphMark,114,249.0,1.7510961294174194,5.760913923624635
morphmark,MorphMark,115,249.0,1.7930827140808105,6.0079447243650925
morphmark,MorphMark,116,174.0,2.4455463886260986,11.53685148147404
morphmark,MorphMark,117,249.0,1.5359989404678345,4.645964254369252
morphmark,MorphMark,118,250.0,1.6481738090515137,5.197479565037129
morphmark,MorphMark,119,249.0,1.2146799564361572,3.3692155959856938
morphmark,MorphMark,120,249.0,1.7552390098571777,5.78483020818052
morphmark,MorphMark,121,249.0,1.3580143451690674,3.8884644826662265
morphmark,MorphMark,122,238.0,1.092900037765503,2.9829120989458455
morphmark,MorphMark,123,249.0,1.756263017654419,5.790756953418187
morphmark,MorphMark,124,247.0,1.7708137035369873,5.875632439640642
morphmark,MorphMark,125,249.0,2.0337629318237305,7.642791620748567
morphmark,MorphMark,126,250.0,1.758061408996582,5.801180370469981
morphmark,MorphMark,127,84.0,2.8537464141845703,17.352670505686575
morphmark,MorphMark,128,249.0,1.6119853258132935,5.012753303967861
morphmark,MorphMark,129,163.0,2.400667428970337,11.03053602364945
morphmark,MorphMark,130,249.0,1.6228314638137817,5.0674182338602
morphmark,MorphMark,131,249.0,1.658204436302185,5.249875889884932
morphmark,MorphMark,132,249.0,1.718593955039978,5.576681883789932
morphmark,MorphMark,133,249.0,2.1790428161621094,8.837842768549194
morphmark,MorphMark,134,250.0,1.992891550064087,7.336717606742216
morphmark,MorphMark,135,249.0,1.7425342798233032,5.711800396425361
morphmark,MorphMark,136,249.0,2.3318910598754883,10.297396124980661
morphmark,MorphMark,137,250.0,1.0030723810195923,2.726646268748804
morphmark,MorphMark,138,249.0,1.5863498449325562,4.885882112488173
morphmark,MorphMark,139,207.0,1.9342669248580933,6.918970070833011
morphmark,MorphMark,140,249.0,1.413448452949524,4.110104495782442
morphmark,MorphMark,141,105.0,1.9859650135040283,7.2860751548776514
morphmark,MorphMark,142,249.0,2.185486078262329,8.89497115484737
morphmark,MorphMark,143,249.0,1.8801147937774658,6.554257206951342
morphmark,MorphMark,144,249.0,1.6403155326843262,5.15679639336262
morphmark,MorphMark,145,249.0,1.9316786527633667,6.901085049310026
morphmark,MorphMark,146,249.0,1.9301503896713257,6.890546430676235
morphmark,MorphMark,147,226.0,1.1151759624481201,3.0501048358795297
morphmark,MorphMark,148,251.0,1.825303554534912,6.20467819147034
morphmark,MorphMark,149,250.0,1.7735549211502075,5.891760922514171
morphmark,MorphMark,150,249.0,1.7634072303771973,5.832275484938647
morphmark,MorphMark,151,250.0,1.748793363571167,5.747663150367599
morphmark,MorphMark,152,249.0,1.5830482244491577,4.869777384505401
morphmark,MorphMark,153,249.0,1.715893030166626,5.561640007612187
morphmark,MorphMark,154,249.0,2.105142831802368,8.208275328631117
morphmark,MorphMark,155,249.0,1.5449388027191162,4.687684744683878
morphmark,MorphMark,156,249.0,1.5004855394363403,4.483865635484476
morphmark,MorphMark,157,250.0,1.8048263788223267,6.078915928350205
morphmark,MorphMark,158,249.0,1.138126254081726,3.120915081220506
morphmark,MorphMark,159,249.0,1.6356713771820068,5.132902954385909
morphmark,MorphMark,160,176.0,1.9133671522140503,6.775865801729388
morphmark,MorphMark,161,248.0,1.9378172159194946,6.943578085388877
morphmark,MorphMark,162,249.0,1.7731062173843384,5.889117860220986
morphmark,MorphMark,163,249.0,1.5036765336990356,4.498196477659335
morphmark,MorphMark,164,249.0,1.606353998184204,4.984604180645728
morphmark,MorphMark,165,112.0,2.7759814262390137,16.054375451736895
morphmark,MorphMark,166,249.0,1.5734835863113403,4.8234217667582655
morphmark,MorphMark,167,225.0,1.878261685371399,6.542122704572298
morphmark,MorphMark,168,250.0,1.7565805912017822,5.7925962366842
morphmark,MorphMark,169,249.0,1.6921653747558594,5.431228626575878
morphmark,MorphMark,170,249.0,1.6589374542236328,5.2537255537615275
morphmark,MorphMark,171,94.0,2.7965681552886963,16.38830802525428
morphmark,MorphMark,172,99.0,2.1530821323394775,8.611358884900248
morphmark,MorphMark,173,249.0,1.6335153579711914,5.121848238381285
morphmark,MorphMark,174,249.0,1.5391688346862793,4.66071483613878
morphmark,MorphMark,175,248.0,1.4359662532806396,4.20370489067641
morphmark,MorphMark,176,158.0,1.845792531967163,6.333116999664113
morphmark,MorphMark,177,249.0,1.3109610080718994,3.7097370870052226
morphmark,MorphMark,178,249.0,1.5330239534378052,4.632163110261856
morphmark,MorphMark,179,249.0,1.7059444189071655,5.506583734041159
morphmark,MorphMark,180,249.0,1.2112765312194824,3.3577682138702527
morphmark,MorphMark,181,249.0,1.38589608669281,3.9984072194946036
morphmark,MorphMark,182,236.0,1.5365551710128784,4.64854920044505
morphmark,MorphMark,183,248.0,2.056786060333252,7.820793815456318
morphmark,MorphMark,184,104.0,2.364309072494507,10.636687098366403
morphmark,MorphMark,185,249.0,1.8128916025161743,6.128141987882203
morphmark,MorphMark,186,249.0,1.640999674797058,5.160325582037748
morphmark,MorphMark,187,249.0,1.8841209411621094,6.580567192972215
morphmark,MorphMark,188,250.0,1.6292074918746948,5.099831458721495
morphmark,MorphMark,189,249.0,1.6924456357955933,5.432751001679045
morphmark,MorphMark,190,249.0,1.9595141410827637,7.095878631589585
morphmark,MorphMark,191,68.0,2.3484036922454834,10.46884488101584
morphmark,MorphMark,192,250.0,1.1757326126098633,3.240516117393448
morphmark,MorphMark,193,249.0,2.1279380321502686,8.397533503118764
morphmark,MorphMark,194,249.0,1.407975435256958,4.087671265887696
morphmark,MorphMark,195,249.0,1.6398764848709106,5.154532810128881
morphmark,MorphMark,196,249.0,1.5269027948379517,4.603895508701937
morphmark,MorphMark,197,250.0,2.234797477722168,9.344589173063524
morphmark,MorphMark,198,251.0,1.455162525177002,4.285179858624892
morphmark,MorphMark,199,249.0,1.6551010608673096,5.233608808498109
morphmark,MorphMark,200,249.0,2.2309365272521973,9.308579737160864
morphmark,MorphMark,201,250.0,1.6768549680709839,5.348707634441834
morphmark,MorphMark,202,110.0,2.3102405071258545,10.076847917326248
morphmark,MorphMark,203,150.0,1.3746910095214844,3.9538548306576553
morphmark,MorphMark,204,215.0,1.5896437168121338,4.902002116224312
morphmark,MorphMark,205,249.0,1.773926019668579,5.893947752002611
morphmark,MorphMark,206,249.0,1.9435027837753296,6.983168710699535
morphmark,MorphMark,207,249.0,2.0959928035736084,8.13351194282729
morphmark,MorphMark,209,249.0,2.0577197074890137,7.8280990871002984
morphmark,MorphMark,210,249.0,1.8526256084442139,6.3765398593671705
morphmark,MorphMark,211,249.0,2.1542482376098633,8.621406493026948
morphmark,MorphMark,212,250.0,1.9517866373062134,7.041256520759783
morphmark,MorphMark,213,249.0,1.4405337572097778,4.222949245157418
morphmark,MorphMark,214,247.0,1.7534393072128296,5.774428596669131
morphmark,MorphMark,215,249.0,1.6987857818603516,5.467304859066613
morphmark,MorphMark,216,234.0,1.800481915473938,6.052563585743476
morphmark,MorphMark,217,250.0,1.9938868284225464,7.3440233180034165
morphmark,MorphMark,218,249.0,1.83658766746521,6.275088995488284
morphmark,MorphMark,219,166.0,2.172959804534912,8.78424525066346
morphmark,MorphMark,220,250.0,1.9746037721633911,7.203764756138088
morphmark,MorphMark,221,120.0,2.239719867706299,9.390700280535942
morphmark,MorphMark,222,192.0,1.5570017099380493,4.744574287620566
morphmark,MorphMark,223,249.0,1.31148362159729,3.7116763524815797
morphmark,MorphMark,224,250.0,1.9136860370635986,6.778026867223343
morphmark,MorphMark,225,250.0,1.856329321861267,6.400200524713455
morphmark,MorphMark,226,249.0,1.667718529701233,5.300062058822058
morphmark,MorphMark,227,250.0,1.8929592370986938,6.638985974208953
morphmark,MorphMark,228,249.0,1.8415368795394897,6.306222721868279
morphmark,MorphMark,229,249.0,2.0273520946502686,7.5939516479458895
morphmark,MorphMark,230,131.0,1.7184574604034424,5.575920748569748
morphmark,MorphMark,231,249.0,2.0812292098999023,8.014314136411869
morphmark,MorphMark,232,249.0,1.9904993772506714,7.319187885764107
morphmark,MorphMark,233,249.0,2.1715662479400635,8.772012433304958
morphmark,MorphMark,234,249.0,1.4934085607528687,4.4522454336807575
morphmark,MorphMark,235,238.0,1.0059313774108887,2.7344528948318767
morphmark,MorphMark,236,250.0,2.2609331607818604,9.592035903466554
morphmark,MorphMark,237,249.0,1.6659388542175293,5.290638056634034
morphmark,MorphMark,238,249.0,1.1071826219558716,3.0258214912059276
morphmark,MorphMark,239,249.0,2.0954887866973877,8.129413548461885
morphmark,MorphMark,240,250.0,1.469793677330017,4.348337887821079
morphmark,MorphMark,241,249.0,1.4852285385131836,4.41597451771505
morphmark,MorphMark,242,249.0,1.104180097579956,3.0167500139023393
morphmark,MorphMark,243,141.0,2.615795373916626,13.678091249534965
morphmark,MorphMark,244,249.0,1.7318503856658936,5.651100956119565
morphmark,MorphMark,245,143.0,1.9022254943847656,6.700790432140491
morphmark,MorphMark,246,249.0,1.4450002908706665,4.241853376650974
morphmark,MorphMark,247,249.0,1.710972547531128,5.534341271087155
morphmark,MorphMark,248,249.0,1.515472650527954,4.551571921390183
morphmark,MorphMark,249,249.0,1.805450439453125,6.082710724427281
morphmark,MorphMark,250,250.0,1.900091290473938,6.686504828612409
morphmark,MorphMark,251,247.0,1.9937456846237183,7.342986827802434
morphmark,MorphMark,252,249.0,2.129410982131958,8.409911763980002
morphmark,MorphMark,253,65.0,2.3008008003234863,9.982172982332544
morphmark,MorphMark,254,249.0,1.4598228931427002,4.305196980913664
morphmark,MorphMark,255,249.0,1.4958810806274414,4.463267319302579
morphmark,MorphMark,256,249.0,2.011188507080078,7.472192826067264
morphmark,MorphMark,257,249.0,1.6853349208831787,5.394257279253033
morphmark,MorphMark,258,182.0,1.4378044605255127,4.211439277987276
morphmark,MorphMark,259,212.0,1.1412566900253296,3.130700213842241
morphmark,MorphMark,260,249.0,1.688252568244934,5.410018801873875
morphmark,MorphMark,261,249.0,1.8370946645736694,6.278271254094113
morphmark,MorphMark,262,122.0,2.0063819885253906,7.436363768099264
morphmark,MorphMark,263,249.0,1.5553007125854492,4.736510639384534
morphmark,MorphMark,264,249.0,1.609455943107605,5.000090154180291
morphmark,MorphMark,265,250.0,1.7947114706039429,6.017738176935354
morphmark,MorphMark,266,249.0,1.9452111721038818,6.99510887093236
morphmark,MorphMark,267,249.0,1.5394529104232788,4.66203902021618
morphmark,MorphMark,268,249.0,1.630372405052185,5.105775781228333
morphmark,MorphMark,269,249.0,1.9829758405685425,7.2643283349142065
morphmark,MorphMark,270,249.0,1.6237049102783203,5.071846285952609
morphmark,MorphMark,271,249.0,1.65047025680542,5.209429020709092
morphmark,MorphMark,272,249.0,1.9218167066574097,6.833361412795597
morphmark,MorphMark,273,250.0,1.5484362840652466,4.704108538849982
morphmark,MorphMark,274,249.0,1.7964521646499634,6.028222340163445
morphmark,MorphMark,275,249.0,1.7293716669082642,5.637110812157512
morphmark,MorphMark,276,252.0,1.9315185546875,6.8999802873097345
morphmark,MorphMark,277,250.0,1.6013647317886353,4.959796599787567
morphmark,MorphMark,278,249.0,1.819587230682373,6.169311421786393
morphmark,MorphMark,279,249.0,2.2911858558654785,9.886654880025016
morphmark,MorphMark,280,250.0,1.6815295219421387,5.373768986103739
morphmark,MorphMark,281,249.0,1.412157416343689,4.104801624261763
morphmark,MorphMark,282,250.0,1.8646745681762695,6.453835260825637
morphmark,MorphMark,283,250.0,1.8042383193969727,6.075342215423376
morphmark,MorphMark,284,249.0,1.815046787261963,6.141363508306448
morphmark,MorphMark,285,195.0,1.5820237398147583,4.864790927112655
morphmark,MorphMark,286,249.0,1.8055791854858398,6.083493899715477
morphmark,MorphMark,287,249.0,1.6793649196624756,5.362149493832695
morphmark,MorphMark,288,242.0,2.00954532623291,7.459924744028206
morphmark,MorphMark,289,249.0,1.3977556228637695,4.046108774604449
morphmark,MorphMark,290,249.0,1.1367697715759277,3.116684484524659
morphmark,MorphMark,291,249.0,1.3331375122070312,3.7929250870943076
morphmark,MorphMark,292,249.0,1.9781370162963867,7.229262433932746
morphmark,MorphMark,293,248.0,2.1677746772766113,8.738815701949465
morphmark,MorphMark,294,231.0,2.229893445968628,9.298875194053952
morphmark,MorphMark,295,249.0,1.7792344093322754,5.925318313243337
morphmark,MorphMark,296,249.0,1.062647819519043,2.8940237057475096
morphmark,MorphMark,297,249.0,1.4300421476364136,4.178875317929091
morphmark,MorphMark,298,249.0,2.0629642009735107,7.869261345009004
morphmark,MorphMark,299,249.0,2.2027127742767334,9.049529562139927
morphmark,MorphMark,300,249.0,2.133497953414917,8.44435316441837
morphmark,MorphMark,301,249.0,1.9176902770996094,6.805222125604185
morphmark,MorphMark,302,249.0,0.9606932401657104,2.6135076340312446
morphmark,MorphMark,303,130.0,1.2628002166748047,3.53530726610154
morphmark,MorphMark,304,98.0,2.110231876373291,8.25015407865907
morphmark,MorphMark,305,248.0,1.285309076309204,3.6157853381177505
morphmark,MorphMark,306,251.0,1.453508734703064,4.278098925799091
morphmark,MorphMark,307,249.0,1.6236170530319214,5.07140070707772
morphmark,MorphMark,308,249.0,1.3674722909927368,3.9254158355779545
morphmark,MorphMark,309,249.0,1.6682639122009277,5.302953408290269
morphmark,MorphMark,310,251.0,1.471444845199585,4.355523654448381
morphmark,MorphMark,311,249.0,2.3674848079681396,10.670520096798622
morphmark,MorphMark,312,249.0,0.6316521167755127,1.8807151750714695
morphmark,MorphMark,313,249.0,1.6085504293441772,4.995564553033597
morphmark,MorphMark,314,242.0,0.9890373349189758,2.6886449615136927
morphmark,MorphMark,315,249.0,1.813594937324524,6.132453639542396
morphmark,MorphMark,316,249.0,1.747297763824463,5.739073371852202
morphmark,MorphMark,317,250.0,1.8039720058441162,6.073724484874514
morphmark,MorphMark,318,249.0,1.2787048816680908,3.5919846666041977
morphmark,MorphMark,319,249.0,1.8257052898406982,6.207171330518353
morphmark,MorphMark,320,249.0,1.844897747039795,6.327452756547156
morphmark,MorphMark,321,200.0,1.9700264930725098,7.170866464115273
morphmark,MorphMark,322,251.0,2.0403099060058594,7.692992934206317
morphmark,MorphMark,323,250.0,1.6431876420974731,5.171628566441741
morphmark,MorphMark,324,249.0,1.7640552520751953,5.8360561508460576
morphmark,MorphMark,325,249.0,1.9075955152511597,6.736870605520381
morphmark,MorphMark,326,249.0,1.8311712741851807,6.241192526793408
morphmark,MorphMark,327,249.0,1.9607285261154175,7.104500994768071
morphmark,MorphMark,328,249.0,1.6545929908752441,5.2309504442870285
morphmark,MorphMark,329,249.0,1.5983847379684448,4.945038437109074
morphmark,MorphMark,330,250.0,1.8838965892791748,6.579090995931679
morphmark,MorphMark,331,130.0,1.6892509460449219,5.415422741681081
morphmark,MorphMark,332,141.0,1.7599351406097412,5.812060415482714
morphmark,MorphMark,333,249.0,1.1707313060760498,3.2243497631067557
morphmark,MorphMark,334,249.0,2.0609946250915527,7.853777490973235
morphmark,MorphMark,335,129.0,1.8836244344711304,6.577300708313317
morphmark,MorphMark,336,251.0,1.4642109870910645,4.324130099503342
morphmark,MorphMark,337,248.0,1.6439024209976196,5.175326458850722
morphmark,MorphMark,338,176.0,1.8524303436279297,6.375294867038558
morphmark,MorphMark,339,194.0,1.900421142578125,6.688710750093704
morphmark,MorphMark,340,164.0,1.673471212387085,5.330639500896779
morphmark,MorphMark,341,247.0,1.4955790042877197,4.46191927546389
morphmark,MorphMark,342,250.0,1.730312705039978,5.642418045147104
morphmark,MorphMark,343,249.0,1.6553524732589722,5.2349247680230135
morphmark,MorphMark,344,173.0,2.36971378326416,10.69433094953299
morphmark,MorphMark,345,64.0,1.7145509719848633,5.554180969487076
morphmark,MorphMark,346,249.0,2.129539728164673,8.410994576457506
morphmark,MorphMark,347,249.0,2.101574182510376,8.179035077823132
morphmark,MorphMark,348,250.0,1.7376806735992432,5.684144735605907
morphmark,MorphMark,349,250.0,1.6542754173278809,5.229289496548846
morphmark,MorphMark,350,95.0,1.1496727466583252,3.1571595496009115
morphmark,MorphMark,351,249.0,1.76902437210083,5.865128386228152
morphmark,MorphMark,352,250.0,1.6664332151412964,5.293254187954297
morphmark,MorphMark,353,204.0,2.0212602615356445,7.547831183541343
morphmark,MorphMark,354,249.0,0.7096649408340454,2.033309865391972
morphmark,MorphMark,355,78.0,2.570002555847168,13.065857835227629
morphmark,MorphMark,356,249.0,1.2160327434539795,3.3737765113822045
morphmark,MorphMark,357,249.0,2.023878812789917,7.567621465980309
morphmark,MorphMark,358,249.0,1.772363543510437,5.88474578995801
morphmark,MorphMark,359,247.0,1.8429851531982422,6.315362474956859
morphmark,MorphMark,360,249.0,1.927734136581421,6.873917224847459
morphmark,MorphMark,361,154.0,1.5044770240783691,4.501798682236755
morphmark,MorphMark,362,250.0,1.5389775037765503,4.659823182632352
morphmark,MorphMark,363,249.0,1.739163875579834,5.692581725669205
morphmark,MorphMark,364,113.0,2.3228440284729004,10.204655405532327
morphmark,MorphMark,365,249.0,1.6672035455703735,5.29733331365973
morphmark,MorphMark,366,250.0,1.9563087224960327,7.073169785457332
morphmark,MorphMark,367,249.0,1.5425468683242798,4.676485509568315
morphmark,MorphMark,368,206.0,2.057993173599243,7.830240099641982
morphmark,MorphMark,369,149.0,1.5580641031265259,4.749617569525772
morphmark,MorphMark,370,200.0,2.088299036026001,8.071174704204463
morphmark,MorphMark,371,187.0,1.6600658893585205,5.259657388481356
morphmark,MorphMark,372,59.0,3.2580902576446533,25.99983671071521
morphmark,MorphMark,373,249.0,2.350093126296997,10.486546252477444
morphmark,MorphMark,374,250.0,1.978569746017456,7.232391427604772
morphmark,MorphMark,375,249.0,1.6846197843551636,5.390401027868588
morphmark,MorphMark,376,250.0,1.4242604970932007,4.154784231407565
morphmark,MorphMark,377,249.0,1.8602073192596436,6.425068673840472
morphmark,MorphMark,378,249.0,1.5107837915420532,4.530280198438745
morphmark,MorphMark,379,249.0,1.6660531759262085,5.291242925990862
morphmark,MorphMark,380,249.0,1.4633270502090454,4.320309530245546
morphmark,MorphMark,381,250.0,1.7701818943023682,5.871921333285133
morphmark,MorphMark,382,249.0,2.5156657695770264,12.374844832360937
morphmark,MorphMark,383,229.0,1.5771493911743164,4.841135938237909
morphmark,MorphMark,384,103.0,1.1515065431594849,3.162954449446174
morphmark,MorphMark,385,249.0,1.3954968452453613,4.036979828673483
morphmark,MorphMark,386,249.0,1.9853919744491577,7.281901145306653
morphmark,MorphMark,387,249.0,1.597922444343567,4.942752905698826
morphmark,MorphMark,388,249.0,1.8468929529190063,6.3400899301767915
morphmark,MorphMark,389,249.0,1.9693785905838013,7.166221946646662
morphmark,MorphMark,390,249.0,1.9096064567565918,6.750431688940546
morphmark,MorphMark,391,249.0,1.9641839265823364,7.129092352849747
morphmark,MorphMark,392,161.0,2.293489933013916,9.90946075877134
morphmark,MorphMark,393,250.0,1.757714867591858,5.799170369569723
morphmark,MorphMark,394,249.0,1.6198967695236206,5.0525687105665815
morphmark,MorphMark,395,249.0,1.436797857284546,4.207202162465799
morphmark,MorphMark,396,251.0,1.5595985651016235,4.756911271605585
morphmark,MorphMark,397,249.0,0.7543744444847107,2.1262810004338344
morphmark,MorphMark,398,249.0,1.9931728839874268,7.338781964664298
morphmark,MorphMark,399,249.0,1.3853411674499512,3.996189041899357
morphmark,MorphMark,400,249.0,1.879697322845459,6.551521566151532
morphmark,MorphMark,401,249.0,1.9554818868637085,7.067323853790591
morphmark,MorphMark,402,249.0,1.5143356323242188,4.54639964230492
morphmark,MorphMark,403,61.0,2.8585376739501953,17.436011151616686
morphmark,MorphMark,404,250.0,1.868550181388855,6.478896362233286
morphmark,MorphMark,405,249.0,1.0587576627731323,2.8827873696303947
morphmark,MorphMark,406,249.0,1.6018095016479492,4.962003058470265
morphmark,MorphMark,407,251.0,0.5039787888526917,1.6552942520944633
morphmark,MorphMark,408,249.0,1.7009071111679077,5.4789151233405455
morphmark,MorphMark,409,249.0,1.9135451316833496,6.777071874053696
morphmark,MorphMark,410,249.0,1.9557697772979736,7.069358761625147
morphmark,MorphMark,411,249.0,1.3810436725616455,3.979052288847528
morphmark,MorphMark,412,249.0,1.7361282110214233,5.675327159866114
morphmark,MorphMark,413,249.0,1.5989534854888916,4.947851715405386
morphmark,MorphMark,414,249.0,1.946991205215454,7.007571484983838
morphmark,MorphMark,415,248.0,2.029559850692749,7.6107357613794635
morphmark,MorphMark,416,249.0,1.4589836597442627,4.301585431498845
morphmark,MorphMark,417,72.0,3.9444363117218018,51.647216974446096
morphmark,MorphMark,418,248.0,1.714668869972229,5.554835834847739
morphmark,MorphMark,419,250.0,1.6602413654327393,5.260580413493656
morphmark,MorphMark,420,210.0,2.0439465045928955,7.721020192496864
morphmark,MorphMark,421,249.0,1.4578393697738647,4.296665985605862
morphmark,MorphMark,422,247.0,1.69625723361969,5.453497978022701
morphmark,MorphMark,423,250.0,2.1877195835113525,8.91486032262378
morphmark,MorphMark,424,249.0,1.5318944454193115,4.626933998603556
morphmark,MorphMark,425,250.0,1.7814913988113403,5.938706797487065
morphmark,MorphMark,426,249.0,1.509993314743042,4.526700532056868
morphmark,MorphMark,427,249.0,1.6731630563735962,5.328997085351947
morphmark,MorphMark,428,249.0,1.5061091184616089,4.509152041636515
morphmark,MorphMark,429,221.0,1.3951318264007568,4.035506523869096
morphmark,MorphMark,430,249.0,1.6350288391113281,5.1296059281704816
morphmark,MorphMark,431,249.0,1.8333098888397217,6.254554315358735
morphmark,MorphMark,432,251.0,1.4681963920593262,4.341397895809895
morphmark,MorphMark,433,249.0,1.9855557680130005,7.2830939715327565
morphmark,MorphMark,434,251.0,1.9617537260055542,7.111788263222529
morphmark,MorphMark,435,249.0,1.9776384830474854,7.225659304458944
morphmark,MorphMark,436,166.0,2.40173602104187,11.04232946705691
morphmark,MorphMark,437,249.0,1.751281499862671,5.761981925788673
morphmark,MorphMark,438,249.0,1.99966561794281,7.386585744195765
morphmark,MorphMark,439,249.0,1.7678732872009277,5.858381009653441
morphmark,MorphMark,440,249.0,1.868061900138855,6.475733610837854
morphmark,MorphMark,441,250.0,1.7454932928085327,5.728726718220185
morphmark,MorphMark,442,250.0,1.753198504447937,5.773038265701867
morphmark,MorphMark,443,249.0,0.9048459529876709,2.4715511586586056
morphmark,MorphMark,444,125.0,0.8606540560722351,2.3647068388848833
morphmark,MorphMark,445,249.0,1.8130168914794922,6.128909824538654
morphmark,MorphMark,446,249.0,1.807460069656372,6.09494701470783
morphmark,MorphMark,447,249.0,1.5776079893112183,4.843356583312602
morphmark,MorphMark,448,249.0,1.6928536891937256,5.434968306545113
morphmark,MorphMark,449,88.0,2.3583791255950928,10.573798755240189
morphmark,MorphMark,450,249.0,1.5452498197555542,4.689142921248048
morphmark,MorphMark,451,199.0,2.0458288192749023,7.735567268957918
morphmark,MorphMark,452,218.0,1.7780539989471436,5.918328132423848
morphmark,MorphMark,453,249.0,1.5092025995254517,4.52312261580353
morphmark,MorphMark,454,249.0,1.8928277492523193,6.638113085629471
morphmark,MorphMark,455,249.0,1.6051691770553589,4.978701813608636
morphmark,MorphMark,456,249.0,2.0378074645996094,7.673765737649897
morphmark,MorphMark,457,249.0,1.9036177396774292,6.710126073320031
morphmark,MorphMark,458,249.0,1.6666902303695679,5.294614809730481
morphmark,MorphMark,459,249.0,1.629950761795044,5.103623419094082
morphmark,MorphMark,460,249.0,1.754827857017517,5.782452247699573
morphmark,MorphMark,461,176.0,2.177396774291992,8.82330727560758
morphmark,MorphMark,462,249.0,1.114211916923523,3.047165812866562
morphmark,MorphMark,463,249.0,1.569374680519104,4.803643442584435
morphmark,MorphMark,464,249.0,1.9925272464752197,7.334045300982419
morphmark,MorphMark,465,249.0,1.7912548780441284,5.99697321660477
morphmark,MorphMark,466,249.0,1.542050838470459,4.674166408363875
morphmark,MorphMark,467,250.0,2.2460744380950928,9.450564149608958
morphmark,MorphMark,468,221.0,2.1677305698394775,8.738430263685675
morphmark,MorphMark,469,249.0,1.7856009006500244,5.963162139209812
morphmark,MorphMark,470,116.0,1.9650460481643677,7.135241147350811
morphmark,MorphMark,471,250.0,1.6462492942810059,5.187486557774148
morphmark,MorphMark,472,243.0,1.209975242614746,3.3534016300652514
morphmark,MorphMark,473,249.0,2.020066261291504,7.538824449356897
morphmark,MorphMark,474,249.0,1.7415724992752075,5.70630953883275
morphmark,MorphMark,475,136.0,1.443716049194336,4.2364093082577865
morphmark,MorphMark,476,249.0,1.8198330402374268,6.17082808387935
morphmark,MorphMark,477,204.0,1.5202020406723022,4.573149063920895
morphmark,MorphMark,478,249.0,2.1904733180999756,8.939443313829008
morphmark,MorphMark,479,249.0,1.8131698369979858,6.129847285517969
morphmark,MorphMark,480,249.0,1.4953340291976929,4.460826350262881
morphmark,MorphMark,481,174.0,2.0927181243896484,8.106920862965977
morphmark,MorphMark,482,203.0,1.8522696495056152,6.374270476934342
morphmark,MorphMark,483,249.0,1.7291051149368286,5.635608429397769
morphmark,MorphMark,484,249.0,0.8244508504867554,2.2806280156226686
morphmark,MorphMark,485,195.0,1.929758071899414,6.887843677057103
morphmark,MorphMark,486,181.0,1.5917223691940308,4.912202272215808
morphmark,MorphMark,487,250.0,1.7734875679016113,5.891364106639657
morphmark,MorphMark,488,249.0,1.6898704767227173,5.418778801686505
morphmark,MorphMark,489,244.0,1.8931726217269897,6.640402782920545
morphmark,MorphMark,490,249.0,2.0009405612945557,7.39600922851029
morphmark,MorphMark,491,250.0,1.6358176469802856,5.133653797977163
morphmark,MorphMark,492,247.0,1.954380750656128,7.059546050600721
morphmark,MorphMark,493,160.0,1.9993947744369507,7.384585406317966
morphmark,MorphMark,494,249.0,1.4086387157440186,4.090383437841812
morphmark,MorphMark,495,249.0,1.8134347200393677,6.131471193173468
morphmark,MorphMark,496,249.0,1.8689013719558716,6.481172089103896
morphmark,MorphMark,497,249.0,1.9293137788772583,6.884784135890412
morphmark,MorphMark,498,249.0,1.7612122297286987,5.8194876762255285
morphmark,MorphMark,499,194.0,1.6438117027282715,5.174856983486382
sweet,SWEET,0,249.0,2.2919843196868896,9.894552168691565
sweet,SWEET,1,249.0,1.762251615524292,5.825539513605904
sweet,SWEET,2,249.0,2.0336968898773193,7.642286892580716
sweet,SWEET,3,249.0,2.3086676597595215,10.061011031385553
sweet,SWEET,4,250.0,2.126716375350952,8.387280863096013
sweet,SWEET,5,250.0,2.192702293395996,8.959391335700657
sweet,SWEET,6,178.0,2.116910934448242,8.305441766184655
sweet,SWEET,7,137.0,2.4875032901763916,12.031200174947188
sweet,SWEET,8,249.0,1.990362286567688,7.3181845620727
sweet,SWEET,9,249.0,1.5438519716262817,4.682592790698126
sweet,SWEET,10,249.0,2.5221376419067383,12.455192969208616
sweet,SWEET,11,249.0,1.8540894985198975,6.385881248499725
sweet,SWEET,12,102.0,2.6758949756622314,14.525343853294816
sweet,SWEET,13,138.0,1.8738752603530884,6.513489019535367
sweet,SWEET,14,249.0,1.3007047176361084,3.6718833970428983
sweet,SWEET,15,221.0,3.2035861015319824,24.620664275658413
sweet,SWEET,16,249.0,2.041532516479492,7.7024042199372
sweet,SWEET,17,249.0,1.94620943069458,7.002095284999393
sweet,SWEET,18,249.0,1.6390246152877808,5.150143690157012
sweet,SWEET,19,249.0,1.880942940711975,6.559687343130235
sweet,SWEET,20,249.0,1.577416181564331,4.842427679087346
sweet,SWEET,21,249.0,2.2249107360839844,9.252656838660029
sweet,SWEET,22,249.0,2.0405514240264893,7.6948511550203795
sweet,SWEET,23,249.0,1.9758154153823853,7.212498438841326
sweet,SWEET,24,142.0,2.124938726425171,8.372384466483984
sweet,SWEET,25,249.0,1.8645490407943726,6.453025178626964
sweet,SWEET,26,249.0,2.1073193550109863,8.22616028683946
sweet,SWEET,27,249.0,1.7482388019561768,5.744476600659253
sweet,SWEET,28,238.0,0.6332141160964966,1.8836551464167623
sweet,SWEET,29,249.0,1.947608232498169,7.011896682020711
sweet,SWEET,30,249.0,2.404186964035034,11.06942678051294
sweet,SWEET,31,249.0,1.6444047689437866,5.177926926583195
sweet,SWEET,32,111.0,1.4921494722366333,4.44664319018408
sweet,SWEET,33,249.0,1.9710510969161987,7.178217526777412
sweet,SWEET,34,250.0,1.382343053817749,3.984225955363429
sweet,SWEET,35,249.0,1.5287818908691406,4.612554803755833
sweet,SWEET,36,249.0,1.5762332677841187,4.836702891288811
sweet,SWEET,37,249.0,1.8817187547683716,6.564778415383955
sweet,SWEET,38,108.0,2.9307892322540283,18.74241678084109
sweet,SWEET,39,249.0,1.2516815662384033,3.4962171378670974
sweet,SWEET,40,66.0,2.873551845550537,17.699773547130967
sweet,SWEET,41,165.0,1.6730594635009766,5.328445067828728
sweet,SWEET,42,249.0,2.0151233673095703,7.501652782840782
sweet,SWEET,43,249.0,1.7409756183624268,5.702904567868781
sweet,SWEET,44,249.0,2.1252830028533936,8.375267377334463
sweet,SWEET,45,250.0,2.1432223320007324,8.526869812811308
sweet,SWEET,46,249.0,1.6182668209075928,5.0443399912060665
sweet,SWEET,47,249.0,2.7316133975982666,15.357645029885994
sweet,SWEET,48,249.0,1.3703478574752808,3.9367198747535617
sweet,SWEET,49,249.0,1.5844439268112183,4.876578889637951
sweet,SWEET,50,55.0,2.994828939437866,19.981941475346208
sweet,SWEET,51,249.0,1.7333115339279175,5.659364087820265
sweet,SWEET,52,152.0,2.453045606613159,11.62369406435842
sweet,SWEET,53,249.0,1.7108309268951416,5.533557549653452
sweet,SWEET,54,249.0,2.324913263320923,10.225793095990204
sweet,SWEET,55,250.0,0.9288254976272583,2.5315341380125393
sweet,SWEET,56,249.0,1.9525493383407593,7.0466289429082005
sweet,SWEET,57,250.0,2.309347629547119,10.067854541345909
sweet,SWEET,58,249.0,1.630579948425293,5.106835561127645
sweet,SWEET,59,249.0,2.140915870666504,8.507225580325947
sweet,SWEET,60,248.0,1.889678955078125,6.6172439074341485
sweet,SWEET,61,249.0,1.7966644763946533,6.02950233844039
sweet,SWEET,62,249.0,1.217755913734436,3.3795951145818015
sweet,SWEET,63,249.0,1.802926778793335,6.067379380359039
sweet,SWEET,64,58.0,2.3973588943481445,10.994101419124767
sweet,SWEET,65,249.0,2.0019538402557373,7.403507247209005
sweet,SWEET,66,250.0,2.313523054122925,10.109979993245203
sweet,SWEET,67,249.0,1.9200643301010132,6.821397276352186
sweet,SWEET,68,249.0,2.0850942134857178,8.045349426406103
sweet,SWEET,69,186.0,2.692540407180786,14.76914795269311
sweet,SWEET,70,249.0,1.236167550086975,3.4423953443111004
sweet,SWEET,71,249.0,2.1648128032684326,8.712970724537193
sweet,SWEET,72,249.0,1.9017421007156372,6.6975520952262775
sweet,SWEET,73,249.0,1.1712604761123657,3.22605644391034
sweet,SWEET,74,249.0,2.167419672012329,8.735713926977478
sweet,SWEET,75,249.0,2.0510072708129883,7.775729428327596
sweet,SWEET,76,249.0,1.9880361557006836,7.3011812906565625
sweet,SWEET,77,249.0,1.9622386693954468,7.115237914306235
sweet,SWEET,78,247.0,2.451781988143921,11.609015425910398
sweet,SWEET,79,249.0,0.7085291743278503,2.0310018111036308
sweet,SWEET,80,250.0,2.6373016834259033,13.975442516782723
sweet,SWEET,81,249.0,1.9019461870193481,6.698919113367399
sweet,SWEET,82,90.0,2.8559956550598145,17.391744768724074
sweet,SWEET,83,249.0,1.9230797290802002,6.841997554155031
sweet,SWEET,84,249.0,1.8639247417449951,6.448997818411721
sweet,SWEET,85,136.0,1.9439592361450195,6.986356922183466
sweet,SWEET,86,249.0,1.7274863719940186,5.6264932076151135
sweet,SWEET,87,249.0,1.9615904092788696,7.110626884081407
sweet,SWEET,88,249.0,1.97462797164917,7.203939085650192
sweet,SWEET,89,231.0,1.7674379348754883,5.855831104951323
sweet,SWEET,90,249.0,2.5055644512176514,12.250471808365322
sweet,SWEET,91,249.0,2.069606065750122,7.921701873422047
sweet,SWEET,92,249.0,1.8761345148086548,6.528221284325062
sweet,SWEET,93,249.0,2.0991618633270264,8.159328413542307
sweet,SWEET,94,249.0,2.2470133304595947,9.459441378858521
sweet,SWEET,95,55.0,2.9963836669921875,20.01303211281951
sweet,SWEET,96,249.0,2.130594253540039,8.41986886192769
sweet,SWEET,97,247.0,2.145003318786621,8.54206958655331
sweet,SWEET,98,249.0,2.166898012161255,8.731158044165195
sweet,SWEET,99,249.0,1.9198280572891235,6.8197857560234025
sweet,SWEET,100,249.0,1.9130996465682983,6.7740534617889585
sweet,SWEET,101,249.0,1.5658754110336304,4.786863575427555
sweet,SWEET,102,181.0,1.989344596862793,7.3107407093939365
sweet,SWEET,103,222.0,1.621177077293396,5.059041696366847
sweet,SWEET,104,250.0,1.6520942449569702,5.217895944946542
sweet,SWEET,105,249.0,1.8163338899612427,6.149273163032271
sweet,SWEET,106,247.0,2.1246984004974365,8.37037260718039
sweet,SWEET,107,249.0,2.244964122772217,9.44007686659673
sweet,SWEET,108,251.0,2.2176308631896973,9.185543258505382
sweet,SWEET,109,250.0,1.9142982959747314,6.7821780452408875
sweet,SWEET,110,249.0,2.036670684814453,7.665047312287046
sweet,SWEET,111,249.0,2.300564765930176,9.979817124231445
sweet,SWEET,112,249.0,2.1218953132629395,8.346942576129083
sweet,SWEET,113,78.0,3.0517613887786865,21.15256952758152
sweet,SWEET,114,249.0,1.791100263595581,5.996046069574942
sweet,SWEET,115,249.0,1.5795490741729736,4.852767079787931
sweet,SWEET,116,61.0,3.392942428588867,29.753370764712027
sweet,SWEET,117,249.0,1.8950834274291992,6.6531034327958585
sweet,SWEET,118,249.0,1.9483044147491455,7.016779939657831
sweet,SWEET,119,242.0,1.0088683366775513,2.742495676480414
sweet,SWEET,120,249.0,2.2837796211242676,9.813702477952583
sweet,SWEET,121,249.0,2.4894819259643555,12.055029104798004
sweet,SWEET,122,50.0,2.7677481174468994,15.92273747285788
sweet,SWEET,123,249.0,1.701558232307434,5.48248372246811
sweet,SWEET,124,246.0,2.080592393875122,8.00921211743832
sweet,SWEET,125,249.0,2.2066688537597656,9.085401128972409
sweet,SWEET,126,250.0,1.7091968059539795,5.524522431630799
sweet,SWEET,127,140.0,2.430065155029297,11.359622192406919
sweet,SWEET,128,249.0,2.265751838684082,9.638368375890444
sweet,SWEET,129,227.0,2.527337074279785,12.520121552360116
sweet,SWEET,130,249.0,1.8707983493804932,6.493478394943815
sweet,SWEET,131,175.0,2.0493156909942627,7.762587279981017
sweet,SWEET,132,251.0,1.989568829536438,7.312380200136356
sweet,SWEET,133,103.0,2.8710036277770996,17.654728086788573
sweet,SWEET,134,249.0,2.2553088665008545,9.53823889769933
sweet,SWEET,135,249.0,2.0625226497650146,7.865787430164234
sweet,SWEET,136,249.0,1.8589425086975098,6.416947316191506
sweet,SWEET,137,250.0,2.009777545928955,7.461657286642256
sweet,SWEET,138,249.0,1.6381844282150269,5.1458184232768165
sweet,SWEET,139,222.0,1.9258688688278198,6.861107479223747
sweet,SWEET,140,249.0,1.784722089767456,5.957923949453561
sweet,SWEET,141,250.0,1.7737668752670288,5.893009837848723
sweet,SWEET,142,249.0,2.212228536605835,9.136053753569897
sweet,SWEET,143,250.0,2.071199893951416,7.934337772321255
sweet,SWEET,144,186.0,1.7427176237106323,5.712847716120588
sweet,SWEET,145,249.0,1.9328107833862305,6.9089024033233
sweet,SWEET,146,249.0,1.9642622470855713,7.129650728816288
sweet,SWEET,147,225.0,2.375383138656616,10.755133104025248
sweet,SWEET,148,250.0,1.897236704826355,6.66744484501674
sweet,SWEET,149,250.0,1.8492114543914795,6.3548064916078495
sweet,SWEET,150,249.0,1.7606251239776611,5.816072024315276
sweet,SWEET,151,177.0,1.5983526706695557,4.944879865625985
sweet,SWEET,152,225.0,2.205763816833496,9.077182225227412
sweet,SWEET,153,249.0,1.981728196144104,7.25527068770632
sweet,SWEET,154,248.0,2.117471933364868,8.310102417205439
sweet,SWEET,155,249.0,1.989557147026062,7.3122947736777935
sweet,SWEET,156,249.0,2.004621982574463,7.4232872343782415
sweet,SWEET,157,249.0,2.0271553993225098,7.592458100029276
sweet,SWEET,158,249.0,1.1334809064865112,3.106450967281929
sweet,SWEET,159,249.0,1.47714102268219,4.380404285184127
sweet,SWEET,160,250.0,1.5868408679962158,4.8882817823901465
sweet,SWEET,161,248.0,2.3242127895355225,10.218632704117713
sweet,SWEET,162,249.0,1.7421917915344238,5.709844506634961
sweet,SWEET,163,249.0,2.1834475994110107,8.876857412777671
sweet,SWEET,164,249.0,1.8889323472976685,6.612305265491339
sweet,SWEET,165,249.0,2.180664539337158,8.852186930970955
sweet,SWEET,166,248.0,1.912420392036438,6.769453717651355
sweet,SWEET,167,127.0,2.065746784210205,7.89118871292778
sweet,SWEET,168,249.0,2.2290070056915283,9.29063594888912
sweet,SWEET,169,249.0,1.8623677492141724,6.438964589835039
sweet,SWEET,170,249.0,1.7301424741744995,5.641457613189789
sweet,SWEET,171,249.0,2.290703535079956,9.881887490675004
sweet,SWEET,172,69.0,2.7347116470336914,15.40530063127825
sweet,SWEET,173,249.0,1.8983761072158813,6.675046077213901
sweet,SWEET,174,249.0,1.9675796031951904,7.153341593011318
sweet,SWEET,175,248.0,1.5110554695129395,4.531511142973288
sweet,SWEET,176,169.0,1.909835696220398,6.751979331664995
sweet,SWEET,177,60.0,2.868546724319458,17.611405365972384
sweet,SWEET,178,249.0,1.7822309732437134,5.943100537744554
sweet,SWEET,179,249.0,1.644396424293518,5.177883718774154
sweet,SWEET,180,249.0,0.8923291563987732,2.4408080594823076
sweet,SWEET,181,72.0,2.5050601959228516,12.244296000314975
sweet,SWEET,182,250.0,1.8047759532928467,6.078609403524257
sweet,SWEET,183,248.0,1.998753309249878,7.3798499708297305
sweet,SWEET,184,250.0,2.046363115310669,7.7397014562257125
sweet,SWEET,185,250.0,2.3176462650299072,10.151751630478355
sweet,SWEET,186,250.0,1.706514596939087,5.509724362390806
sweet,SWEET,187,249.0,1.4160863161087036,4.120960701309469
sweet,SWEET,188,249.0,1.6399394273757935,5.154857259546174
sweet,SWEET,189,159.0,1.908033013343811,6.739818618388717
sweet,SWEET,190,249.0,2.1173927783966064,8.309444657345177
sweet,SWEET,191,97.0,2.2244629859924316,9.24851488806199
sweet,SWEET,192,249.0,1.525046706199646,4.595358196011798
sweet,SWEET,193,250.0,2.2128262519836426,9.141516145706145
sweet,SWEET,194,249.0,1.576348900794983,4.8372622061437935
sweet,SWEET,195,249.0,1.5590965747833252,4.754523947459171
sweet,SWEET,196,249.0,1.5748836994171143,4.83017983271294
sweet,SWEET,197,249.0,2.3903145790100098,10.916927639218379
sweet,SWEET,198,55.0,2.620058298110962,13.736524375157677
sweet,SWEET,199,249.0,1.765963077545166,5.847200955205225
sweet,SWEET,200,249.0,2.1954879760742188,8.984384151817327
sweet,SWEET,201,250.0,1.8264824151992798,6.211996955579303
sweet,SWEET,202,249.0,2.1597096920013428,8.668620723204642
sweet,SWEET,203,250.0,2.081775665283203,8.018694798324308
sweet,SWEET,204,139.0,1.6260180473327637,5.0835917407173
sweet,SWEET,205,249.0,2.1348609924316406,8.455870995095543
sweet,SWEET,206,249.0,2.377781629562378,10.780960153555823
sweet,SWEET,207,249.0,2.2971224784851074,9.945522784392134
sweet,SWEET,209,248.0,2.047769546508789,7.750594472161034
sweet,SWEET,210,105.0,2.5959994792938232,13.409983666633114
sweet,SWEET,211,92.0,2.5888020992279053,13.31381341956899
sweet,SWEET,212,250.0,1.5097614526748657,4.52565108357784
sweet,SWEET,213,249.0,1.8721106052398682,6.502005093396716
sweet,SWEET,214,249.0,2.04044246673584,7.694012790560368
sweet,SWEET,215,249.0,1.6204715967178345,5.055473899372818
sweet,SWEET,216,250.0,2.0029239654541016,7.41069306115181
sweet,SWEET,217,250.0,2.3467140197753906,10.451170897853034
sweet,SWEET,218,249.0,2.1281182765960693,8.39904724830911
sweet,SWEET,219,249.0,1.7390179634094238,5.69175116930999
sweet,SWEET,220,250.0,1.2954729795455933,3.6527232290039935
sweet,SWEET,221,249.0,2.4416096210479736,11.491522861271738
sweet,SWEET,222,249.0,1.8739155530929565,6.513751471141476
sweet,SWEET,223,249.0,2.070401668548584,7.9280069094206835
sweet,SWEET,224,250.0,1.9022492170333862,6.70094939452289
sweet,SWEET,225,250.0,1.6215261220932007,5.060807836776091
sweet,SWEET,226,249.0,1.0130409002304077,2.7539628210415033
sweet,SWEET,227,249.0,1.864582896232605,6.453243652320552
sweet,SWEET,228,249.0,1.8502031564712524,6.361111692345724
sweet,SWEET,229,249.0,2.0613291263580322,7.8564050289235
sweet,SWEET,230,249.0,1.975059151649475,7.207045949868063
sweet,SWEET,231,250.0,2.014406681060791,7.496278377559426
sweet,SWEET,232,249.0,2.060147762298584,7.847129234509724
sweet,SWEET,233,249.0,2.5239579677581787,12.477886127159868
sweet,SWEET,234,249.0,1.8305457830429077,6.237289936795653
sweet,SWEET,235,238.0,1.784980058670044,5.959461106817378
sweet,SWEET,236,250.0,2.185526132583618,8.895327444015276
sweet,SWEET,237,250.0,1.726332187652588,5.620002943458845
sweet,SWEET,238,250.0,1.4143760204315186,4.113918663735943
sweet,SWEET,239,249.0,2.3412575721740723,10.39429992930712
sweet,SWEET,240,250.0,1.8259577751159668,6.208738747746937
sweet,SWEET,241,249.0,1.9134209156036377,6.776230105035282
sweet,SWEET,242,249.0,1.2168056964874268,3.3763852902727427
sweet,SWEET,243,54.0,3.3212525844573975,27.695019191875335
sweet,SWEET,244,251.0,1.6594388484954834,5.256360402153805
sweet,SWEET,245,249.0,1.3688127994537354,3.9306814172083433
sweet,SWEET,246,249.0,1.3811169862747192,3.9793440186391043
sweet,SWEET,247,249.0,1.8543550968170166,6.387577552942745
sweet,SWEET,248,249.0,1.655714750289917,5.236821604594608
sweet,SWEET,249,249.0,0.7736029624938965,2.16756184577256
sweet,SWEET,250,249.0,2.3499040603637695,10.484563791237733
sweet,SWEET,251,247.0,1.9951388835906982,7.353224199157177
sweet,SWEET,252,249.0,2.454826831817627,11.64441693176268
sweet,SWEET,253,249.0,1.8006738424301147,6.05372534733267
sweet,SWEET,254,249.0,1.88052499294281,6.556946309283145
sweet,SWEET,255,247.0,1.519829511642456,4.571445750423331
sweet,SWEET,256,249.0,2.2684032917022705,9.663957966618229
sweet,SWEET,257,173.0,2.483781337738037,11.986503850514476
sweet,SWEET,258,249.0,2.059891700744629,7.845120143640292
sweet,SWEET,259,249.0,1.4447962045669556,4.240987760807624
sweet,SWEET,260,249.0,1.686286449432373,5.399392511828687
sweet,SWEET,261,249.0,2.200965404510498,9.033730495210277
sweet,SWEET,262,140.0,2.0448248386383057,7.7278048065398055
sweet,SWEET,263,249.0,2.126681089401245,8.386984915146733
sweet,SWEET,264,70.0,1.935551404953003,6.927863060377596
sweet,SWEET,265,249.0,1.721381425857544,5.592248407335588
sweet,SWEET,266,249.0,2.045821189880371,7.735508251488434
sweet,SWEET,267,249.0,2.02085018157959,7.5447366038172134
sweet,SWEET,268,174.0,2.3007631301879883,9.981796959606193
sweet,SWEET,269,249.0,2.429649829864502,11.3549052350512
sweet,SWEET,270,249.0,1.0132369995117188,2.7545029241266494
sweet,SWEET,271,249.0,2.2791335582733154,9.768213154394921
sweet,SWEET,272,249.0,2.036119222640991,7.660821493933104
sweet,SWEET,273,250.0,1.734253168106079,5.664695648267841
sweet,SWEET,274,249.0,0.6755773425102234,1.9651672230913892
sweet,SWEET,275,250.0,2.3930797576904297,10.947156669856092
sweet,SWEET,276,250.0,2.193154811859131,8.963446543157433
sweet,SWEET,277,250.0,1.9547946453094482,7.062468563730492
sweet,SWEET,278,134.0,2.9316465854644775,18.75849254235788
sweet,SWEET,279,249.0,2.221292734146118,9.219241193672223
sweet,SWEET,280,250.0,1.948339581489563,7.0170267012754115
sweet,SWEET,281,249.0,1.5290149450302124,4.613629904119461
sweet,SWEET,282,249.0,2.263198137283325,9.61378626211624
sweet,SWEET,283,252.0,1.9829158782958984,7.263892762337104
sweet,SWEET,284,250.0,2.1876981258392334,8.914669032526316
sweet,SWEET,285,249.0,1.5644768476486206,4.78017352262384
sweet,SWEET,286,249.0,2.1193931102752686,8.326082939882792
sweet,SWEET,287,249.0,1.9778618812561035,7.227273684121694
sweet,SWEET,288,249.0,2.5039217472076416,12.230364428959208
sweet,SWEET,289,249.0,1.763241171836853,5.83130706619406
sweet,SWEET,290,249.0,1.5261157751083374,4.600273577556094
sweet,SWEET,291,249.0,1.6276862621307373,5.092079341288083
sweet,SWEET,292,250.0,2.0726590156555176,7.945923387128016
sweet,SWEET,293,248.0,2.234034299850464,9.337460310027748
sweet,SWEET,294,237.0,2.371124505996704,10.709428331919288
sweet,SWEET,295,249.0,2.079127550125122,7.997488461883803
sweet,SWEET,296,249.0,1.9779562950134277,7.227956070398242
sweet,SWEET,297,248.0,1.2219425439834595,3.393773889651955
sweet,SWEET,298,249.0,2.241943359375,9.411603655000425
sweet,SWEET,299,249.0,2.2150657176971436,9.162011198101862
sweet,SWEET,300,249.0,2.109921455383301,8.247593455118611
sweet,SWEET,301,249.0,2.2889957427978516,9.865025681817515
sweet,SWEET,302,249.0,1.2208176851272583,3.3899585193150936
sweet,SWEET,303,114.0,1.4987640380859375,4.476153295044876
sweet,SWEET,304,181.0,1.457922339439392,4.297022493335029
sweet,SWEET,305,247.0,1.885764479637146,6.591391500988205
sweet,SWEET,306,249.0,1.678486943244934,5.357443719111679
sweet,SWEET,307,249.0,1.9453294277191162,6.9959361307486185
sweet,SWEET,308,249.0,2.3709707260131836,10.707781562830197
sweet,SWEET,309,249.0,1.5944782495498657,4.925758384894262
sweet,SWEET,310,249.0,1.8205666542053223,6.175356750498603
sweet,SWEET,311,249.0,2.4180614948272705,11.224080274639354
sweet,SWEET,312,249.0,0.6467657685279846,1.9093555343078148
sweet,SWEET,313,230.0,1.8470853567123413,6.3413099048895605
sweet,SWEET,314,249.0,1.6464513540267944,5.188534845894142
sweet,SWEET,315,235.0,1.6367647647857666,5.138518276149715
sweet,SWEET,316,250.0,2.148707389831543,8.57376869079665
sweet,SWEET,317,249.0,2.2127585411071777,9.14089718659107
sweet,SWEET,318,249.0,1.8834447860717773,6.576119212899062
sweet,SWEET,319,249.0,2.134577989578247,8.453478298062016
sweet,SWEET,320,249.0,1.8211690187454224,6.1790776869951625
sweet,SWEET,321,249.0,2.0541718006134033,7.8003749309701025
sweet,SWEET,322,249.0,2.06331729888916,7.872040455407797
sweet,SWEET,323,250.0,1.6416869163513184,5.163873191103793
sweet,SWEET,324,249.0,2.128756284713745,8.40440761843227
sweet,SWEET,325,249.0,1.8127785921096802,6.127449483195954
sweet,SWEET,326,197.0,2.2457737922668457,9.447723303988386
sweet,SWEET,327,249.0,2.1178245544433594,8.313033251188717
sweet,SWEET,328,249.0,2.0711703300476074,7.934103205789938
sweet,SWEET,329,90.0,2.357712507247925,10.566752415861178
sweet,SWEET,330,249.0,2.2662105560302734,9.642790676868985
sweet,SWEET,331,144.0,1.648852825164795,5.201009935863934
sweet,SWEET,332,249.0,1.22468900680542,3.403107574908756
sweet,SWEET,333,250.0,1.3953490257263184,4.036383128359886
sweet,SWEET,334,249.0,2.2580175399780273,9.564109894644325
sweet,SWEET,335,249.0,1.8429975509643555,6.315440771829096
sweet,SWEET,336,251.0,2.067270278930664,7.903220059789684
sweet,SWEET,337,248.0,2.2529892921447754,9.516139883411995
sweet,SWEET,338,249.0,1.822975754737854,6.190251740294809
sweet,SWEET,339,249.0,1.8960875272750854,6.65978716793455
sweet,SWEET,340,249.0,1.952020525932312,7.0429035831805065
sweet,SWEET,341,205.0,2.0296342372894287,7.611301919167996
sweet,SWEET,342,251.0,1.8922110795974731,6.634020824640396
sweet,SWEET,343,249.0,1.8803716897964478,6.555941185829665
sweet,SWEET,344,249.0,2.0052309036254883,7.427808806743649
sweet,SWEET,345,67.0,1.8806273937225342,6.5576177800768045
sweet,SWEET,346,250.0,2.249640464782715,9.484325274338374
sweet,SWEET,347,249.0,2.731813430786133,15.360717375854774
sweet,SWEET,348,250.0,2.0183098316192627,7.52559465640189
sweet,SWEET,349,207.0,1.8240983486175537,6.197204781002542
sweet,SWEET,350,99.0,1.1616199016571045,3.195104841899325
sweet,SWEET,351,249.0,0.9461057782173157,2.5756599131074713
sweet,SWEET,352,250.0,1.5876152515411377,4.892068653421438
sweet,SWEET,353,111.0,2.598932981491089,13.449379639018636
sweet,SWEET,354,249.0,1.4894466400146484,4.434640887102438
sweet,SWEET,355,57.0,2.8333568572998047,17.002439900215816
sweet,SWEET,356,249.0,2.273306131362915,9.711455143392719
sweet,SWEET,357,249.0,2.378591537475586,10.789695275340812
sweet,SWEET,358,249.0,1.7636618614196777,5.833760752414988
sweet,SWEET,359,249.0,1.9257949590682983,6.860600395159368
sweet,SWEET,360,178.0,2.1557528972625732,8.634388539858374
sweet,SWEET,361,251.0,1.589063286781311,4.899157672565018
sweet,SWEET,362,250.0,1.7688698768615723,5.864222321807966
sweet,SWEET,363,152.0,2.8059744834899902,16.543189118425524
sweet,SWEET,364,249.0,1.8151878118515015,6.142229652646803
sweet,SWEET,365,249.0,1.858791470527649,6.415978185402488
sweet,SWEET,366,250.0,2.488837480545044,12.04726279926055
sweet,SWEET,367,209.0,1.7243231534957886,5.608723499771799
sweet,SWEET,368,249.0,1.4526708126068115,4.274515713615194
sweet,SWEET,369,249.0,1.8304306268692017,6.236571715706827
sweet,SWEET,370,95.0,2.4745702743530273,11.876602335728517
sweet,SWEET,371,249.0,1.9108409881591797,6.758770455016787
sweet,SWEET,372,69.0,3.2217376232147217,25.07164743001269
sweet,SWEET,373,250.0,2.1467998027801514,8.557429070239596
sweet,SWEET,374,250.0,2.2465410232543945,9.454974671450197
sweet,SWEET,375,228.0,1.955122947692871,7.064787569639568
sweet,SWEET,376,154.0,1.8810862302780151,6.560627345227629
sweet,SWEET,377,248.0,1.7070622444152832,5.512742575415344
sweet,SWEET,378,249.0,2.089949131011963,8.08450390331259
sweet,SWEET,379,249.0,1.8985403776168823,6.67614267977691
sweet,SWEET,380,249.0,1.7083163261413574,5.519660341955382
sweet,SWEET,381,250.0,2.3512957096099854,10.49916478390847
sweet,SWEET,382,249.0,2.5033528804779053,12.223408960098006
sweet,SWEET,383,230.0,0.6937170028686523,2.0011399693765597
sweet,SWEET,384,249.0,1.4038875102996826,4.0709952808133965
sweet,SWEET,385,249.0,1.40170419216156,4.062116698887991
sweet,SWEET,386,249.0,1.9690297842025757,7.163722758594102
sweet,SWEET,387,249.0,1.7648252248764038,5.8405514857692555
sweet,SWEET,388,249.0,2.078474998474121,7.992271389973713
sweet,SWEET,389,249.0,2.2726712226867676,9.70529121323759
sweet,SWEET,390,249.0,1.6808422803878784,5.370077177480946
sweet,SWEET,391,249.0,2.279609203338623,9.772860461925513
sweet,SWEET,392,63.0,3.07944917678833,21.746420663319636
sweet,SWEET,393,249.0,1.8094927072525024,6.107348432680732
sweet,SWEET,394,249.0,2.060300827026367,7.848330445139028
sweet,SWEET,395,250.0,1.7477428913116455,5.741628559810978
sweet,SWEET,396,249.0,1.4800944328308105,4.3933605388027965
sweet,SWEET,397,249.0,1.730141520500183,5.641452233079121
sweet,SWEET,398,249.0,2.2866616249084473,9.842026400852601
sweet,SWEET,399,249.0,1.673198938369751,5.329188303835502
sweet,SWEET,400,249.0,2.191673755645752,8.950181000893158
sweet,SWEET,401,249.0,2.157594680786133,8.650305868043974
sweet,SWEET,402,249.0,1.3052644729614258,3.68866451674127
sweet,SWEET,403,231.0,2.4377448558807373,11.447196534593665
sweet,SWEET,404,249.0,2.1221909523010254,8.349410623010774
sweet,SWEET,405,92.0,2.5326883792877197,12.58730012773362
sweet,SWEET,406,249.0,1.9221444129943848,6.835601115595768
sweet,SWEET,407,251.0,0.8486261963844299,2.3364348434612574
sweet,SWEET,408,204.0,1.7379721403121948,5.685801716053527
sweet,SWEET,409,249.0,2.148554801940918,8.572460537324142
sweet,SWEET,410,249.0,2.019691228866577,7.5359976758415534
sweet,SWEET,411,249.0,1.82258939743042,6.187860553256128
sweet,SWEET,412,249.0,2.045959234237671,7.736576168461658
sweet,SWEET,413,249.0,1.3751932382583618,3.955841068906267
sweet,SWEET,414,249.0,2.016422986984253,7.5114084163234915
sweet,SWEET,415,99.0,3.792123556137085,44.350481083978615
sweet,SWEET,416,145.0,2.580284357070923,13.200891392813904
sweet,SWEET,417,73.0,3.9546990394592285,52.17998746379022
sweet,SWEET,418,249.0,2.3188672065734863,10.164153895463711
sweet,SWEET,419,249.0,2.379289150238037,10.797224930554266
sweet,SWEET,420,54.0,3.148167610168457,23.29334296677575
sweet,SWEET,421,249.0,0.845186710357666,2.3284125127206923
sweet,SWEET,422,249.0,2.080836296081543,8.011165820191977
sweet,SWEET,423,55.0,4.05980110168457,57.96278123281899
sweet,SWEET,424,249.0,1.7511650323867798,5.761310881375829
sweet,SWEET,425,250.0,1.8963526487350464,6.6615530545084125
sweet,SWEET,426,249.0,1.8326269388198853,6.250284225659887
sweet,SWEET,427,223.0,1.978346586227417,7.230777628726514
sweet,SWEET,428,249.0,2.2776899337768555,9.754121696432824
sweet,SWEET,429,222.0,1.512847900390625,4.539640847258425
sweet,SWEET,430,249.0,1.9210182428359985,6.827907398635112
sweet,SWEET,431,249.0,1.7703800201416016,5.873084827882568
sweet,SWEET,432,251.0,2.148270606994629,8.570024633514343
sweet,SWEET,433,249.0,2.268582820892334,9.665693084912315
sweet,SWEET,434,249.0,2.4091782569885254,11.124815648442919
sweet,SWEET,435,249.0,2.303107738494873,10.005227821037844
sweet,SWEET,436,179.0,2.4070494174957275,11.101157892257918
sweet,SWEET,437,151.0,2.0810999870300293,8.013278570649929
sweet,SWEET,438,249.0,2.3624625205993652,10.617064026732763
sweet,SWEET,439,127.0,2.0504777431488037,7.77161305444919
sweet,SWEET,440,249.0,1.3605197668075562,3.8982189401334932
sweet,SWEET,441,251.0,1.9021410942077637,6.700224908107465
sweet,SWEET,442,250.0,2.023421287536621,7.5641598799941265
sweet,SWEET,443,249.0,0.980709433555603,2.6663471672585097
sweet,SWEET,444,250.0,0.7383006811141968,2.09237687617816
sweet,SWEET,445,249.0,1.5627061128616333,4.771716592779154
sweet,SWEET,446,249.0,1.8555206060409546,6.395026673665528
sweet,SWEET,447,250.0,2.2141664028167725,9.153775368954207
sweet,SWEET,448,155.0,2.0568583011627197,7.821358816496469
sweet,SWEET,449,164.0,2.0031514167785645,7.412378824811078
sweet,SWEET,450,249.0,2.2328951358795166,9.326829467948185
sweet,SWEET,451,86.0,2.9128997325897217,18.41010562481958
sweet,SWEET,452,250.0,1.8707880973815918,6.4934118241516865
sweet,SWEET,453,182.0,1.947778344154358,7.013089588839116
sweet,SWEET,454,249.0,2.1945300102233887,8.975781539771315
sweet,SWEET,455,249.0,1.9977941513061523,7.372774922693428
sweet,SWEET,456,249.0,2.487222194671631,12.027818733937332
sweet,SWEET,457,249.0,2.173506259918213,8.7890467605549
sweet,SWEET,458,249.0,2.036402463912964,7.662991662083487
sweet,SWEET,459,249.0,1.690574288368225,5.422593943724776
sweet,SWEET,460,249.0,1.5021631717681885,4.49139422678458
sweet,SWEET,461,248.0,1.9525197744369507,7.04642062012739
sweet,SWEET,462,248.0,1.6780959367752075,5.355349333442167
sweet,SWEET,463,249.0,2.2251462936401367,9.254836628615777
sweet,SWEET,464,248.0,2.395056962966919,10.96882285797865
sweet,SWEET,465,249.0,1.7015049457550049,5.48219158759529
sweet,SWEET,466,251.0,1.789314866065979,5.985350294681173
sweet,SWEET,467,250.0,2.3935821056365967,10.952657333033311
sweet,SWEET,468,249.0,2.008446216583252,7.4517299730572155
sweet,SWEET,469,249.0,2.159302234649658,8.66508934945296
sweet,SWEET,470,246.0,0.6125192046165466,1.8450736670145298
sweet,SWEET,471,249.0,1.7462705373764038,5.733181070779161
sweet,SWEET,472,243.0,1.1997216939926147,3.319193042818357
sweet,SWEET,473,249.0,2.3178999423980713,10.154327226785664
sweet,SWEET,474,250.0,2.004296064376831,7.420868244200181
sweet,SWEET,475,112.0,1.7928273677825928,6.006410813767359
sweet,SWEET,476,148.0,2.47942852973938,11.934442289867393
sweet,SWEET,477,249.0,1.6243852376937866,5.075297976034536
sweet,SWEET,478,249.0,2.3125689029693604,10.100338144794044
sweet,SWEET,479,249.0,2.1714932918548584,8.771372484962802
sweet,SWEET,480,249.0,1.8672007322311401,6.470159317419086
sweet,SWEET,481,94.0,2.359618902206421,10.586916033196879
sweet,SWEET,482,249.0,1.851081132888794,6.366699050826528
sweet,SWEET,483,249.0,2.1204235553741455,8.334666933148378
sweet,SWEET,484,249.0,0.8388134837150574,2.313620199511466
sweet,SWEET,485,249.0,1.992821455001831,7.336203357088209
sweet,SWEET,486,57.0,2.3387885093688965,10.368667407141269
sweet,SWEET,487,248.0,2.3038742542266846,10.012899925581799
sweet,SWEET,488,249.0,1.4502801895141602,4.264309162509645
sweet,SWEET,489,249.0,2.280195951461792,9.778596352056365
sweet,SWEET,490,249.0,2.0410890579223633,7.698989280123508
sweet,SWEET,491,250.0,1.792776107788086,6.006102933073088
sweet,SWEET,492,248.0,2.0904669761657715,8.088691508651852
sweet,SWEET,493,249.0,2.03940749168396,7.686053798662774
sweet,SWEET,494,249.0,1.9023674726486206,6.701741866272387
sweet,SWEET,495,249.0,2.1614975929260254,8.684133221484133
sweet,SWEET,496,249.0,2.0526585578918457,7.788579996930207
sweet,SWEET,497,249.0,1.9614179134368896,7.1094004362916445
sweet,SWEET,498,249.0,2.183687925338745,8.878991008139636
sweet,SWEET,499,250.0,1.6729379892349243,5.327797838186583
unbiased,Unbiased,0,249.0,1.993666172027588,7.3424029910679
unbiased,Unbiased,1,249.0,1.6532691717147827,5.224030193452426
unbiased,Unbiased,2,125.0,2.500288248062134,12.18600604713134
unbiased,Unbiased,3,249.0,2.272005558013916,9.698832893513323
unbiased,Unbiased,4,250.0,2.0226545333862305,7.558362251973637
unbiased,Unbiased,5,250.0,1.9149463176727295,6.786574468108745
unbiased,Unbiased,6,249.0,1.6958740949630737,5.4514089323561725
unbiased,Unbiased,7,251.0,2.0732805728912354,7.950863768509589
unbiased,Unbiased,8,249.0,1.8952759504318237,6.654384431552418
unbiased,Unbiased,9,249.0,1.3704451322555542,3.9371028369403556
unbiased,Unbiased,10,249.0,2.1966018676757812,8.994397357646859
unbiased,Unbiased,11,249.0,1.5700525045394897,4.806900571250505
unbiased,Unbiased,12,249.0,2.079007387161255,7.996527517702836
unbiased,Unbiased,13,249.0,2.381613254547119,10.822347990539045
unbiased,Unbiased,14,248.0,1.9551308155059814,7.064843154286495
unbiased,Unbiased,15,249.0,2.095698595046997,8.131119346240832
unbiased,Unbiased,16,249.0,2.155583143234253,8.63292294202074
unbiased,Unbiased,17,249.0,1.6862831115722656,5.399374489441895
unbiased,Unbiased,18,248.0,2.2762906551361084,9.740482507022406
unbiased,Unbiased,19,249.0,1.6557811498641968,5.237169338864308
unbiased,Unbiased,20,248.0,1.729434609413147,5.637465637199003
unbiased,Unbiased,21,159.0,2.5296120643615723,12.54863712874251
unbiased,Unbiased,22,250.0,1.7499324083328247,5.754213725961967
unbiased,Unbiased,23,161.0,1.609836220741272,5.001991938212291
unbiased,Unbiased,24,249.0,1.920521855354309,6.824518951937132
unbiased,Unbiased,25,250.0,1.9251779317855835,6.856368523264223
unbiased,Unbiased,26,250.0,2.07009220123291,7.925553829997311
unbiased,Unbiased,27,249.0,1.3116313219070435,3.712224608716357
unbiased,Unbiased,28,49.0,3.0442259311676025,20.993774285355986
unbiased,Unbiased,29,249.0,2.0375590324401855,7.671859564243972
unbiased,Unbiased,30,250.0,2.359062671661377,10.581028904573566
unbiased,Unbiased,31,249.0,1.824881911277771,6.20206258221393
unbiased,Unbiased,32,92.0,1.8850092887878418,6.586415621548272
unbiased,Unbiased,33,249.0,2.0623703002929688,7.864589172881273
unbiased,Unbiased,34,250.0,1.5876034498214722,4.89201091893929
unbiased,Unbiased,35,249.0,1.647233486175537,5.192594553208836
unbiased,Unbiased,36,250.0,1.6626667976379395,5.273355080428403
unbiased,Unbiased,37,249.0,1.770501971244812,5.873801100730821
unbiased,Unbiased,38,249.0,2.0493669509887695,7.7629852003609585
unbiased,Unbiased,39,249.0,1.7607825994491577,5.816987985118351
unbiased,Unbiased,40,251.0,1.729384422302246,5.637182716185422
unbiased,Unbiased,41,249.0,1.3883875608444214,4.0083815679857135
unbiased,Unbiased,42,223.0,1.61469304561615,5.026344828071198
unbiased,Unbiased,43,249.0,1.6819056272506714,5.375790469267686
unbiased,Unbiased,44,249.0,1.6164582967758179,5.035225425043817
unbiased,Unbiased,45,249.0,2.2745273113250732,9.723321822017594
unbiased,Unbiased,46,249.0,1.5137097835540771,4.54355517387659
unbiased,Unbiased,47,249.0,2.3693575859069824,10.690522335461385
unbiased,Unbiased,48,249.0,1.6391278505325317,5.150675393946182
unbiased,Unbiased,49,250.0,1.3126535415649414,3.71602125786001
unbiased,Unbiased,50,76.0,2.5465195178985596,12.762606368322494
unbiased,Unbiased,51,108.0,2.080794334411621,8.010829665349
unbiased,Unbiased,52,249.0,1.731645941734314,5.649945740914736
unbiased,Unbiased,53,249.0,1.9418202638626099,6.9714292689815345
unbiased,Unbiased,54,154.0,2.5571351051330566,12.898810594410199
unbiased,Unbiased,55,250.0,2.213001012802124,9.143113864155156
unbiased,Unbiased,56,250.0,1.7461661100387573,5.732582401202974
unbiased,Unbiased,57,250.0,2.043252468109131,7.715663381917403
unbiased,Unbiased,58,134.0,1.969896912574768,7.1699373198704
unbiased,Unbiased,59,249.0,1.9801812171936035,7.244055613650608
unbiased,Unbiased,60,248.0,1.8651092052459717,6.456640946555087
unbiased,Unbiased,61,249.0,2.2471494674682617,9.46072924657274
unbiased,Unbiased,62,133.0,1.7637367248535156,5.834197504125265
unbiased,Unbiased,63,249.0,1.8331828117370605,6.25375955521688
unbiased,Unbiased,64,249.0,1.4850833415985107,4.415333378386657
unbiased,Unbiased,65,249.0,1.7809163331985474,5.935292633201697
unbiased,Unbiased,66,250.0,2.1168384552001953,8.304839815825463
unbiased,Unbiased,67,249.0,1.9189420938491821,6.813746350916437
unbiased,Unbiased,68,249.0,1.9060595035552979,6.7265306366662925
unbiased,Unbiased,69,249.0,2.2526566982269287,9.512975399438625
unbiased,Unbiased,70,249.0,1.7221359014511108,5.596469214319795
unbiased,Unbiased,71,129.0,2.488685369491577,12.04543041679111
unbiased,Unbiased,72,249.0,1.8772295713424683,6.5353739712801735
unbiased,Unbiased,73,249.0,2.0941717624664307,8.118713961189524
unbiased,Unbiased,74,249.0,1.6996177434921265,5.471855339588701
unbiased,Unbiased,75,249.0,1.6790987253189087,5.360722309930646
unbiased,Unbiased,76,251.0,2.0267398357391357,7.58930360642634
unbiased,Unbiased,77,249.0,1.9238121509552002,6.847010618447264
unbiased,Unbiased,78,249.0,2.2311460971832275,9.310530740002996
unbiased,Unbiased,79,238.0,1.4429972171783447,4.233365135869537
unbiased,Unbiased,80,250.0,2.155795097351074,8.634752919507282
unbiased,Unbiased,81,249.0,1.9285895824432373,6.879800004733032
unbiased,Unbiased,82,247.0,1.8615413904190063,6.433645892693212
unbiased,Unbiased,83,131.0,1.7956730127334595,6.023527268498561
unbiased,Unbiased,84,69.0,2.603285312652588,13.508043362495734
unbiased,Unbiased,85,101.0,1.8796205520629883,6.551018620020556
unbiased,Unbiased,86,249.0,1.8548089265823364,6.390477083661467
unbiased,Unbiased,87,248.0,2.0190277099609375,7.530999057433074
unbiased,Unbiased,88,249.0,1.8479613065719604,6.346867007927037
unbiased,Unbiased,89,86.0,2.3463666439056396,10.447541043770837
unbiased,Unbiased,90,249.0,2.1881837844848633,8.918999570111282
unbiased,Unbiased,91,249.0,1.7984648942947388,6.040367740576353
unbiased,Unbiased,92,249.0,1.8308440446853638,6.239150558598941
unbiased,Unbiased,93,249.0,2.1498944759368896,8.583952535834522
unbiased,Unbiased,94,249.0,2.125943899154663,8.380804390060362
unbiased,Unbiased,95,249.0,1.370615005493164,3.937771702155611
unbiased,Unbiased,96,249.0,1.7428832054138184,5.7137937374952195
unbiased,Unbiased,97,247.0,1.8895896673202515,6.616653094938906
unbiased,Unbiased,98,249.0,2.2293899059295654,9.294194016754512
unbiased,Unbiased,99,251.0,1.7453957796096802,5.728168118988381
unbiased,Unbiased,100,82.0,2.516988515853882,12.391224442935833
unbiased,Unbiased,101,250.0,1.8872499465942383,6.601190071188508
unbiased,Unbiased,102,249.0,1.8764773607254028,6.530459842054282
unbiased,Unbiased,103,249.0,1.3832005262374878,3.9876437843718
unbiased,Unbiased,104,250.0,1.6950052976608276,5.446674819772201
unbiased,Unbiased,105,249.0,2.1635265350341797,8.701770711722787
unbiased,Unbiased,106,249.0,1.8171340227127075,6.154195366833347
unbiased,Unbiased,107,249.0,2.2996091842651367,9.970285148982809
unbiased,Unbiased,108,249.0,2.0487492084503174,7.758191155072627
unbiased,Unbiased,109,249.0,1.6328811645507812,5.118601025717453
unbiased,Unbiased,110,249.0,2.1855521202087402,8.895558615454014
unbiased,Unbiased,111,250.0,2.2428603172302246,9.420237656805064
unbiased,Unbiased,112,249.0,2.0463192462921143,7.739361930566305
unbiased,Unbiased,113,249.0,1.8730628490447998,6.508199536308404
unbiased,Unbiased,114,249.0,1.6091464757919312,4.998543029106819
unbiased,Unbiased,115,249.0,2.07975172996521,8.002481891189879
unbiased,Unbiased,116,70.0,2.9813499450683594,19.71441206288668
unbiased,Unbiased,117,249.0,1.7630826234817505,5.83038259533922
unbiased,Unbiased,118,249.0,2.119586229324341,8.327691020373129
unbiased,Unbiased,119,250.0,1.2252775430679321,3.4051110166130374
unbiased,Unbiased,120,249.0,2.12306547164917,8.356715537825314
unbiased,Unbiased,121,249.0,2.21014666557312,9.117053452857418
unbiased,Unbiased,123,249.0,1.8470288515090942,6.340951598007728
unbiased,Unbiased,124,246.0,1.9853415489196777,7.281533960843594
unbiased,Unbiased,125,249.0,1.9977132081985474,7.372178171531286
unbiased,Unbiased,126,187.0,1.8615837097167969,6.433918165830787
unbiased,Unbiased,127,249.0,1.8256381750106812,6.206754751249098
unbiased,Unbiased,128,78.0,2.777083396911621,16.07207665396333
unbiased,Unbiased,129,145.0,2.4336791038513184,11.400749556980736
unbiased,Unbiased,130,249.0,1.7701054811477661,5.871472658395032
unbiased,Unbiased,131,249.0,1.819594383239746,6.169355548298098
unbiased,Unbiased,132,250.0,2.0755910873413086,7.969255593243673
unbiased,Unbiased,133,58.0,3.3497347831726074,28.495175241530298
unbiased,Unbiased,134,250.0,2.148969888687134,8.576019590682481
unbiased,Unbiased,135,249.0,1.8916317224502563,6.630178470416022
unbiased,Unbiased,136,249.0,2.249481439590454,9.48281714760641
unbiased,Unbiased,137,254.0,1.6364238262176514,5.136766655700862
unbiased,Unbiased,138,249.0,1.8003228902816772,6.051601152183202
unbiased,Unbiased,139,249.0,1.8469446897506714,6.340417954827656
unbiased,Unbiased,140,249.0,1.3699654340744019,3.9352146687820886
unbiased,Unbiased,141,249.0,1.829261302947998,6.229283405241689
unbiased,Unbiased,142,249.0,2.1595537662506104,8.667269167384477
unbiased,Unbiased,143,250.0,1.7075603008270264,5.515488916060832
unbiased,Unbiased,144,135.0,1.790480136871338,5.992328913840332
unbiased,Unbiased,145,242.0,2.084965467453003,8.044313686260796
unbiased,Unbiased,146,249.0,1.8620548248291016,6.4369499960244765
unbiased,Unbiased,147,226.0,1.9574779272079468,7.0814446054352445
unbiased,Unbiased,148,251.0,1.7744851112365723,5.897243929839704
unbiased,Unbiased,149,249.0,2.0507099628448486,7.773417985632648
unbiased,Unbiased,150,249.0,2.342209577560425,10.40420007057337
unbiased,Unbiased,151,250.0,1.725317358970642,5.614302496257093
unbiased,Unbiased,152,249.0,1.8940608501434326,6.6463035976166545
unbiased,Unbiased,153,249.0,1.6719257831573486,5.322407737241351
unbiased,Unbiased,154,249.0,2.0504424571990967,7.771338830539963
unbiased,Unbiased,155,249.0,1.6591089963912964,5.254626866535693
unbiased,Unbiased,156,249.0,1.8915579319000244,6.6296892439489215
unbiased,Unbiased,157,249.0,1.9485419988632202,7.018447213154458
unbiased,Unbiased,158,249.0,0.8565787672996521,2.3550895855065415
unbiased,Unbiased,159,249.0,1.8280761241912842,6.221904964129754
unbiased,Unbiased,160,165.0,1.503594160079956,4.497825960196781
unbiased,Unbiased,161,248.0,2.0347249507904053,7.650147669007719
unbiased,Unbiased,162,249.0,1.9892407655715942,7.309981665153415
unbiased,Unbiased,163,251.0,1.984971046447754,7.278836634225649
unbiased,Unbiased,164,249.0,1.6503825187683105,5.208971975682764
unbiased,Unbiased,165,99.0,2.7883710861206055,16.254521010646172
unbiased,Unbiased,166,134.0,1.8595118522644043,6.420601804095953
unbiased,Unbiased,167,137.0,2.008255958557129,7.4503123564820815
unbiased,Unbiased,168,249.0,1.9217485189437866,6.832895477390214
unbiased,Unbiased,169,249.0,1.5172555446624756,4.559694130639784
unbiased,Unbiased,170,249.0,1.9644562005996704,7.131033683739589
unbiased,Unbiased,171,151.0,2.627497673034668,13.839096593663017
unbiased,Unbiased,172,54.0,2.972729206085205,19.545189721114202
unbiased,Unbiased,173,249.0,2.2423810958862305,9.41572435937503
unbiased,Unbiased,174,121.0,1.7142670154571533,5.552604047443958
unbiased,Unbiased,175,248.0,1.4918931722640991,4.4455036616933645
unbiased,Unbiased,176,241.0,1.4212552309036255,4.142316742277184
unbiased,Unbiased,177,249.0,1.6316148042678833,5.112123135211809
unbiased,Unbiased,178,249.0,0.5882643461227417,1.8008600315912375
unbiased,Unbiased,179,249.0,2.002263307571411,7.40579874527696
unbiased,Unbiased,180,249.0,1.096195101737976,2.992757196341286
unbiased,Unbiased,181,249.0,1.9184321165084839,6.810272380570576
unbiased,Unbiased,182,198.0,1.5864704847335815,4.886471579889958
unbiased,Unbiased,183,248.0,2.1351752281188965,8.458528549056313
unbiased,Unbiased,184,249.0,1.9827954769134521,7.263018232254949
unbiased,Unbiased,185,249.0,2.1226587295532227,8.353317201002397
unbiased,Unbiased,186,249.0,1.787957787513733,5.977233213172935
unbiased,Unbiased,187,249.0,1.9150967597961426,6.787595531585982
unbiased,Unbiased,188,247.0,1.5960783958435059,4.933646628405894
unbiased,Unbiased,189,99.0,1.7160828113555908,5.562695602428278
unbiased,Unbiased,190,247.0,1.8679354190826416,6.474914605006452
unbiased,Unbiased,191,91.0,2.2102224826812744,9.11774470768924
unbiased,Unbiased,192,249.0,1.8689677715301514,6.481602450459193
unbiased,Unbiased,193,249.0,2.2531967163085938,9.518113965499175
unbiased,Unbiased,194,249.0,2.137460947036743,8.477884480460222
unbiased,Unbiased,195,249.0,1.6037676334381104,4.971728833468926
unbiased,Unbiased,196,189.0,1.8365604877471924,6.274918442656651
unbiased,Unbiased,197,123.0,2.4034643173217773,11.061430385264726
unbiased,Unbiased,198,58.0,2.4485976696014404,11.5721074174445
unbiased,Unbiased,199,249.0,1.4051905870437622,4.076303557884158
unbiased,Unbiased,200,249.0,2.141244649887085,8.510023039169523
unbiased,Unbiased,201,225.0,1.85198974609375,6.372486546555443
unbiased,Unbiased,202,155.0,1.9608784914016724,7.105566503186091
unbiased,Unbiased,203,250.0,2.095444917678833,8.129056926890467
unbiased,Unbiased,204,249.0,1.40005624294281,4.055428049638457
unbiased,Unbiased,205,249.0,2.0640063285827637,7.8774663941326
unbiased,Unbiased,206,249.0,2.3254363536834717,10.23114350906089
unbiased,Unbiased,207,249.0,1.9849334955215454,7.278563312300092
unbiased,Unbiased,209,189.0,2.104663133621216,8.204338778139117
unbiased,Unbiased,210,249.0,1.8575539588928223,6.40804324855025
unbiased,Unbiased,211,249.0,2.2156262397766113,9.167148147222935
unbiased,Unbiased,212,233.0,1.774731159210205,5.898695113281712
unbiased,Unbiased,213,250.0,1.672603726387024,5.326017250916817
unbiased,Unbiased,214,249.0,2.0477378368377686,7.750348707256691
unbiased,Unbiased,215,249.0,1.8820610046386719,6.567025594471612
unbiased,Unbiased,216,250.0,1.5961003303527832,4.933754846710489
unbiased,Unbiased,217,249.0,2.1249518394470215,8.37249425446426
unbiased,Unbiased,218,249.0,2.002244710922241,7.405661023516457
unbiased,Unbiased,219,52.0,3.3716001510620117,29.12509434115808
unbiased,Unbiased,220,250.0,2.116015672683716,8.298009549120177
unbiased,Unbiased,221,249.0,1.6291053295135498,5.099310474511172
unbiased,Unbiased,222,157.0,1.6923030614852905,5.431976486166254
unbiased,Unbiased,223,249.0,2.323542594909668,10.211786525788048
unbiased,Unbiased,224,250.0,2.1480367183685303,8.568020436615745
unbiased,Unbiased,225,249.0,1.8412227630615234,6.304242144479896
unbiased,Unbiased,226,245.0,1.6339893341064453,5.124276447625828
unbiased,Unbiased,227,249.0,1.9129751920700073,6.773210452823192
unbiased,Unbiased,228,249.0,1.865541934967041,6.459435531597329
unbiased,Unbiased,229,249.0,1.7459588050842285,5.731394131640299
unbiased,Unbiased,230,249.0,1.7244915962219238,5.609668328020729
unbiased,Unbiased,231,249.0,2.0492124557495117,7.761785948746792
unbiased,Unbiased,232,179.0,2.357297420501709,10.562367207166776
unbiased,Unbiased,233,251.0,2.2827930450439453,9.804025288255302
unbiased,Unbiased,234,249.0,1.5641988515853882,4.778844837896101
unbiased,Unbiased,236,250.0,2.580508232116699,13.203847073818025
unbiased,Unbiased,237,249.0,1.7250292301177979,5.612685086741689
unbiased,Unbiased,238,249.0,1.9352606534957886,6.925849066897367
unbiased,Unbiased,239,249.0,1.932716965675354,6.908254256319461
unbiased,Unbiased,240,250.0,1.6472402811050415,5.192629836642644
unbiased,Unbiased,241,250.0,1.5642907619476318,4.779284083441557
unbiased,Unbiased,242,249.0,1.2092688083648682,3.351033508859625
unbiased,Unbiased,243,95.0,3.4015355110168457,30.010145595805927
unbiased,Unbiased,244,249.0,1.9246907234191895,6.853028856779396
unbiased,Unbiased,245,249.0,1.309026837348938,3.7025687567636325
unbiased,Unbiased,246,180.0,1.5940358638763428,4.92357978188046
unbiased,Unbiased,247,249.0,1.755987286567688,5.789160481818965
unbiased,Unbiased,248,251.0,1.7880008220672607,5.9774904462705125
unbiased,Unbiased,249,249.0,2.323247194290161,10.208770403226227
unbiased,Unbiased,250,251.0,2.300935745239258,9.983520116717285
unbiased,Unbiased,251,249.0,2.1773040294647217,8.822488997444468
unbiased,Unbiased,252,249.0,2.3678877353668213,10.67482040800223
unbiased,Unbiased,253,251.0,1.6872004270553589,5.404329691654465
unbiased,Unbiased,254,249.0,1.9342831373214722,6.919082245291214
unbiased,Unbiased,255,249.0,1.1608072519302368,3.1925093955594575
unbiased,Unbiased,256,249.0,2.0108821392059326,7.469903936874898
unbiased,Unbiased,257,249.0,1.785780906677246,5.964235640951664
unbiased,Unbiased,258,231.0,1.695591926574707,5.449870934080853
unbiased,Unbiased,259,186.0,1.4530612230300903,4.276184854908136
unbiased,Unbiased,260,249.0,2.0615739822387695,7.858328951428543
unbiased,Unbiased,261,249.0,1.9086813926696777,6.744189994442759
unbiased,Unbiased,262,157.0,1.9025486707687378,6.7029563193250485
unbiased,Unbiased,263,249.0,1.7940095663070679,6.013515782683183
unbiased,Unbiased,264,249.0,1.6366723775863647,5.138043564766072
unbiased,Unbiased,265,249.0,1.6201426982879639,5.053811435350952
unbiased,Unbiased,266,249.0,1.8765877485275269,6.5311807649529205
unbiased,Unbiased,267,249.0,1.7516435384750366,5.76406836339226
unbiased,Unbiased,268,249.0,1.875322937965393,6.522925280450756
unbiased,Unbiased,269,250.0,2.2499027252197266,9.48681296382659
unbiased,Unbiased,270,249.0,1.9651590585708618,7.136047549418362
unbiased,Unbiased,271,250.0,1.8372889757156372,6.279491310682535
unbiased,Unbiased,272,249.0,1.850172758102417,6.360918327865294
unbiased,Unbiased,273,250.0,1.7139768600463867,5.55099316305046
unbiased,Unbiased,274,247.0,1.9662648439407349,7.143942850847126
unbiased,Unbiased,275,250.0,2.3184335231781006,10.159746826396516
unbiased,Unbiased,276,252.0,2.0841898918151855,8.038077131315427
unbiased,Unbiased,277,250.0,1.8234387636184692,6.1931185454507185
unbiased,Unbiased,278,249.0,1.9536045789718628,7.0540687567876414
unbiased,Unbiased,279,121.0,2.8496286869049072,17.281363852400393
unbiased,Unbiased,280,250.0,2.0979950428009033,8.14981349385133
unbiased,Unbiased,281,249.0,1.6830259561538696,5.381816497644535
unbiased,Unbiased,282,250.0,2.0735089778900146,7.952679992948404
unbiased,Unbiased,283,251.0,2.1632847785949707,8.699667256892829
unbiased,Unbiased,284,250.0,2.3209784030914307,10.185635089307745
unbiased,Unbiased,285,94.0,1.9954527616500854,7.355532577154698
unbiased,Unbiased,286,249.0,2.1376895904541016,8.479823114559322
unbiased,Unbiased,287,249.0,1.3359251022338867,3.8035129577047355
unbiased,Unbiased,288,148.0,2.43391752243042,11.40346803154535
unbiased,Unbiased,289,127.0,1.8047593832015991,6.078508681246274
unbiased,Unbiased,290,249.0,2.330219030380249,10.280192961042172
unbiased,Unbiased,291,249.0,1.5004525184631348,4.483717576322012
unbiased,Unbiased,292,250.0,1.8670319318771362,6.469067244409593
unbiased,Unbiased,293,248.0,2.3902182579040527,10.915876159315182
unbiased,Unbiased,294,250.0,2.430675745010376,11.36656038188538
unbiased,Unbiased,295,249.0,1.8754076957702637,6.523478172709498
unbiased,Unbiased,296,250.0,2.0910043716430664,8.093039503077465
unbiased,Unbiased,297,76.0,2.1924359798431396,8.957005646047458
unbiased,Unbiased,298,249.0,2.0057485103607178,7.431654485798847
unbiased,Unbiased,299,248.0,2.267814874649048,9.6582732016194
unbiased,Unbiased,300,249.0,1.9722015857696533,7.186480738484674
unbiased,Unbiased,301,249.0,2.171680450439453,8.773014276254914
unbiased,Unbiased,302,249.0,1.1533708572387695,3.168856690064036
unbiased,Unbiased,303,100.0,1.4067659378051758,4.082730226597445
unbiased,Unbiased,304,249.0,1.9018433094024658,6.698229979982136
unbiased,Unbiased,305,175.0,1.3712223768234253,3.940164118261544
unbiased,Unbiased,306,250.0,1.4570673704147339,4.293350242259121
unbiased,Unbiased,307,249.0,1.8747514486312866,6.5191985632168095
unbiased,Unbiased,308,249.0,2.0113141536712646,7.473131740609019
unbiased,Unbiased,309,249.0,1.5841691493988037,4.875239099989617
unbiased,Unbiased,310,251.0,1.9036697149276733,6.710474842865475
unbiased,Unbiased,311,247.0,2.2049624919891357,9.069911367142227
unbiased,Unbiased,312,144.0,1.0068471431732178,2.736958160114669
unbiased,Unbiased,313,249.0,1.8351534605026245,6.2660956698468055
unbiased,Unbiased,314,133.0,1.2018777132034302,3.326357006830004
unbiased,Unbiased,315,217.0,1.921863317489624,6.8336799288809615
unbiased,Unbiased,316,250.0,1.7490208148956299,5.748970612650093
unbiased,Unbiased,317,249.0,1.815400242805481,6.143534590951213
unbiased,Unbiased,318,249.0,1.5626378059387207,4.7713906626334595
unbiased,Unbiased,319,249.0,2.269495964050293,9.674523277421097
unbiased,Unbiased,320,175.0,1.941078543663025,6.966260336260631
unbiased,Unbiased,321,183.0,1.9653383493423462,7.13732709159047
unbiased,Unbiased,322,139.0,2.287879705429077,9.854022085866943
unbiased,Unbiased,323,250.0,1.7597029209136963,5.810710897278054
unbiased,Unbiased,324,249.0,1.9917548894882202,7.328382986796677
unbiased,Unbiased,325,249.0,1.8659415245056152,6.462017170224392
unbiased,Unbiased,326,249.0,2.1938369274139404,8.969562735206946
unbiased,Unbiased,327,249.0,2.0819995403289795,8.020490184952981
unbiased,Unbiased,328,249.0,1.7451200485229492,5.726588902697472
unbiased,Unbiased,329,249.0,1.997735857963562,7.372345151525539
unbiased,Unbiased,330,250.0,1.811402440071106,6.1190229805026615
unbiased,Unbiased,331,85.0,1.9738478660583496,7.198321443955286
unbiased,Unbiased,332,132.0,2.236182928085327,9.357544610012031
unbiased,Unbiased,333,249.0,1.7948321104049683,6.018464199464369
unbiased,Unbiased,334,249.0,2.125433921813965,8.37653145936613
unbiased,Unbiased,335,203.0,1.4582630395889282,4.298486738961256
unbiased,Unbiased,336,251.0,1.678496241569519,5.3574935345939245
unbiased,Unbiased,337,176.0,2.237325429916382,9.368241731439966
unbiased,Unbiased,338,249.0,1.7481225728988647,5.743808964359327
unbiased,Unbiased,339,249.0,2.0511415004730225,7.77677323189841
unbiased,Unbiased,340,249.0,1.7981197834014893,6.038283503536987
unbiased,Unbiased,341,180.0,2.0364484786987305,7.663344281115931
unbiased,Unbiased,342,251.0,1.5421773195266724,4.674757639257087
unbiased,Unbiased,343,249.0,1.851174235343933,6.367291833733636
unbiased,Unbiased,344,137.0,2.6557867527008057,14.236182009176003
unbiased,Unbiased,345,69.0,1.7040574550628662,5.496202806926707
unbiased,Unbiased,346,249.0,2.096731185913086,8.139519802179464
unbiased,Unbiased,347,100.0,3.429011583328247,30.846138838985887
unbiased,Unbiased,348,250.0,1.9824079275131226,7.260203999256834
unbiased,Unbiased,349,119.0,2.5463063716888428,12.759886357039324
unbiased,Unbiased,350,96.0,1.2256463766098022,3.4063671674107896
unbiased,Unbiased,351,249.0,1.964252233505249,7.129579335843495
unbiased,Unbiased,352,250.0,1.7005645036697388,5.477038327457987
unbiased,Unbiased,353,203.0,2.259474992752075,9.578059295969162
unbiased,Unbiased,354,249.0,0.937879741191864,2.5545593453086775
unbiased,Unbiased,355,59.0,2.9913763999938965,19.913071989953387
unbiased,Unbiased,356,249.0,1.8622533082962036,6.438227750979672
unbiased,Unbiased,357,249.0,2.0759100914001465,7.971798223656983
unbiased,Unbiased,358,249.0,1.8195406198501587,6.169023871748359
unbiased,Unbiased,359,247.0,2.0581183433532715,7.831220270211811
unbiased,Unbiased,360,249.0,1.9455156326293945,6.997238929698174
unbiased,Unbiased,361,249.0,1.500543236732483,4.484124349871399
unbiased,Unbiased,362,250.0,1.8169187307357788,6.152870560561614
unbiased,Unbiased,363,119.0,3.2031805515289307,24.610681389602842
unbiased,Unbiased,364,249.0,1.9566336870193481,7.075468688215682
unbiased,Unbiased,365,249.0,1.7887786626815796,5.982141789878789
unbiased,Unbiased,366,250.0,2.313626289367676,10.111023753379722
unbiased,Unbiased,367,249.0,1.4454140663146973,4.243608914589609
unbiased,Unbiased,368,249.0,2.487725257873535,12.033871009152387
unbiased,Unbiased,369,245.0,1.6454657316207886,5.18342342907295
unbiased,Unbiased,370,106.0,2.343640089035034,10.419094048621835
unbiased,Unbiased,371,235.0,1.8647099733352661,6.454063763934255
unbiased,Unbiased,372,79.0,3.3234870433807373,27.756971764103177
unbiased,Unbiased,373,249.0,2.508859157562256,12.290900078624968
unbiased,Unbiased,374,250.0,1.944114089012146,6.9874388633523195
unbiased,Unbiased,375,204.0,1.7345993518829346,5.666657013478916
unbiased,Unbiased,376,135.0,1.8530128002166748,6.37900928117654
unbiased,Unbiased,377,147.0,1.7202297449111938,5.585811628666739
unbiased,Unbiased,378,250.0,1.5182137489318848,4.564065342945656
unbiased,Unbiased,379,129.0,1.8874130249023438,6.602266669879361
unbiased,Unbiased,380,249.0,1.7459955215454102,5.731604572013739
unbiased,Unbiased,381,250.0,2.0940253734588623,8.117525557696741
unbiased,Unbiased,382,249.0,2.365576982498169,10.650182013705459
unbiased,Unbiased,383,229.0,0.865799605846405,2.3769059141843534
unbiased,Unbiased,384,249.0,1.4851231575012207,4.415509182370756
unbiased,Unbiased,385,248.0,1.8213191032409668,6.180005140349189
unbiased,Unbiased,386,249.0,2.280134677886963,9.77799720085732
unbiased,Unbiased,387,249.0,1.5433984994888306,4.680469846720866
unbiased,Unbiased,388,123.0,2.320195436477661,10.177663198362263
unbiased,Unbiased,389,130.0,2.387296676635742,10.884031081643636
unbiased,Unbiased,390,249.0,2.1099741458892822,8.248028036439944
unbiased,Unbiased,391,249.0,1.8592958450317383,6.419215057447245
unbiased,Unbiased,392,187.0,2.0561132431030273,7.8155336203966135
unbiased,Unbiased,393,250.0,1.6517282724380493,5.215986687813234
unbiased,Unbiased,394,249.0,1.7988137006759644,6.042475026885306
unbiased,Unbiased,395,249.0,1.7046847343444824,5.4996515426221935
unbiased,Unbiased,396,250.0,1.660380482673645,5.261312301834308
unbiased,Unbiased,397,237.0,1.6629319190979004,5.274753345373051
unbiased,Unbiased,398,250.0,2.028367280960083,7.601664838196414
unbiased,Unbiased,399,249.0,1.5189735889434814,4.5675346202897185
unbiased,Unbiased,400,250.0,1.936431646347046,6.933963936943722
unbiased,Unbiased,401,249.0,2.040384292602539,7.693565211053573
unbiased,Unbiased,402,249.0,2.0225653648376465,7.557688313829447
unbiased,Unbiased,403,250.0,1.76664137840271,5.851168462056904
unbiased,Unbiased,404,250.0,1.9834107160568237,7.267488100248337
unbiased,Unbiased,405,92.0,2.0904953479766846,8.088921002733436
unbiased,Unbiased,406,249.0,1.7878777980804443,5.976755116797164
unbiased,Unbiased,407,251.0,1.6629444360733032,5.274819369744143
unbiased,Unbiased,408,79.0,2.4304404258728027,11.363885927386645
unbiased,Unbiased,409,249.0,2.062058210372925,7.8621350968412465
unbiased,Unbiased,410,249.0,1.778031587600708,5.918195496208036
unbiased,Unbiased,411,249.0,1.7639762163162231,5.8355949119461945
unbiased,Unbiased,412,249.0,1.9047387838363647,6.717652638978237
unbiased,Unbiased,413,249.0,1.6776254177093506,5.352830132189045
unbiased,Unbiased,414,234.0,1.88853120803833,6.609653342185457
unbiased,Unbiased,415,248.0,2.270015239715576,9.679548326512215
unbiased,Unbiased,416,249.0,1.9833141565322876,7.266786388931806
unbiased,Unbiased,417,58.0,4.21095085144043,67.42061633181613
unbiased,Unbiased,418,248.0,1.917172908782959,6.8017022299084
unbiased,Unbiased,419,249.0,1.706817388534546,5.5113929132198685
unbiased,Unbiased,420,113.0,2.5291881561279297,12.543318785467035
unbiased,Unbiased,421,249.0,1.6937639713287354,5.439917913526535
unbiased,Unbiased,422,248.0,2.0190258026123047,7.530984693206016
unbiased,Unbiased,423,227.0,2.0114898681640625,7.474444993537839
unbiased,Unbiased,424,249.0,1.8775383234024048,6.5373920929898475
unbiased,Unbiased,425,250.0,1.9052214622497559,6.720895887555803
unbiased,Unbiased,426,249.0,1.8552353382110596,6.393202638465862
unbiased,Unbiased,427,249.0,1.9047496318817139,6.717725512773972
unbiased,Unbiased,428,249.0,2.106330156326294,8.21802700328356
unbiased,Unbiased,429,249.0,1.487368106842041,4.4254329117661895
unbiased,Unbiased,430,249.0,1.8861807584762573,6.5941359289743815
unbiased,Unbiased,431,249.0,1.934407114982605,6.919940110102108
unbiased,Unbiased,432,251.0,1.9147229194641113,6.785058528865277
unbiased,Unbiased,433,249.0,2.174246311187744,8.795553513136307
unbiased,Unbiased,434,249.0,2.3133127689361572,10.107854237729388
unbiased,Unbiased,435,249.0,2.2035069465637207,9.056719302296756
unbiased,Unbiased,436,122.0,2.9636881351470947,19.36927669370008
unbiased,Unbiased,437,249.0,1.9704700708389282,7.174048006623303
unbiased,Unbiased,438,249.0,1.8863525390625,6.5952687708073565
unbiased,Unbiased,439,86.0,2.282536268234253,9.801508165102897
unbiased,Unbiased,440,249.0,1.9666194915771484,7.146476882611481
unbiased,Unbiased,441,251.0,1.995530605316162,7.356105181062955
unbiased,Unbiased,442,250.0,2.053143262863159,7.792356075442276
unbiased,Unbiased,443,249.0,1.3320118188858032,3.7886578189241056
unbiased,Unbiased,444,250.0,0.8487621545791626,2.336752522519731
unbiased,Unbiased,445,249.0,0.852044403553009,2.344434926973994
unbiased,Unbiased,446,190.0,2.243844509124756,9.429513542228328
unbiased,Unbiased,447,249.0,2.0142462253570557,7.495075653431512
unbiased,Unbiased,448,65.0,2.263170003890991,9.613515797500074
unbiased,Unbiased,449,250.0,1.938205361366272,6.946273726723676
unbiased,Unbiased,450,249.0,1.8806558847427368,6.557804615959017
unbiased,Unbiased,451,249.0,2.3469388484954834,10.453520885391915
unbiased,Unbiased,452,250.0,2.0133092403411865,7.488056168940893
unbiased,Unbiased,453,249.0,1.815101981163025,6.1417024834709055
unbiased,Unbiased,454,249.0,1.9227417707443237,6.839685634735783
unbiased,Unbiased,455,249.0,2.1932125091552734,8.963963724706938
unbiased,Unbiased,456,249.0,2.35719895362854,10.56132721509785
unbiased,Unbiased,457,249.0,1.1883271932601929,3.28158715231245
unbiased,Unbiased,458,249.0,1.9587417840957642,7.09040019607589
unbiased,Unbiased,459,249.0,1.920058012008667,6.821354178270413
unbiased,Unbiased,460,249.0,2.1170480251312256,8.306580442918062
unbiased,Unbiased,461,248.0,2.017570734024048,7.5200345624679175
unbiased,Unbiased,462,249.0,1.998754620552063,7.379859648049467
unbiased,Unbiased,463,249.0,2.0764806270599365,7.976347716516776
unbiased,Unbiased,464,249.0,2.2405741214752197,9.39872574904871
unbiased,Unbiased,465,249.0,1.6133599281311035,5.019648584326549
unbiased,Unbiased,466,249.0,1.8061171770095825,6.086767648413828
unbiased,Unbiased,467,250.0,2.413011074066162,11.16753685082327
unbiased,Unbiased,468,249.0,1.935925841331482,6.930457590045354
unbiased,Unbiased,469,249.0,1.588910460472107,4.8984090095888675
unbiased,Unbiased,470,247.0,1.4585133790969849,4.299562954720917
unbiased,Unbiased,471,249.0,1.5538302659988403,4.7295509716462725
unbiased,Unbiased,472,243.0,1.3103010654449463,3.707289681029309
unbiased,Unbiased,473,249.0,2.291152000427246,9.886320168657333
unbiased,Unbiased,474,249.0,1.8172913789749146,6.155163844209156
unbiased,Unbiased,475,121.0,2.0307822227478027,7.620044600365793
unbiased,Unbiased,476,249.0,1.7169920206069946,5.567755556662777
unbiased,Unbiased,477,249.0,1.7424867153167725,5.711528723919138
unbiased,Unbiased,478,249.0,2.2900540828704834,9.875471760590969
unbiased,Unbiased,479,249.0,1.9353830814361572,6.9266970362404425
unbiased,Unbiased,480,249.0,1.9656745195388794,7.139726851582866
unbiased,Unbiased,481,249.0,2.1004631519317627,8.169952965934371
unbiased,Unbiased,482,249.0,1.7028989791870117,5.4898392752767196
unbiased,Unbiased,483,250.0,2.1267154216766357,8.387272864365483
unbiased,Unbiased,484,249.0,1.0707738399505615,2.9176364102361636
unbiased,Unbiased,485,117.0,2.172499895095825,8.78020622222227
unbiased,Unbiased,486,51.0,2.4199228286743164,11.244991490496075
unbiased,Unbiased,487,250.0,2.1252424716949463,8.3749279249246
unbiased,Unbiased,488,249.0,1.8575228452682495,6.4078438742000134
unbiased,Unbiased,489,202.0,2.046691656112671,7.742244681703189
unbiased,Unbiased,490,249.0,1.6878365278244019,5.407768483520612
unbiased,Unbiased,491,250.0,1.7341362237930298,5.664033233060222
unbiased,Unbiased,492,247.0,2.0461745262145996,7.738241970550105
unbiased,Unbiased,493,249.0,1.8772666454315186,6.535616268808214
unbiased,Unbiased,494,249.0,1.7132428884506226,5.546920386574464
unbiased,Unbiased,495,249.0,2.059035301208496,7.838404462451951
unbiased,Unbiased,496,202.0,1.8048473596572876,6.079043470420005
unbiased,Unbiased,497,249.0,2.304232597351074,10.016488622379343
unbiased,Unbiased,498,249.0,2.1790781021118164,8.8381546257267
unbiased,Unbiased,499,182.0,1.8834015130996704,6.575834650832758
synthid,SynthID,0,74.0,2.096024990081787,8.133773736389047
synthid,SynthID,1,249.0,1.3538144826889038,3.872167712631213
synthid,SynthID,2,171.0,1.690473198890686,5.422045804242131
synthid,SynthID,3,249.0,1.3466073274612427,3.844360723865929
synthid,SynthID,4,250.0,1.2124950885772705,3.3618623409907666
synthid,SynthID,5,252.0,1.6925123929977417,5.433113689041749
synthid,SynthID,6,249.0,1.915960669517517,6.793461935007089
synthid,SynthID,7,226.0,1.9304205179214478,6.892408013347653
synthid,SynthID,8,249.0,1.8609662055969238,6.4299464212669815
synthid,SynthID,9,249.0,1.5524002313613892,4.722792383596508
synthid,SynthID,10,249.0,1.953936219215393,7.05640855783267
synthid,SynthID,11,249.0,1.5422449111938477,4.675073624598433
synthid,SynthID,12,172.0,2.2826995849609375,9.803109046054754
synthid,SynthID,13,249.0,2.1558926105499268,8.63559496294027
synthid,SynthID,14,249.0,1.7256814241409302,5.616346840366104
synthid,SynthID,15,159.0,2.0056097507476807,7.4306233438402565
synthid,SynthID,16,249.0,1.8195570707321167,6.16912535846664
synthid,SynthID,17,249.0,1.647031307220459,5.191544825987876
synthid,SynthID,18,72.0,2.8049557209014893,16.52634411824209
synthid,SynthID,19,249.0,1.776269555091858,5.907776625240336
synthid,SynthID,20,249.0,1.7625799179077148,5.827452366092779
synthid,SynthID,21,249.0,2.201216459274292,9.035998741000972
synthid,SynthID,22,251.0,2.0257315635681152,7.581655379197831
synthid,SynthID,23,249.0,1.4776729345321655,4.382734893915352
synthid,SynthID,24,249.0,1.6285486221313477,5.096472440776334
synthid,SynthID,25,250.0,1.7267512083053589,5.622358334205009
synthid,SynthID,26,249.0,2.078317165374756,7.991010044552912
synthid,SynthID,27,249.0,1.6949081420898438,5.446145670675429
synthid,SynthID,28,239.0,1.269147276878357,3.5578174352882646
synthid,SynthID,29,93.0,2.607166290283203,13.560569637338645
synthid,SynthID,30,249.0,1.8672206401824951,6.470288126318193
synthid,SynthID,31,249.0,1.6821249723434448,5.376969751857095
synthid,SynthID,32,115.0,1.3772693872451782,3.9640625158547196
synthid,SynthID,33,249.0,1.9075915813446045,6.736844103353073
synthid,SynthID,34,250.0,1.4560340642929077,4.28891618843266
synthid,SynthID,35,249.0,1.56300687789917,4.77315197414474
synthid,SynthID,36,249.0,1.7044905424118042,5.498583658350687
synthid,SynthID,37,249.0,1.5598735809326172,4.758219677419818
synthid,SynthID,38,50.0,3.349684953689575,28.49375537705495
synthid,SynthID,39,249.0,1.3618581295013428,3.9034396637667665
synthid,SynthID,40,249.0,1.0055190324783325,2.733325589472678
synthid,SynthID,41,248.0,1.7258427143096924,5.617252774953021
synthid,SynthID,42,119.0,1.8949649333953857,6.652315126438451
synthid,SynthID,43,214.0,1.5929969549179077,4.9184672869057495
synthid,SynthID,44,249.0,1.7155683040618896,5.559834291114079
synthid,SynthID,45,250.0,1.9473013877868652,7.009745448671792
synthid,SynthID,46,249.0,1.6062484979629517,4.9840783315409
synthid,SynthID,47,249.0,2.487227201461792,12.027878954852586
synthid,SynthID,48,249.0,1.2647449970245361,3.542189352106629
synthid,SynthID,49,175.0,1.5815855264663696,4.862659577818237
synthid,SynthID,50,89.0,2.3037936687469482,10.012093063748855
synthid,SynthID,51,249.0,1.1216403245925903,3.0698856845183937
synthid,SynthID,52,221.0,1.9363596439361572,6.9334646927968535
synthid,SynthID,53,249.0,1.6745370626449585,5.336324193360737
synthid,SynthID,54,249.0,1.8568774461746216,6.403709591846045
synthid,SynthID,55,250.0,2.107585906982422,8.228353278341382
synthid,SynthID,56,249.0,1.6262128353118896,5.084582059727164
synthid,SynthID,57,250.0,1.9994008541107178,7.384630302324618
synthid,SynthID,58,248.0,1.6117724180221558,5.011686163339703
synthid,SynthID,59,219.0,1.7392041683197021,5.692811100004885
synthid,SynthID,60,190.0,2.0317656993865967,7.627542422578974
synthid,SynthID,61,249.0,1.9224843978881836,6.837925511822517
synthid,SynthID,62,86.0,2.1244890689849854,8.368620607803484
synthid,SynthID,63,249.0,1.6938714981079102,5.440502881828066
synthid,SynthID,64,249.0,1.3692471981048584,3.932389270831772
synthid,SynthID,65,249.0,2.085986614227295,8.052532306727645
synthid,SynthID,66,250.0,1.480907678604126,4.396934873901088
synthid,SynthID,67,249.0,2.0405383110046387,7.694750252930614
synthid,SynthID,68,249.0,1.523948073387146,4.590312356982156
synthid,SynthID,69,249.0,1.9637715816497803,7.1261533137349105
synthid,SynthID,70,248.0,1.5570801496505737,4.744946465260299
synthid,SynthID,71,249.0,1.6725058555603027,5.325496014712664
synthid,SynthID,72,249.0,1.7334543466567993,5.660172374764842
synthid,SynthID,73,249.0,1.9343361854553223,6.919449299427964
synthid,SynthID,74,249.0,1.7287007570266724,5.633330087214684
synthid,SynthID,75,249.0,1.5556640625,4.738231962823047
synthid,SynthID,76,249.0,1.8753271102905273,6.522952496272629
synthid,SynthID,77,249.0,1.567064642906189,4.792559652467909
synthid,SynthID,78,247.0,1.8444757461547852,6.324783129216201
synthid,SynthID,79,249.0,1.1187947988510132,3.061162662457178
synthid,SynthID,80,250.0,1.773046851158142,5.888768255895447
synthid,SynthID,81,140.0,2.141603708267212,8.513079182890984
synthid,SynthID,82,239.0,1.679442048072815,5.362563083848722
synthid,SynthID,83,249.0,1.5115920305252075,4.533943227601812
synthid,SynthID,84,249.0,1.7281383275985718,5.6301626274152285
synthid,SynthID,85,216.0,1.7010401487350464,5.4796440733669085
synthid,SynthID,86,159.0,1.842667818069458,6.313358706542419
synthid,SynthID,87,242.0,1.9321236610412598,6.904156772703891
synthid,SynthID,88,249.0,1.3386393785476685,3.813850766322722
synthid,SynthID,89,231.0,2.024932861328125,7.575602311684706
synthid,SynthID,90,249.0,2.079007387161255,7.996527517702836
synthid,SynthID,91,249.0,1.7751950025558472,5.901431818410144
synthid,SynthID,92,81.0,1.8976082801818848,6.66992276354372
synthid,SynthID,93,249.0,1.6744818687438965,5.336029668939224
synthid,SynthID,94,249.0,2.0714898109436035,7.936638405143366
synthid,SynthID,95,248.0,0.9659465551376343,2.6272733389481777
synthid,SynthID,96,249.0,1.8047691583633423,6.078568099942204
synthid,SynthID,97,249.0,1.7905540466308594,5.992771821796736
synthid,SynthID,98,249.0,1.802380084991455,6.064063288184253
synthid,SynthID,99,249.0,1.7023019790649414,5.48656281867904
synthid,SynthID,100,249.0,1.5521234273910522,4.72148527682817
synthid,SynthID,101,249.0,1.49752938747406,4.470630219875956
synthid,SynthID,102,249.0,1.4979169368743896,4.47236314571226
synthid,SynthID,103,203.0,1.5915521383285522,4.911366134941808
synthid,SynthID,104,250.0,1.679595708847046,5.363387162756728
synthid,SynthID,105,249.0,1.852086067199707,6.373100381069438
synthid,SynthID,106,249.0,1.9874489307403564,7.2968951133611295
synthid,SynthID,107,249.0,1.3321592807769775,3.789216542765321
synthid,SynthID,108,251.0,2.1554982662200928,8.632190236393319
synthid,SynthID,109,250.0,1.7598583698272705,5.8116142361838365
synthid,SynthID,110,151.0,1.0360058546066284,2.8179392477596115
synthid,SynthID,111,249.0,2.212217092514038,9.135949200330339
synthid,SynthID,112,249.0,1.6977620124816895,5.461710463941926
synthid,SynthID,113,249.0,1.83674955368042,6.276104928126395
synthid,SynthID,114,249.0,1.8012720346450806,6.057347722037142
synthid,SynthID,115,155.0,1.7062549591064453,5.50829401519306
synthid,SynthID,116,58.0,3.3774051666259766,29.294657649768556
synthid,SynthID,117,249.0,1.8422648906707764,6.310815393761459
synthid,SynthID,118,245.0,1.9890044927597046,7.308254719253743
synthid,SynthID,119,249.0,0.9481029510498047,2.5808090912995145
synthid,SynthID,120,108.0,2.0107786655426025,7.469131038537827
synthid,SynthID,121,59.0,3.6579205989837646,38.780618513716234
synthid,SynthID,123,249.0,1.7679327726364136,5.858729508364238
synthid,SynthID,124,247.0,2.023618698120117,7.565653272610598
synthid,SynthID,125,53.0,3.2431588172912598,25.614505632711595
synthid,SynthID,126,250.0,1.6239149570465088,5.072911722765584
synthid,SynthID,127,249.0,1.9831459522247314,7.2655641869517975
synthid,SynthID,128,247.0,1.802536964416504,6.065014689572064
synthid,SynthID,129,72.0,2.83187198638916,16.97721220636763
synthid,SynthID,130,250.0,1.3813786506652832,3.980385407507836
synthid,SynthID,131,249.0,1.206019401550293,3.3401623097796787
synthid,SynthID,132,249.0,1.8041410446166992,6.07475126658696
synthid,SynthID,133,57.0,3.2184836864471436,24.99019846137911
synthid,SynthID,134,249.0,1.6456282138824463,5.184265711860989
synthid,SynthID,135,249.0,1.6854393482208252,5.394820616592683
synthid,SynthID,136,249.0,2.020698308944702,7.54359085179605
synthid,SynthID,137,175.0,1.56501042842865,4.782724811939657
synthid,SynthID,138,249.0,1.4953588247299194,4.460936960197717
synthid,SynthID,139,147.0,1.777552604675293,5.915361460397649
synthid,SynthID,140,249.0,1.287240743637085,3.6227765827255265
synthid,SynthID,141,249.0,1.5347819328308105,4.640313519581486
synthid,SynthID,142,249.0,2.1345102787017822,8.452905925015436
synthid,SynthID,143,250.0,1.7983843088150024,6.0398809942568015
synthid,SynthID,144,249.0,1.1114407777786255,3.0387333815180346
synthid,SynthID,145,249.0,1.7950952053070068,6.0200478350274365
synthid,SynthID,146,249.0,1.5640052556991577,4.777919762742812
synthid,SynthID,147,224.0,1.36449134349823,3.913731800477643
synthid,SynthID,148,250.0,1.3777461051940918,3.9659527061146576
synthid,SynthID,149,250.0,0.913857638835907,2.493924661333624
synthid,SynthID,150,249.0,1.6999610662460327,5.473734274554973
synthid,SynthID,151,249.0,1.7892831563949585,5.985160504201499
synthid,SynthID,152,161.0,1.9067816734313965,6.73139008892657
synthid,SynthID,153,249.0,1.5756980180740356,4.834114740183845
synthid,SynthID,154,249.0,2.1826906204223633,8.870140360885301
synthid,SynthID,155,249.0,1.80370032787323,6.072074611857966
synthid,SynthID,156,249.0,1.7043160200119019,5.497624116067814
synthid,SynthID,157,249.0,1.7477883100509644,5.741889343263986
synthid,SynthID,158,249.0,1.4895179271697998,4.434957031303774
synthid,SynthID,159,249.0,1.114654302597046,3.0485141335839185
synthid,SynthID,160,251.0,1.6461952924728394,5.187206431683914
synthid,SynthID,161,248.0,1.9891530275344849,7.309340329845971
synthid,SynthID,162,249.0,1.9487833976745605,7.020141662479967
synthid,SynthID,163,249.0,1.8959214687347412,6.6586813452166345
synthid,SynthID,164,249.0,1.399536371231079,4.0533202952449034
synthid,SynthID,165,54.0,3.5637381076812744,35.29488694443141
synthid,SynthID,166,249.0,1.73350191116333,5.660441604473564
synthid,SynthID,167,249.0,1.9808236360549927,7.248710826748017
synthid,SynthID,168,250.0,1.8639589548110962,6.449218462174796
synthid,SynthID,169,249.0,1.161683201789856,3.195307098861351
synthid,SynthID,170,249.0,1.7993552684783936,6.04574832308276
synthid,SynthID,171,71.0,3.234257698059082,25.387519577643648
synthid,SynthID,172,76.0,2.5161402225494385,12.38071750731867
synthid,SynthID,173,249.0,1.933060646057129,6.910628895814802
synthid,SynthID,174,249.0,1.1209290027618408,3.0677027842774303
synthid,SynthID,175,248.0,1.3586697578430176,3.8910138669284886
synthid,SynthID,176,146.0,1.822636604309082,6.188152669733343
synthid,SynthID,177,249.0,1.6156504154205322,5.0311592030368955
synthid,SynthID,178,249.0,1.0304616689682007,2.802359298425905
synthid,SynthID,179,249.0,1.8471800088882446,6.3419101520770385
synthid,SynthID,180,247.0,0.9076305627822876,2.478443055391132
synthid,SynthID,181,250.0,0.8528133630752563,2.3462383958437947
synthid,SynthID,182,151.0,1.7198277711868286,5.58356673038805
synthid,SynthID,183,247.0,1.8126611709594727,6.1267300332699435
synthid,SynthID,184,249.0,1.9022008180618286,6.700625083311963
synthid,SynthID,185,249.0,2.060335159301758,7.848599900806714
synthid,SynthID,186,249.0,1.6546461582183838,5.231228567417714
synthid,SynthID,187,249.0,1.9667836427688599,7.147650081596671
synthid,SynthID,188,189.0,1.4683877229690552,4.342228618887764
synthid,SynthID,189,97.0,1.7736475467681885,5.892306675785592
synthid,SynthID,190,250.0,1.4721463918685913,4.3585803296347185
synthid,SynthID,191,67.0,2.3354732990264893,10.33435000984214
synthid,SynthID,192,249.0,1.682578682899475,5.3794098933100765
synthid,SynthID,193,249.0,2.062422275543213,7.864997947494591
synthid,SynthID,194,79.0,3.0055091381073,20.1964962846399
synthid,SynthID,195,249.0,1.8917241096496582,6.630791042332905
synthid,SynthID,196,156.0,1.6908987760543823,5.424353794196007
synthid,SynthID,197,250.0,2.2168891429901123,9.17873268160985
synthid,SynthID,198,56.0,2.522913694381714,12.464862604125422
synthid,SynthID,199,249.0,1.4599177837371826,4.305605522997641
synthid,SynthID,200,249.0,2.299206018447876,9.966266281011928
synthid,SynthID,201,250.0,1.1973662376403809,3.311384028987457
synthid,SynthID,202,249.0,1.8181376457214355,6.160374959375635
synthid,SynthID,203,250.0,1.2898030281066895,3.632071069374596
synthid,SynthID,204,249.0,1.4914480447769165,4.443525286166503
synthid,SynthID,205,249.0,1.9081659317016602,6.7407145235514765
synthid,SynthID,206,250.0,1.8330299854278564,6.252803889252718
synthid,SynthID,207,249.0,2.067695379257202,7.906580435415585
synthid,SynthID,209,248.0,2.1721677780151367,8.777290649946378
synthid,SynthID,210,249.0,1.9512395858764648,7.037405644722532
synthid,SynthID,211,249.0,2.4309566020965576,11.369753209257253
synthid,SynthID,212,206.0,2.102726936340332,8.188468928243363
synthid,SynthID,213,249.0,1.5856441259384155,4.882435269072748
synthid,SynthID,214,249.0,1.9253365993499756,6.857456492868845
synthid,SynthID,215,249.0,1.700445294380188,5.47638545252528
synthid,SynthID,216,250.0,1.7743866443634033,5.896663275257708
synthid,SynthID,217,249.0,1.790113925933838,5.990134859218906
synthid,SynthID,218,249.0,1.912695050239563,6.771313259003036
synthid,SynthID,219,190.0,1.894394040107727,6.648518448237544
synthid,SynthID,220,249.0,1.926263689994812,6.863816924523534
synthid,SynthID,221,249.0,2.2179384231567383,9.188368798376423
synthid,SynthID,222,236.0,1.5386643409729004,4.65836412781274
synthid,SynthID,223,249.0,1.879616379737854,6.550991287097934
synthid,SynthID,224,250.0,1.9229656457901,6.841217041085793
synthid,SynthID,225,249.0,1.6131354570388794,5.018521944779979
synthid,SynthID,226,249.0,2.085362434387207,8.047507646709008
synthid,SynthID,227,249.0,1.9924631118774414,7.333574950019998
synthid,SynthID,228,249.0,1.873925805091858,6.513818250456713
synthid,SynthID,229,250.0,2.1110801696777344,8.257155598375913
synthid,SynthID,230,246.0,1.7684117555618286,5.861536411939149
synthid,SynthID,231,250.0,1.8497116565704346,6.357985974787704
synthid,SynthID,232,250.0,1.9459911584854126,7.000567088980162
synthid,SynthID,233,89.0,3.4062674045562744,30.152486916260596
synthid,SynthID,234,249.0,1.676831603050232,5.348582663236942
synthid,SynthID,235,238.0,0.8895754814147949,2.4340961128891694
synthid,SynthID,236,250.0,2.21163272857666,9.130612040657647
synthid,SynthID,237,250.0,1.8267771005630493,6.213827809911631
synthid,SynthID,238,249.0,1.599117398262024,4.948662797972686
synthid,SynthID,239,249.0,1.9956096410751343,7.356686599395136
synthid,SynthID,240,250.0,1.6169700622558594,5.037802939085682
synthid,SynthID,241,249.0,1.629699468612671,5.102341074452445
synthid,SynthID,242,249.0,1.0662063360214233,2.904340482185485
synthid,SynthID,243,57.0,3.2971231937408447,27.034753196093956
synthid,SynthID,244,249.0,1.6428698301315308,5.169985222150988
synthid,SynthID,245,89.0,1.8811204433441162,6.560851808244418
synthid,SynthID,246,249.0,1.4652131795883179,4.32846588252792
synthid,SynthID,247,249.0,1.8336924314498901,6.256947406592473
synthid,SynthID,248,236.0,1.618265151977539,5.044331572562479
synthid,SynthID,249,222.0,2.129639148712158,8.41183084371358
synthid,SynthID,250,249.0,1.8196818828582764,6.169895388172699
synthid,SynthID,251,247.0,1.6955457925796509,5.449619515561639
synthid,SynthID,252,249.0,2.14918851852417,8.577894769425553
synthid,SynthID,253,249.0,1.4081708192825317,4.088470009583186
synthid,SynthID,254,243.0,1.6319422721862793,5.113797465663273
synthid,SynthID,255,249.0,1.0435374975204468,2.839243085670423
synthid,SynthID,256,249.0,1.7965469360351562,6.028793670217316
synthid,SynthID,257,249.0,1.6742907762527466,5.335010091156868
synthid,SynthID,258,249.0,1.3486683368682861,3.8522921580545537
synthid,SynthID,259,215.0,1.2222037315368652,3.3946604169209103
synthid,SynthID,260,249.0,1.9254668951034546,6.858350048541523
synthid,SynthID,261,249.0,1.968923568725586,7.162961900772429
synthid,SynthID,262,208.0,1.761411190032959,5.820645638454668
synthid,SynthID,263,249.0,1.73090398311615,5.645755269750441
synthid,SynthID,264,249.0,1.6923761367797852,5.432373443951395
synthid,SynthID,265,199.0,0.7762811779975891,2.1733748242430226
synthid,SynthID,266,249.0,1.8182568550109863,6.161109377071744
synthid,SynthID,267,249.0,1.7094473838806152,5.525906928462298
synthid,SynthID,268,249.0,1.9027236700057983,6.704129434211092
synthid,SynthID,269,249.0,1.9803709983825684,7.245430529600359
synthid,SynthID,270,249.0,1.636330246925354,5.136285983203371
synthid,SynthID,271,249.0,1.9502638578414917,7.030542399616339
synthid,SynthID,272,249.0,1.9225844144821167,6.838609452043894
synthid,SynthID,273,249.0,1.7438695430755615,5.719432247730319
synthid,SynthID,274,249.0,1.7661298513412476,5.848176196425056
synthid,SynthID,275,172.0,2.5825679302215576,13.231071039563655
synthid,SynthID,276,250.0,2.046947479248047,7.7442255803815625
synthid,SynthID,277,250.0,2.0492026805877686,7.76171007640456
synthid,SynthID,278,78.0,3.8927605152130127,49.04609230300721
synthid,SynthID,279,250.0,2.0866355895996094,8.057759897984996
synthid,SynthID,280,250.0,1.7059946060180664,5.506860100504664
synthid,SynthID,281,249.0,1.4954301118850708,4.461254979038113
synthid,SynthID,282,249.0,2.1529903411865234,8.610568474616592
synthid,SynthID,283,251.0,1.2524778842926025,3.499002347504561
synthid,SynthID,284,250.0,1.901012659072876,6.69266840322416
synthid,SynthID,285,249.0,1.4171146154403687,4.125200461942363
synthid,SynthID,286,249.0,2.020298480987549,7.540575316164074
synthid,SynthID,287,249.0,1.6127616167068481,5.016646169511907
synthid,SynthID,288,186.0,2.0443649291992188,7.724251533320435
synthid,SynthID,289,249.0,1.6473987102508545,5.193452565722598
synthid,SynthID,290,249.0,1.6823245286941528,5.378042867388592
synthid,SynthID,291,249.0,1.765770673751831,5.84607603978352
synthid,SynthID,292,250.0,2.0156149864196777,7.505341645389582
synthid,SynthID,293,248.0,1.8186074495315552,6.163269806955282
synthid,SynthID,294,250.0,2.1271626949310303,8.391025106271194
synthid,SynthID,295,237.0,1.371434211730957,3.940998870974956
synthid,SynthID,296,249.0,2.0266706943511963,7.5887788895815325
synthid,SynthID,297,253.0,1.6205217838287354,5.055727625368896
synthid,SynthID,298,249.0,1.471867561340332,4.357365193795302
synthid,SynthID,299,249.0,2.255317449569702,9.538320765411811
synthid,SynthID,300,249.0,1.972761631011963,7.190506620063897
synthid,SynthID,301,249.0,1.948195219039917,7.016013779227297
synthid,SynthID,302,249.0,0.889706015586853,2.4344138663483665
synthid,SynthID,303,76.0,1.3916124105453491,4.021328861403475
synthid,SynthID,304,249.0,1.716265082359314,5.5637096129486885
synthid,SynthID,305,55.0,3.2638416290283203,26.149802267977282
synthid,SynthID,306,250.0,1.4193933010101318,4.134611214708597
synthid,SynthID,307,249.0,1.675676941871643,5.342410426582012
synthid,SynthID,308,249.0,1.834252119064331,6.260450322738101
synthid,SynthID,309,249.0,1.6320675611495972,5.114438208184509
synthid,SynthID,310,251.0,1.642919659614563,5.170242846260477
synthid,SynthID,311,248.0,2.4488539695739746,11.57507372837422
synthid,SynthID,312,249.0,0.9474779963493347,2.579196706413127
synthid,SynthID,313,249.0,1.6094276905059814,4.999948890620624
synthid,SynthID,314,173.0,1.300872564315796,3.6724997622052675
synthid,SynthID,315,165.0,1.7496920824050903,5.752831005368353
synthid,SynthID,316,250.0,1.651761770248413,5.216161414872633
synthid,SynthID,317,250.0,1.9863489866256714,7.288873349080697
synthid,SynthID,318,237.0,1.393141508102417,4.027482569152338
synthid,SynthID,319,249.0,1.8766570091247559,6.53163313409881
synthid,SynthID,320,249.0,1.8264575004577637,6.2118421872088705
synthid,SynthID,321,249.0,1.7226706743240356,5.599462854627242
synthid,SynthID,322,251.0,1.870042085647583,6.488569469188507
synthid,SynthID,323,249.0,1.5081770420074463,4.518486271225414
synthid,SynthID,324,249.0,1.950067400932312,7.029161336650776
synthid,SynthID,325,249.0,1.960745096206665,7.104618717973162
synthid,SynthID,326,249.0,2.010204792022705,7.464845931690442
synthid,SynthID,327,249.0,1.8053300380706787,6.081978401734256
synthid,SynthID,328,249.0,1.5626211166381836,4.771311032125201
synthid,SynthID,329,249.0,1.5977959632873535,4.9421277806247845
synthid,SynthID,330,213.0,1.8192064762115479,6.166962876018658
synthid,SynthID,331,153.0,1.7442339658737183,5.721516919061714
synthid,SynthID,332,185.0,1.8062382936477661,6.0875049018947385
synthid,SynthID,333,249.0,1.735392451286316,5.671153018429226
synthid,SynthID,334,249.0,0.9204763770103455,2.5104860429585387
synthid,SynthID,335,205.0,1.6133878231048584,5.0197886092450545
synthid,SynthID,336,219.0,1.6889762878417969,5.413935555644961
synthid,SynthID,337,248.0,2.233400821685791,9.331547105948424
synthid,SynthID,338,249.0,1.8683079481124878,6.477327148005843
synthid,SynthID,339,250.0,1.9369916915893555,6.9378483580812125
synthid,SynthID,340,227.0,1.8197829723358154,6.170519131200357
synthid,SynthID,341,247.0,1.9117190837860107,6.764707908240441
synthid,SynthID,342,249.0,1.3046718835830688,3.6864793008601344
synthid,SynthID,343,249.0,1.6720211505889893,5.322915345801673
synthid,SynthID,344,249.0,2.1727781295776367,8.782649518239547
synthid,SynthID,345,59.0,1.7965610027313232,6.028878476022596
synthid,SynthID,346,250.0,2.0180087089538574,7.52332887043707
synthid,SynthID,347,228.0,2.516028642654419,12.379336145226489
synthid,SynthID,348,249.0,1.88621187210083,6.594341099635843
synthid,SynthID,349,198.0,2.0733745098114014,7.951610683245549
synthid,SynthID,350,91.0,1.1847786903381348,3.2699630669613127
synthid,SynthID,351,249.0,1.7485172748565674,5.746076504474053
synthid,SynthID,352,101.0,1.9219845533370972,6.834508466081689
synthid,SynthID,353,192.0,1.9946874380111694,7.3499053677894235
synthid,SynthID,354,249.0,1.4092177152633667,4.092752453649597
synthid,SynthID,355,248.0,1.8750327825546265,6.521032892943121
synthid,SynthID,356,249.0,1.8874692916870117,6.602638168647818
synthid,SynthID,357,249.0,2.083818197250366,8.035089976923036
synthid,SynthID,358,249.0,1.6551560163497925,5.233896431898476
synthid,SynthID,359,247.0,0.852208137512207,2.3448188220141395
synthid,SynthID,360,249.0,1.7519806623458862,5.766011896017982
synthid,SynthID,361,228.0,1.4165940284729004,4.123053495233614
synthid,SynthID,362,147.0,1.6145099401474,5.025424561100884
synthid,SynthID,363,112.0,3.0698301792144775,21.53824472277545
synthid,SynthID,364,249.0,1.9290156364440918,6.882731795556384
synthid,SynthID,365,249.0,1.7728550434112549,5.887638852841933
synthid,SynthID,366,250.0,1.9692851305007935,7.165552222245412
synthid,SynthID,367,249.0,1.3563085794448853,3.881837327026349
synthid,SynthID,368,249.0,2.1511764526367188,8.594964019702694
synthid,SynthID,369,240.0,1.7110874652862549,5.53497730170704
synthid,SynthID,370,250.0,1.2794716358184814,3.59473989191069
synthid,SynthID,371,183.0,1.61139714717865,5.009805776495046
synthid,SynthID,372,53.0,3.6204264163970947,37.35349256824576
synthid,SynthID,373,249.0,2.215812921524048,9.168859646205908
synthid,SynthID,374,250.0,1.8275516033172607,6.21864230084218
synthid,SynthID,375,194.0,1.6193153858184814,5.049632083185532
synthid,SynthID,376,249.0,1.3090935945510864,3.702815938145073
synthid,SynthID,377,246.0,1.4093190431594849,4.093167184656613
synthid,SynthID,378,249.0,1.4768261909484863,4.3790254119766105
synthid,SynthID,379,250.0,1.8040649890899658,6.074289265748686
synthid,SynthID,380,249.0,1.7279167175292969,5.628915064926648
synthid,SynthID,381,250.0,1.9182122945785522,6.808775497882367
synthid,SynthID,382,61.0,3.441375255584717,31.229877712607678
synthid,SynthID,383,230.0,0.4836340844631195,1.6219580374075895
synthid,SynthID,384,156.0,1.3021633625030518,3.6772432790438665
synthid,SynthID,385,143.0,1.7044456005096436,5.498336547094757
synthid,SynthID,386,249.0,2.077364444732666,7.983400469807374
synthid,SynthID,387,249.0,1.3974440097808838,4.0448481505991705
synthid,SynthID,388,249.0,1.7527341842651367,5.770358349736707
synthid,SynthID,389,249.0,2.0631704330444336,7.870884406430725
synthid,SynthID,390,249.0,1.9050253629684448,6.719578053919824
synthid,SynthID,391,249.0,2.0145435333251953,7.497304330430385
synthid,SynthID,392,84.0,2.540644407272339,12.687844476268673
synthid,SynthID,393,249.0,1.750126600265503,5.755331256350636
synthid,SynthID,394,249.0,1.5579392910003662,4.749024796651866
synthid,SynthID,395,249.0,1.6618046760559082,5.268810766360933
synthid,SynthID,396,149.0,1.5134129524230957,4.5422067053992645
synthid,SynthID,397,249.0,1.814030408859253,6.135124730090201
synthid,SynthID,398,171.0,2.0091848373413086,7.4572360086845295
synthid,SynthID,399,249.0,1.8908389806747437,6.624924533746109
synthid,SynthID,400,142.0,2.2373149394989014,9.368143455188624
synthid,SynthID,401,249.0,2.0393033027648926,7.685253038741478
synthid,SynthID,402,249.0,1.5453736782073975,4.689723747200104
synthid,SynthID,403,250.0,1.8087382316589355,6.102742325163213
synthid,SynthID,404,249.0,1.7076464891433716,5.515964307250616
synthid,SynthID,405,249.0,1.8706066608428955,6.492233788858537
synthid,SynthID,406,249.0,1.8174313306808472,6.156025330171257
synthid,SynthID,407,251.0,0.7726202011108398,2.1654326960895562
synthid,SynthID,408,150.0,1.9508249759674072,7.034488471394445
synthid,SynthID,409,249.0,1.7020559310913086,5.485213027078849
synthid,SynthID,410,170.0,2.175198793411255,8.803935112532056
synthid,SynthID,411,249.0,1.7577834129333496,5.7995678893069815
synthid,SynthID,412,249.0,1.7170346975326538,5.567993176423162
synthid,SynthID,413,249.0,1.5608477592468262,4.7628572904080375
synthid,SynthID,414,249.0,2.083671808242798,8.033913814166342
synthid,SynthID,415,248.0,1.890637755393982,6.623591565564727
synthid,SynthID,416,249.0,1.8796205520629883,6.551018620020556
synthid,SynthID,417,67.0,4.126715183258057,61.97401493607698
synthid,SynthID,418,235.0,1.8250315189361572,6.202990527686164
synthid,SynthID,419,249.0,1.467471718788147,4.338252940465418
synthid,SynthID,420,84.0,2.634922742843628,13.942235284101983
synthid,SynthID,421,249.0,1.0260721445083618,2.7900852321053518
synthid,SynthID,422,247.0,1.8345574140548706,6.262361898642581
synthid,SynthID,423,249.0,2.0929603576660156,8.108884866831804
synthid,SynthID,424,249.0,1.465132236480713,4.328115537227435
synthid,SynthID,425,250.0,2.169800043106079,8.756532936546483
synthid,SynthID,426,249.0,1.7346603870391846,5.667002889330334
synthid,SynthID,427,249.0,1.3068987131118774,3.6946976088139882
synthid,SynthID,428,249.0,0.7555981278419495,2.1288844877040276
synthid,SynthID,429,206.0,1.7051299810409546,5.502100789522378
synthid,SynthID,430,249.0,1.6325455904006958,5.116883643699244
synthid,SynthID,431,249.0,2.0211546421051025,7.547034028008208
synthid,SynthID,432,251.0,1.6441653966903687,5.176687622880123
synthid,SynthID,433,250.0,2.02146577835083,7.549382549178144
synthid,SynthID,434,249.0,2.157148599624634,8.646447990082349
synthid,SynthID,435,249.0,2.3027091026306152,10.001240173260824
synthid,SynthID,436,83.0,3.0453009605407715,21.016355344842815
synthid,SynthID,437,249.0,1.653472900390625,5.225094586626322
synthid,SynthID,438,248.0,2.1879186630249023,8.916635265351678
synthid,SynthID,439,249.0,1.568615436553955,4.799997689473083
synthid,SynthID,440,250.0,2.0704126358032227,7.9280938583680305
synthid,SynthID,441,207.0,1.921477198600769,6.831041825323614
synthid,SynthID,442,206.0,1.9834215641021729,7.267566938716444
synthid,SynthID,443,249.0,1.7596688270568848,5.81051279110987
synthid,SynthID,444,250.0,0.637664258480072,1.8920563594523387
synthid,SynthID,445,249.0,1.925426959991455,6.858076165033024
synthid,SynthID,446,249.0,1.9004640579223633,6.688997804577531
synthid,SynthID,447,250.0,1.9522024393081665,7.044184898087767
synthid,SynthID,448,249.0,1.539546251296997,4.662474199321318
synthid,SynthID,449,250.0,2.139345169067383,8.493873756113693
synthid,SynthID,450,249.0,2.0368287563323975,7.666259033717615
synthid,SynthID,451,209.0,2.3385722637176514,10.366425470318546
synthid,SynthID,452,250.0,1.5932801961898804,4.919860597148417
synthid,SynthID,453,210.0,1.9049246311187744,6.7189012124837655
synthid,SynthID,454,249.0,1.7229496240615845,5.601025041196591
synthid,SynthID,455,249.0,1.5872788429260254,4.890423196169222
synthid,SynthID,456,245.0,2.0433998107910156,7.716800312209736
synthid,SynthID,457,249.0,1.466759443283081,4.335164009376714
synthid,SynthID,458,249.0,1.7750228643417358,5.900416043905535
synthid,SynthID,459,249.0,1.6257356405258179,5.0821563025042895
synthid,SynthID,460,249.0,1.625911831855774,5.083051813270572
synthid,SynthID,461,248.0,1.9208152294158936,6.8265213824966535
synthid,SynthID,462,151.0,1.6683658361434937,5.303493933754661
synthid,SynthID,463,249.0,1.9908758401870728,7.32194380744629
synthid,SynthID,464,248.0,1.6476576328277588,5.19479744194584
synthid,SynthID,465,249.0,1.640178918838501,5.156091951694523
synthid,SynthID,466,249.0,1.4157699346542358,4.1196571119956
synthid,SynthID,467,250.0,2.2847325801849365,9.823058992127057
synthid,SynthID,468,249.0,1.683430790901184,5.383995685042079
synthid,SynthID,469,84.0,2.293346405029297,9.908038575903932
synthid,SynthID,470,246.0,1.0885913372039795,2.970087272918657
synthid,SynthID,471,251.0,1.5696558952331543,4.804994487759529
synthid,SynthID,472,243.0,0.9676861763000488,2.631847776989042
synthid,SynthID,473,249.0,2.0838565826416016,8.035398412915091
synthid,SynthID,474,249.0,1.7453405857086182,5.727851967768845
synthid,SynthID,475,145.0,1.4279227256774902,4.170027896837786
synthid,SynthID,476,249.0,1.9705592393875122,7.174687734592909
synthid,SynthID,477,249.0,1.492974877357483,4.450314987395495
synthid,SynthID,478,249.0,2.0600664615631104,7.846491283064914
synthid,SynthID,479,249.0,1.754265308380127,5.779200251855532
synthid,SynthID,480,249.0,1.8082098960876465,6.099518880915529
synthid,SynthID,481,126.0,2.374785900115967,10.748711641788951
synthid,SynthID,482,248.0,1.7292896509170532,5.636648497885528
synthid,SynthID,483,250.0,1.036983609199524,2.82069584822138
synthid,SynthID,484,251.0,1.023806095123291,2.7837699192886234
synthid,SynthID,485,87.0,2.0970587730407715,8.142186640879366
synthid,SynthID,486,85.0,1.6038645505905151,4.97221070262031
synthid,SynthID,487,250.0,1.6671843528747559,5.297231644529511
synthid,SynthID,488,249.0,1.8639657497406006,6.449262284308489
synthid,SynthID,489,219.0,2.0004191398620605,7.39215379602353
synthid,SynthID,490,249.0,2.1193125247955322,8.325412005528904
synthid,SynthID,491,249.0,1.7013843059539795,5.481530256985178
synthid,SynthID,492,247.0,1.696801781654358,5.456468478345351
synthid,SynthID,493,249.0,1.7799701690673828,5.9296795280823105
synthid,SynthID,494,249.0,1.502530574798584,4.493044681806724
synthid,SynthID,495,249.0,1.9554518461227417,7.067111549334279
synthid,SynthID,496,249.0,1.6555049419403076,5.2357229909497365
synthid,SynthID,497,249.0,1.8029820919036865,6.067714995266116
synthid,SynthID,498,249.0,1.936477541923523,6.934282182518855
synthid,SynthID,499,184.0,1.6373080015182495,5.141310466369334
dbsf,DBSF,0,249.0,1.2806315422058105,3.598911872757977
dbsf,DBSF,1,249.0,1.9977385997772217,7.37236536514989
dbsf,DBSF,2,249.0,1.1948660612106323,3.3031153256042125
dbsf,DBSF,3,250.0,2.2446606159210205,9.437212173340903
dbsf,DBSF,4,250.0,1.3335843086242676,3.7946201310756584
dbsf,DBSF,5,252.0,2.051964044570923,7.783172602342406
dbsf,DBSF,6,249.0,0.9223609566688538,2.51522171486192
dbsf,DBSF,7,251.0,2.1068027019500732,8.221911313664716
dbsf,DBSF,8,250.0,1.9017729759216309,6.69775888671922
dbsf,DBSF,9,249.0,1.5700242519378662,4.80676476572206
dbsf,DBSF,10,249.0,1.8161673545837402,6.148249176772036
dbsf,DBSF,11,249.0,1.4572917222976685,4.294313571528397
dbsf,DBSF,12,106.0,2.842395067214966,17.156808076243326
dbsf,DBSF,13,249.0,2.135897159576416,8.464637231659959
dbsf,DBSF,14,249.0,1.7665667533874512,5.8507318348130015
dbsf,DBSF,15,249.0,1.5421923398971558,4.674827856376091
dbsf,DBSF,16,249.0,2.0516879558563232,7.781024052831903
dbsf,DBSF,17,249.0,1.245176911354065,3.47354925528527
dbsf,DBSF,18,249.0,1.93366277217865,6.914791218985107
dbsf,DBSF,19,249.0,2.0782485008239746,7.990461364275572
dbsf,DBSF,20,189.0,1.9337522983551025,6.915410301515543
dbsf,DBSF,21,249.0,2.0658457279205322,7.89196953504601
dbsf,DBSF,22,249.0,1.5001617670059204,4.482414118403286
dbsf,DBSF,23,249.0,2.034346342086792,7.647251804750605
dbsf,DBSF,24,249.0,1.544294834136963,4.68466699475762
dbsf,DBSF,25,250.0,2.0666000843048096,7.897925138690688
dbsf,DBSF,26,250.0,1.1442646980285645,3.140131562816481
dbsf,DBSF,27,249.0,1.7963625192642212,6.027681962067986
dbsf,DBSF,28,231.0,1.5486478805541992,4.705104017016583
dbsf,DBSF,29,249.0,1.2434215545654297,3.4674572853739702
dbsf,DBSF,30,247.0,2.5596632957458496,12.931462504004948
dbsf,DBSF,31,250.0,1.7225773334503174,5.598940220263991
dbsf,DBSF,32,131.0,1.6330194473266602,5.11930888901743
dbsf,DBSF,33,249.0,1.693892478942871,5.440617029318585
dbsf,DBSF,34,250.0,1.812247633934021,6.124196927358881
dbsf,DBSF,35,249.0,1.2236639261245728,3.3996209024444775
dbsf,DBSF,36,249.0,1.1985149383544922,3.315190003730702
dbsf,DBSF,37,249.0,1.668777585029602,5.305678091105687
dbsf,DBSF,38,249.0,1.6167948246002197,5.036920203655565
dbsf,DBSF,39,249.0,1.7890151739120483,5.983556800920758
dbsf,DBSF,40,52.0,2.8869071006774902,17.93774408005097
dbsf,DBSF,41,249.0,1.064601182937622,2.899682310643458
dbsf,DBSF,42,250.0,1.6146093606948853,5.025924216399685
dbsf,DBSF,43,249.0,1.0396054983139038,2.8281011035978754
dbsf,DBSF,44,249.0,1.6899925470352173,5.419440314082887
dbsf,DBSF,45,249.0,2.269775867462158,9.677231588509692
dbsf,DBSF,46,249.0,1.7842644453048706,5.955197962363615
dbsf,DBSF,47,249.0,2.389948844909668,10.912935676552687
dbsf,DBSF,48,249.0,1.602376103401184,4.964815334747849
dbsf,DBSF,49,249.0,1.6527656316757202,5.221400347256745
dbsf,DBSF,50,249.0,1.1261721849441528,3.083829549696129
dbsf,DBSF,51,249.0,2.1769402027130127,8.819279723775749
dbsf,DBSF,52,249.0,1.514144778251648,4.5455320262143175
dbsf,DBSF,53,249.0,2.118537187576294,8.318959505490483
dbsf,DBSF,54,250.0,2.0090813636779785,7.456464421076581
dbsf,DBSF,55,250.0,1.686736822128296,5.401824798467217
dbsf,DBSF,56,249.0,2.0080907344818115,7.449081487199576
dbsf,DBSF,57,250.0,2.147566318511963,8.563990988831426
dbsf,DBSF,58,249.0,1.7021533250808716,5.485747279875243
dbsf,DBSF,59,249.0,2.251554489135742,9.502495887836542
dbsf,DBSF,60,248.0,1.3652011156082153,3.9165106442118156
dbsf,DBSF,61,249.0,2.020419120788574,7.541485064544661
dbsf,DBSF,62,108.0,2.19888973236084,9.014998879485686
dbsf,DBSF,63,250.0,2.088582992553711,8.073466892373503
dbsf,DBSF,64,249.0,1.6190545558929443,5.048315159779269
dbsf,DBSF,65,249.0,1.9696282148361206,7.168011032732396
dbsf,DBSF,66,250.0,1.7452590465545654,5.72738494260553
dbsf,DBSF,67,249.0,2.194478988647461,8.975323592934656
dbsf,DBSF,68,249.0,1.894017219543457,6.646013621729028
dbsf,DBSF,69,249.0,2.144421100616455,8.537097685935084
dbsf,DBSF,70,249.0,1.6526074409484863,5.220574435466149
dbsf,DBSF,71,249.0,1.4512192010879517,4.2683152787678695
dbsf,DBSF,72,249.0,2.033090829849243,7.6376566112279844
dbsf,DBSF,73,74.0,2.2740869522094727,9.719041011235552
dbsf,DBSF,74,250.0,2.190950393676758,8.943709121379456
dbsf,DBSF,75,249.0,2.178931474685669,8.836858804865797
dbsf,DBSF,76,249.0,1.0490102767944336,2.854824233585544
dbsf,DBSF,77,119.0,1.8306407928466797,6.23788256864109
dbsf,DBSF,78,249.0,1.9119139909744263,6.766026526939245
dbsf,DBSF,79,249.0,1.288888931274414,3.6287525216835217
dbsf,DBSF,80,250.0,1.711368203163147,5.536531397619954
dbsf,DBSF,81,249.0,2.1907801628112793,8.942186755615632
dbsf,DBSF,82,249.0,1.3904950618743896,4.01683814426032
dbsf,DBSF,83,249.0,1.3063759803771973,3.6927667741283305
dbsf,DBSF,84,249.0,1.5846095085144043,4.8773864287312225
dbsf,DBSF,85,249.0,1.2982466220855713,3.6628686409076137
dbsf,DBSF,86,249.0,1.5170859098434448,4.558920713352203
dbsf,DBSF,87,248.0,1.9418598413467407,6.971705186072813
dbsf,DBSF,88,249.0,2.1556270122528076,8.633301668184576
dbsf,DBSF,89,93.0,2.345810651779175,10.441733907720138
dbsf,DBSF,90,250.0,2.090250253677368,8.086938697243856
dbsf,DBSF,91,249.0,1.9700907468795776,7.1713272343885315
dbsf,DBSF,92,111.0,0.9439554810523987,2.5701274292724268
dbsf,DBSF,93,249.0,1.805859923362732,6.0852020066309045
dbsf,DBSF,94,249.0,1.9223703145980835,6.837145463278767
dbsf,DBSF,95,249.0,1.8535746335983276,6.382594228509818
dbsf,DBSF,96,249.0,2.218640089035034,9.19481822564636
dbsf,DBSF,97,247.0,2.1401374340057373,8.500605820918793
dbsf,DBSF,98,250.0,2.1049985885620117,8.207091425787022
dbsf,DBSF,99,251.0,1.976121187210083,7.214704154876964
dbsf,DBSF,100,249.0,2.3021695613861084,9.995845547133644
dbsf,DBSF,101,249.0,1.923445701599121,6.844501995484775
dbsf,DBSF,102,249.0,0.9530843496322632,2.5936972038103923
dbsf,DBSF,103,249.0,1.8327622413635254,6.251129962227957
dbsf,DBSF,104,250.0,1.7576487064361572,5.798786702448038
dbsf,DBSF,105,249.0,1.3787577152252197,3.969966733628077
dbsf,DBSF,106,249.0,1.6444997787475586,5.178418903775394
dbsf,DBSF,107,249.0,1.572695255279541,4.8196208121021735
dbsf,DBSF,108,251.0,2.1149942874908447,8.2895384119199
dbsf,DBSF,109,250.0,1.7624355554580688,5.826611161514652
dbsf,DBSF,110,249.0,2.129443407058716,8.410184459174026
dbsf,DBSF,111,250.0,2.1091904640197754,8.241566738540298
dbsf,DBSF,112,249.0,2.2275583744049072,9.27718698662663
dbsf,DBSF,113,249.0,1.2469288110733032,3.479639898790929
dbsf,DBSF,114,249.0,2.164098024368286,8.706745102142525
dbsf,DBSF,115,249.0,1.700400948524475,5.476142602910901
dbsf,DBSF,116,249.0,1.501143217086792,4.486815543638565
dbsf,DBSF,117,249.0,1.689876675605774,5.418812392166719
dbsf,DBSF,118,96.0,2.94878888130188,19.082828157158467
dbsf,DBSF,119,250.0,1.600865125656128,4.95731927388546
dbsf,DBSF,120,249.0,2.0178709030151367,7.522292182472294
dbsf,DBSF,121,249.0,1.5352057218551636,4.642280450273023
dbsf,DBSF,122,84.0,1.7394850254058838,5.694410190890107
dbsf,DBSF,123,249.0,1.5205528736114502,4.574753756721238
dbsf,DBSF,124,246.0,2.1430583000183105,8.52547124815986
dbsf,DBSF,125,249.0,1.0367385149002075,2.8200045964632685
dbsf,DBSF,126,249.0,1.7574883699417114,5.797857019849144
dbsf,DBSF,127,249.0,2.025386333465576,7.579038415287206
dbsf,DBSF,128,249.0,0.9035738706588745,2.468409140981241
dbsf,DBSF,129,249.0,2.4535117149353027,11.629113227756335
dbsf,DBSF,130,250.0,1.893560767173767,6.642980725301437
dbsf,DBSF,131,249.0,1.8677691221237183,6.473837935924229
dbsf,DBSF,132,250.0,1.8742167949676514,6.515713981426237
dbsf,DBSF,133,166.0,1.879988670349121,6.553430613689632
dbsf,DBSF,134,250.0,2.2978968620300293,9.953227416367103
dbsf,DBSF,135,249.0,1.9380688667297363,6.9453256623203945
dbsf,DBSF,136,249.0,2.2405900955200195,9.398875885914029
dbsf,DBSF,137,130.0,2.558962345123291,12.922401363389254
dbsf,DBSF,138,249.0,1.5287712812423706,4.612505866530513
dbsf,DBSF,139,249.0,2.0117037296295166,7.476043660238121
dbsf,DBSF,140,249.0,1.0223535299301147,2.779729247378207
dbsf,DBSF,141,96.0,2.2219154834747314,9.224984257995029
dbsf,DBSF,142,249.0,1.2743542194366455,3.576391100345744
dbsf,DBSF,143,250.0,1.6550583839416504,5.233385458930029
dbsf,DBSF,144,249.0,1.4463955163955688,4.2477758493867865
dbsf,DBSF,145,249.0,1.8792994022369385,6.54891509932102
dbsf,DBSF,146,169.0,2.290729284286499,9.882141944713016
dbsf,DBSF,147,226.0,0.9450329542160034,2.5728981650331684
dbsf,DBSF,148,251.0,1.2371140718460083,3.4456551889212372
dbsf,DBSF,149,250.0,1.4177825450897217,4.127956726033202
dbsf,DBSF,150,249.0,2.1060140132904053,8.215429341915636
dbsf,DBSF,151,250.0,2.1414687633514404,8.511930463646348
dbsf,DBSF,152,155.0,2.1194169521331787,8.326281451535626
dbsf,DBSF,153,249.0,1.5020314455032349,4.490802631163848
dbsf,DBSF,154,249.0,1.0149545669555664,2.759238033944283
dbsf,DBSF,155,249.0,1.9631342887878418,7.121613313903388
dbsf,DBSF,156,249.0,1.9250404834747314,6.855426191754542
dbsf,DBSF,157,250.0,2.044346809387207,7.724111572602754
dbsf,DBSF,158,249.0,1.5067129135131836,4.511875467438825
dbsf,DBSF,159,248.0,1.3282105922698975,3.7742836091068517
dbsf,DBSF,160,249.0,1.572378158569336,4.8180927684798265
dbsf,DBSF,161,248.0,1.7630410194396973,5.830140032902361
dbsf,DBSF,162,249.0,1.729448914527893,5.637546282368637
dbsf,DBSF,163,249.0,1.8655650615692139,6.459584918120524
dbsf,DBSF,164,249.0,1.4818332195281982,4.401006300912883
dbsf,DBSF,165,105.0,2.969015121459961,19.472731873056098
dbsf,DBSF,166,249.0,1.7746142148971558,5.898005334767425
dbsf,DBSF,167,132.0,2.3093254566192627,10.06763131000835
dbsf,DBSF,168,250.0,1.4963027238845825,4.465149622674957
dbsf,DBSF,169,249.0,1.8592671155929565,6.419030639650347
dbsf,DBSF,170,249.0,2.1280698776245117,8.398640752897286
dbsf,DBSF,171,249.0,1.329802393913269,3.780296304197745
dbsf,DBSF,172,249.0,1.6603981256484985,5.2614051278538065
dbsf,DBSF,173,249.0,1.5731024742126465,4.821583852613755
dbsf,DBSF,174,249.0,1.3159207105636597,3.7281819820654705
dbsf,DBSF,175,248.0,1.6398558616638184,5.15442650822742
dbsf,DBSF,176,122.0,2.321608781814575,10.192057921145334
dbsf,DBSF,177,249.0,1.4952750205993652,4.460563130918748
dbsf,DBSF,178,251.0,2.0524117946624756,7.786658298889916
dbsf,DBSF,179,248.0,2.103829860687256,8.19750517221909
dbsf,DBSF,180,249.0,1.3188486099243164,3.7391137194111197
dbsf,DBSF,181,249.0,1.5152684450149536,4.550642560204585
dbsf,DBSF,182,250.0,2.080700159072876,8.010075278274522
dbsf,DBSF,183,248.0,1.3229143619537354,3.754346974939599
dbsf,DBSF,184,249.0,1.2766257524490356,3.5845242246283986
dbsf,DBSF,185,249.0,2.3822989463806152,10.829771330946505
dbsf,DBSF,186,250.0,2.2369987964630127,9.365182249982926
dbsf,DBSF,187,249.0,1.3065266609191895,3.6933232441508568
dbsf,DBSF,188,249.0,1.7585631608963013,5.804091854101618
dbsf,DBSF,189,246.0,1.8932538032531738,6.640941882835121
dbsf,DBSF,190,249.0,1.4024794101715088,4.065266945817795
dbsf,DBSF,191,104.0,2.291870355606079,9.893424609400478
dbsf,DBSF,192,250.0,2.2445425987243652,9.436098485734401
dbsf,DBSF,193,249.0,2.3880412578582764,10.89213814462139
dbsf,DBSF,194,249.0,1.169475793838501,3.220304092746797
dbsf,DBSF,195,249.0,1.9980194568634033,7.374436237000516
dbsf,DBSF,196,249.0,1.7728897333145142,5.8878430980067655
dbsf,DBSF,197,250.0,2.1166021823883057,8.302877839759812
dbsf,DBSF,198,77.0,2.716649055480957,15.12953896083338
dbsf,DBSF,199,249.0,1.9749150276184082,7.206007316201517
dbsf,DBSF,200,249.0,1.7294403314590454,5.63749789512842
dbsf,DBSF,201,250.0,1.3263658285140991,3.7673273657862083
dbsf,DBSF,202,249.0,2.3921267986297607,10.93672944686641
dbsf,DBSF,203,250.0,2.2904767990112305,9.87964716434477
dbsf,DBSF,204,249.0,1.888312816619873,6.608210008228159
dbsf,DBSF,205,249.0,1.4313244819641113,4.184237470501811
dbsf,DBSF,206,249.0,1.9370144605636597,6.938006327570599
dbsf,DBSF,207,231.0,2.3405332565307617,10.386773901206038
dbsf,DBSF,209,247.0,2.227975606918335,9.28105853828305
dbsf,DBSF,210,249.0,1.9076693058013916,6.737367741250938
dbsf,DBSF,211,248.0,2.0652236938476562,7.887061987582219
dbsf,DBSF,212,250.0,1.9797004461288452,7.24057371838438
dbsf,DBSF,213,220.0,1.808082938194275,6.098744548002705
dbsf,DBSF,214,76.0,2.7695648670196533,15.951691392405527
dbsf,DBSF,215,249.0,1.6297645568847656,5.102673187824845
dbsf,DBSF,216,250.0,1.9470196962356567,7.007771140688773
dbsf,DBSF,217,250.0,1.9494038820266724,7.024498902190878
dbsf,DBSF,218,249.0,1.967996597290039,7.156325116226587
dbsf,DBSF,219,249.0,2.345338821411133,10.436808342674425
dbsf,DBSF,220,250.0,2.3805930614471436,10.811312735796054
dbsf,DBSF,221,249.0,1.4391881227493286,4.217270520728935
dbsf,DBSF,222,249.0,1.0924675464630127,2.9816222943416997
dbsf,DBSF,223,249.0,1.579480767250061,4.852435613521949
dbsf,DBSF,224,250.0,2.1444883346557617,8.537671688792514
dbsf,DBSF,225,250.0,2.0340471267700195,7.644963972173751
dbsf,DBSF,226,249.0,1.5117347240447998,4.534590238079593
dbsf,DBSF,227,250.0,2.1858391761779785,8.8981125051914
dbsf,DBSF,228,249.0,2.0110888481140137,7.471448192161323
dbsf,DBSF,229,250.0,2.150804281234741,8.591765815070602
dbsf,DBSF,230,249.0,1.7172319889068604,5.569091801819605
dbsf,DBSF,231,249.0,2.389115810394287,10.903848609915558
dbsf,DBSF,232,250.0,1.7710686922073364,5.877130850374647
dbsf,DBSF,233,249.0,1.2843021154403687,3.612146216306284
dbsf,DBSF,234,249.0,1.963706612586975,7.125690349272058
dbsf,DBSF,235,238.0,0.9739964604377747,2.6485079943380376
dbsf,DBSF,236,250.0,1.6142282485961914,5.024009140826112
dbsf,DBSF,237,249.0,1.9681698083877563,7.157564778514124
dbsf,DBSF,238,249.0,1.8408710956573486,6.302025537786663
dbsf,DBSF,239,249.0,1.4990932941436768,4.477627338288156
dbsf,DBSF,240,250.0,1.711732268333435,5.538547422826046
dbsf,DBSF,241,249.0,1.3144322633743286,3.722636907871747
dbsf,DBSF,242,248.0,1.2210134267807007,3.390622140347786
dbsf,DBSF,243,171.0,2.812893867492676,16.658054737936894
dbsf,DBSF,244,249.0,1.5881972312927246,4.894916566954725
dbsf,DBSF,245,249.0,2.2916934490203857,9.891674552234898
dbsf,DBSF,246,249.0,1.8405057191848755,6.299723346535101
dbsf,DBSF,247,249.0,1.9775444269180298,7.224979718872098
dbsf,DBSF,248,250.0,1.9191228151321411,6.814977851174534
dbsf,DBSF,249,249.0,1.9047460556030273,6.717701488358358
dbsf,DBSF,250,250.0,1.6081279516220093,4.99345448406024
dbsf,DBSF,251,249.0,1.9080525636672974,6.739950385310984
dbsf,DBSF,252,249.0,2.5076637268066406,12.276215937342545
dbsf,DBSF,253,249.0,1.8946563005447388,6.650262320255583
dbsf,DBSF,254,249.0,1.4061328172683716,4.080146184336182
dbsf,DBSF,255,249.0,2.031106472015381,7.622515794866226
dbsf,DBSF,256,250.0,1.9188669919967651,6.81323464515885
dbsf,DBSF,257,249.0,1.259541630744934,3.523805912837558
dbsf,DBSF,258,153.0,1.7888076305389404,5.982315082218813
dbsf,DBSF,259,249.0,1.2780048847198486,3.589471168122709
dbsf,DBSF,260,249.0,2.113264560699463,8.275212169055619
dbsf,DBSF,261,249.0,2.396416425704956,10.983744704483216
dbsf,DBSF,262,179.0,1.9240310192108154,6.8485093757267155
dbsf,DBSF,263,249.0,1.8918616771697998,6.631703286559325
dbsf,DBSF,264,134.0,2.0319855213165283,7.62921930797628
dbsf,DBSF,265,251.0,2.133517265319824,8.444516242538354
dbsf,DBSF,266,249.0,2.161616325378418,8.685164371132675
dbsf,DBSF,267,249.0,2.086932420730591,8.060152046983273
dbsf,DBSF,268,249.0,2.1122629642486572,8.266927895359556
dbsf,DBSF,269,249.0,1.560370683670044,4.760585589448694
dbsf,DBSF,270,249.0,2.139305591583252,8.49353759661212
dbsf,DBSF,271,219.0,2.2959845066070557,9.934211496335486
dbsf,DBSF,272,241.0,1.2292436361312866,3.4186428202544414
dbsf,DBSF,273,250.0,1.545863151550293,4.692019803843322
dbsf,DBSF,274,249.0,2.0088412761688232,7.4546744319922285
dbsf,DBSF,275,250.0,1.644698977470398,5.179450540954346
dbsf,DBSF,276,252.0,2.26981520652771,9.677612289245667
dbsf,DBSF,277,250.0,1.0925122499465942,2.981755586224265
dbsf,DBSF,278,249.0,1.7457014322280884,5.729919216172719
dbsf,DBSF,279,249.0,2.414034366607666,11.17897035690274
dbsf,DBSF,280,250.0,1.9604469537734985,7.102500845391396
dbsf,DBSF,281,249.0,1.7682862281799316,5.860800674798009
dbsf,DBSF,282,250.0,2.1126368045806885,8.270018984179671
dbsf,DBSF,283,250.0,1.3361223936080933,3.8042634320315947
dbsf,DBSF,284,249.0,2.2545061111450195,9.530585097814413
dbsf,DBSF,285,249.0,1.6665611267089844,5.293931299699938
dbsf,DBSF,286,249.0,1.2728214263916016,3.570913432079149
dbsf,DBSF,287,249.0,1.8516685962677002,6.37044035219458
dbsf,DBSF,288,249.0,1.6047751903533936,4.9767406576610735
dbsf,DBSF,289,249.0,1.840811014175415,6.301646914127418
dbsf,DBSF,290,249.0,2.408592700958252,11.11830335239748
dbsf,DBSF,291,249.0,1.6862231492996216,5.399050740383114
dbsf,DBSF,292,250.0,2.245469808578491,9.44485178668121
dbsf,DBSF,293,248.0,1.8748629093170166,6.519925238056161
dbsf,DBSF,294,251.0,1.6697381734848022,5.310777112865644
dbsf,DBSF,295,249.0,1.5277864933013916,4.607965762262344
dbsf,DBSF,296,249.0,2.1437249183654785,8.53115637840767
dbsf,DBSF,297,249.0,1.6756341457366943,5.342181796956711
dbsf,DBSF,298,249.0,2.0616910457611084,7.859248928942149
dbsf,DBSF,299,169.0,2.8261756896972656,16.880779882952556
dbsf,DBSF,300,249.0,2.056469678878784,7.818319852712492
dbsf,DBSF,301,249.0,2.179868459701538,8.845142689485124
dbsf,DBSF,302,249.0,0.5654730200767517,1.7602802337145333
dbsf,DBSF,303,249.0,0.7268303632736206,2.0685137687146766
dbsf,DBSF,304,249.0,1.0938581228256226,2.9857713519485727
dbsf,DBSF,305,102.0,2.85205340385437,17.32331711007615
dbsf,DBSF,306,249.0,1.5079954862594604,4.51766598853645
dbsf,DBSF,307,249.0,1.6190459728240967,5.048271829928639
dbsf,DBSF,308,249.0,2.237626791000366,9.371065380370762
dbsf,DBSF,309,120.0,2.278203248977661,9.759129920658955
dbsf,DBSF,310,251.0,1.901056170463562,6.692959616869294
dbsf,DBSF,311,249.0,2.227205276489258,9.2739118095017
dbsf,DBSF,312,145.0,1.129587173461914,3.094378794722157
dbsf,DBSF,313,249.0,1.5713462829589844,4.813123660255324
dbsf,DBSF,314,249.0,1.2834268808364868,3.608986124056265
dbsf,DBSF,315,249.0,1.8033829927444458,6.070148034980453
dbsf,DBSF,316,249.0,2.0216727256774902,7.550945035385227
dbsf,DBSF,317,250.0,1.658992886543274,5.254016788027552
dbsf,DBSF,318,249.0,1.6013197898864746,4.959573702102802
dbsf,DBSF,319,249.0,2.0650312900543213,7.885544632914618
dbsf,DBSF,320,249.0,1.6556320190429688,5.236388373734326
dbsf,DBSF,321,248.0,2.0247745513916016,7.574403113488617
dbsf,DBSF,322,89.0,2.5940892696380615,13.384392236629568
dbsf,DBSF,323,249.0,1.6231424808502197,5.068994532376826
dbsf,DBSF,324,249.0,1.9453989267349243,6.996422358320335
dbsf,DBSF,325,249.0,2.35642671585083,10.553174507559126
dbsf,DBSF,326,249.0,2.0155274868011475,7.504684959588969
dbsf,DBSF,327,249.0,1.2539594173431396,3.5041900770738064
dbsf,DBSF,328,249.0,2.0736136436462402,7.953512409775895
dbsf,DBSF,329,249.0,1.7828137874603271,5.946565270778478
dbsf,DBSF,330,250.0,1.7133656740188599,5.547601510161314
dbsf,DBSF,331,249.0,1.937412142753601,6.940765997820258
dbsf,DBSF,332,249.0,0.7344902753829956,2.0844192418732184
dbsf,DBSF,333,249.0,0.9603415131568909,2.612588554450631
dbsf,DBSF,334,249.0,2.165081739425659,8.715314272520148
dbsf,DBSF,335,249.0,1.870987892150879,6.494709303479454
dbsf,DBSF,336,249.0,1.995179533958435,7.353523116500432
dbsf,DBSF,337,248.0,2.1002614498138428,8.168305235298801
dbsf,DBSF,338,249.0,1.4746848344802856,4.36965839023186
dbsf,DBSF,339,162.0,2.393263816833496,10.949171779575755
dbsf,DBSF,340,249.0,1.123968482017517,3.077041188005677
dbsf,DBSF,341,249.0,1.1656352281570435,3.2079600226431997
dbsf,DBSF,342,146.0,1.7973277568817139,6.033502916294109
dbsf,DBSF,343,249.0,1.1986581087112427,3.315664674644823
dbsf,DBSF,344,249.0,1.1393877267837524,3.1248545146222506
dbsf,DBSF,345,78.0,1.8827828168869019,6.571767465144425
dbsf,DBSF,346,249.0,2.0294277667999268,7.609730572158973
dbsf,DBSF,347,249.0,2.439537286758423,11.467733242941915
dbsf,DBSF,348,249.0,1.8030591011047363,6.068182283142602
dbsf,DBSF,349,250.0,1.6790610551834106,5.3605203745983525
dbsf,DBSF,350,105.0,1.1641485691070557,3.2031944231320852
dbsf,DBSF,351,249.0,1.5481727123260498,4.702868832164028
dbsf,DBSF,352,250.0,1.1624338626861572,3.197706591442091
dbsf,DBSF,353,250.0,1.5651044845581055,4.783174677679702
dbsf,DBSF,354,249.0,0.9759426116943359,2.653667410372788
dbsf,DBSF,355,249.0,1.8725216388702393,6.504678185482684
dbsf,DBSF,356,249.0,1.3079564571380615,3.698607720722464
dbsf,DBSF,357,249.0,2.0502872467041016,7.770132730795391
dbsf,DBSF,358,249.0,1.456977128982544,4.292962821665324
dbsf,DBSF,359,249.0,2.1145033836364746,8.285470044232929
dbsf,DBSF,360,249.0,1.0972425937652588,2.9958937281032596
dbsf,DBSF,361,249.0,1.5569264888763428,4.744217409127863
dbsf,DBSF,362,250.0,1.0524934530258179,2.86478542772689
dbsf,DBSF,363,249.0,2.215297222137451,9.164132489911132
dbsf,DBSF,364,249.0,1.417887806892395,4.128391265069322
dbsf,DBSF,365,249.0,1.9338239431381226,6.915905772334828
dbsf,DBSF,366,250.0,1.981149673461914,7.2510745629417634
dbsf,DBSF,367,249.0,1.7553545236587524,5.78549847450558
dbsf,DBSF,368,249.0,1.8528460264205933,6.377945518289832
dbsf,DBSF,369,233.0,1.551499843597412,4.7185419529275485
dbsf,DBSF,370,249.0,2.0327932834625244,7.635384392162366
dbsf,DBSF,371,249.0,2.0078368186950684,7.447190287926077
dbsf,DBSF,372,123.0,2.529374122619629,12.545651639365438
dbsf,DBSF,373,249.0,1.9857815504074097,7.28473855157998
dbsf,DBSF,374,250.0,1.977561354637146,7.225102022334556
dbsf,DBSF,375,249.0,1.6505190134048462,5.209683020945138
dbsf,DBSF,376,249.0,1.830925464630127,6.239658570573664
dbsf,DBSF,377,249.0,1.5284082889556885,4.610831866321648
dbsf,DBSF,378,249.0,1.3070849180221558,3.6953856437064925
dbsf,DBSF,379,249.0,1.5933310985565186,4.920111036070254
dbsf,DBSF,380,249.0,0.9969311952590942,2.709952739007992
dbsf,DBSF,381,250.0,1.3680813312530518,3.9278073000354445
dbsf,DBSF,382,249.0,1.936233401298523,6.932589449173785
dbsf,DBSF,383,231.0,1.429082989692688,4.174869038106761
dbsf,DBSF,384,249.0,1.4748543500900269,4.37039917832404
dbsf,DBSF,385,249.0,1.5135602951049805,4.5428760156246835
dbsf,DBSF,386,250.0,2.243781328201294,9.42891779567504
dbsf,DBSF,387,249.0,2.0551912784576416,7.80833129536848
dbsf,DBSF,388,111.0,2.446305990219116,11.545618221431063
dbsf,DBSF,389,133.0,2.6070480346679688,13.558966118647666
dbsf,DBSF,390,249.0,1.1653999090194702,3.207205217070883
dbsf,DBSF,391,249.0,1.495858907699585,4.463168356695454
dbsf,DBSF,392,133.0,2.4376955032348633,11.446631599097488
dbsf,DBSF,393,249.0,1.4608280658721924,4.309526623168586
dbsf,DBSF,394,249.0,1.7581490278244019,5.801688685362666
dbsf,DBSF,395,249.0,1.5536524057388306,4.728709847284242
dbsf,DBSF,396,206.0,1.9233605861663818,6.8439194475278065
dbsf,DBSF,397,249.0,0.7574372291564941,2.1328033244282087
dbsf,DBSF,398,249.0,1.6141937971115112,5.0238360592336395
dbsf,DBSF,399,249.0,1.3961796760559082,4.039737344233207
dbsf,DBSF,400,249.0,2.087583303451538,8.06539996838427
dbsf,DBSF,401,249.0,2.2210679054260254,9.21716867646385
dbsf,DBSF,402,241.0,1.3223973512649536,3.752406439106269
dbsf,DBSF,403,249.0,1.5192477703094482,4.568787124869872
dbsf,DBSF,404,250.0,1.5868674516677856,4.88841173259486
dbsf,DBSF,405,100.0,2.544560194015503,12.737624770367669
dbsf,DBSF,406,249.0,1.8448470830917358,6.32713219092998
dbsf,DBSF,407,251.0,0.6482625603675842,1.9122155820045201
dbsf,DBSF,408,249.0,0.9825419187545776,2.6712376885132145
dbsf,DBSF,409,249.0,2.154442548751831,8.623081891136964
dbsf,DBSF,410,249.0,1.5967285633087158,4.9368553679245135
dbsf,DBSF,411,249.0,1.7378755807876587,5.685252724248839
dbsf,DBSF,412,248.0,2.21343994140625,9.147127919238267
dbsf,DBSF,413,250.0,1.985599160194397,7.283410007724197
dbsf,DBSF,414,197.0,2.154200315475464,8.62099334672578
dbsf,DBSF,415,249.0,2.385976552963257,10.869672294333496
dbsf,DBSF,416,249.0,1.5448883771896362,4.68744837165826
dbsf,DBSF,417,250.0,2.49290132522583,12.096320618268647
dbsf,DBSF,418,248.0,2.107269525527954,8.225750391737542
dbsf,DBSF,419,250.0,2.268008232116699,9.660140881426651
dbsf,DBSF,420,251.0,1.4831138849258423,4.406646127992145
dbsf,DBSF,421,249.0,1.2025439739227295,3.3285739662965157
dbsf,DBSF,422,247.0,2.1258633136749268,8.380129046129836
dbsf,DBSF,423,250.0,2.1038718223571777,8.19784916044242
dbsf,DBSF,424,249.0,1.7221819162368774,5.596726740576703
dbsf,DBSF,425,250.0,2.0527572631835938,7.789348808933389
dbsf,DBSF,426,249.0,1.75106942653656,5.760760092680365
dbsf,DBSF,427,249.0,2.324828624725342,10.224927635850038
dbsf,DBSF,428,249.0,1.7064497470855713,5.509367069158325
dbsf,DBSF,429,139.0,1.6158530712127686,5.032178899911304
dbsf,DBSF,430,249.0,2.1064741611480713,8.219210524011828
dbsf,DBSF,431,249.0,1.8164798021316528,6.1501704822892425
dbsf,DBSF,432,251.0,1.1418424844741821,3.1325346979113635
dbsf,DBSF,433,250.0,2.1971728801727295,8.999534737555068
dbsf,DBSF,434,250.0,1.51535165309906,4.551021226207291
dbsf,DBSF,435,249.0,1.5587390661239624,4.752824467784259
dbsf,DBSF,436,248.0,1.8324978351593018,6.249477343173528
dbsf,DBSF,437,249.0,2.0303971767425537,7.617111097435638
dbsf,DBSF,438,249.0,1.8425558805465698,6.312652044359449
dbsf,DBSF,439,249.0,1.650563359260559,5.209914053919334
dbsf,DBSF,440,249.0,0.7978313565254211,2.2207197532750764
dbsf,DBSF,441,249.0,1.380942463874817,3.9786495945689744
dbsf,DBSF,442,250.0,2.037104368209839,7.668372236961429
dbsf,DBSF,443,249.0,0.7916703224182129,2.2070798841276553
dbsf,DBSF,444,250.0,1.1580365896224976,3.1836762725612258
dbsf,DBSF,445,249.0,1.3431247472763062,3.830995715250306
dbsf,DBSF,446,249.0,1.6823999881744385,5.3784487070203495
dbsf,DBSF,447,250.0,2.1210875511169434,8.340202954253451
dbsf,DBSF,448,250.0,1.7135268449783325,5.548495694475815
dbsf,DBSF,449,157.0,2.3680317401885986,10.676357744301852
dbsf,DBSF,450,249.0,1.504963994026184,4.503991456770434
dbsf,DBSF,451,250.0,0.9087316989898682,2.481173661886785
dbsf,DBSF,452,250.0,1.7314809560775757,5.649013657798422
dbsf,DBSF,453,249.0,2.084578037261963,8.041197679928983
dbsf,DBSF,454,249.0,1.6421459913253784,5.166244340281028
dbsf,DBSF,455,249.0,1.4733701944351196,4.363917636667431
dbsf,DBSF,456,249.0,2.4385459423065186,11.456370402390657
dbsf,DBSF,457,249.0,1.407304048538208,4.084927778762627
dbsf,DBSF,458,249.0,1.9007920026779175,6.691191786060154
dbsf,DBSF,459,249.0,1.7695624828338623,5.868285324078285
dbsf,DBSF,460,249.0,2.347902297973633,10.463597177853698
dbsf,DBSF,461,248.0,2.275296688079834,9.730805598359126
dbsf,DBSF,462,249.0,2.1076154708862305,8.228596544182132
dbsf,DBSF,463,249.0,2.1049611568450928,8.206784226013587
dbsf,DBSF,464,249.0,1.4507359266281128,4.266253009368303
dbsf,DBSF,465,249.0,2.1162919998168945,8.300302831143407
dbsf,DBSF,466,249.0,1.0932732820510864,2.984025661643704
dbsf,DBSF,467,250.0,2.483497142791748,11.983097830706217
dbsf,DBSF,468,249.0,2.2336068153381348,9.333469543416957
dbsf,DBSF,469,249.0,1.8976094722747803,6.669930714716
dbsf,DBSF,470,105.0,1.9369704723358154,6.937701143679775
dbsf,DBSF,471,251.0,1.520214319229126,4.573205215936272
dbsf,DBSF,472,243.0,1.1769803762435913,3.2445620392113663
dbsf,DBSF,473,249.0,1.3245567083358765,3.760517979187355
dbsf,DBSF,474,249.0,2.2480525970458984,9.46927737043206
dbsf,DBSF,475,249.0,1.4109970331192017,4.100041243784096
dbsf,DBSF,476,249.0,1.6781212091445923,5.355484677518931
dbsf,DBSF,477,249.0,1.0206440687179565,2.7749814672786606
dbsf,DBSF,478,249.0,1.5640491247177124,4.778129369991135
dbsf,DBSF,479,166.0,2.060164451599121,7.84726019870072
dbsf,DBSF,480,249.0,1.8461472988128662,6.335364178194203
dbsf,DBSF,481,249.0,0.9057136178016663,2.4736965672481395
dbsf,DBSF,482,249.0,1.9755403995513916,7.210515160318623
dbsf,DBSF,483,250.0,1.5271986722946167,4.605257899136173
dbsf,DBSF,484,249.0,0.8991907238960266,2.457613418347846
dbsf,DBSF,485,87.0,2.1068761348724365,8.222515094808326
dbsf,DBSF,486,104.0,2.157640218734741,8.650699794197266
dbsf,DBSF,487,249.0,1.6186140775680542,5.0460919760422405
dbsf,DBSF,488,249.0,1.7559208869934082,5.788776096789177
dbsf,DBSF,489,249.0,1.7653661966323853,5.843711913936525
dbsf,DBSF,490,249.0,1.8158926963806152,6.146560741582681
dbsf,DBSF,491,249.0,1.3132338523864746,3.718178331034912
dbsf,DBSF,492,92.0,2.4588875770568848,11.69179807865741
dbsf,DBSF,493,248.0,2.027042865753174,7.591603741692144
dbsf,DBSF,494,187.0,2.017669439315796,7.520776866307417
dbsf,DBSF,495,249.0,1.968048095703125,7.15669366510336
dbsf,DBSF,496,249.0,1.9832217693328857,7.26611506190017
dbsf,DBSF,497,249.0,1.315274715423584,3.72577437235955
dbsf,DBSF,498,249.0,2.201124668121338,9.035169354324205
dbsf,DBSF,499,250.0,1.6423484086990356,5.167290183736932
